board_name,instance_id,ref_des,wacv_type,raw_annotation,kicad_class,kicad_footprint,box_x1,box_y1,box_x2,box_y2,confidence,num_polygon_points,polygon_points_compact,polygon_points_json
ACM-109_Bottom,1,J1,connector,connector CNA,Connector,Connector_PinHeader_2.54mm:PinHeader_1x04_P2.54mm_Vert,79,12,495,111,0.898,19,"(82.0,24.0); (83.0,100.0); (159.0,87.0); (181.0,93.0); (200.0,87.0); (223.0,93.0); (236.0,87.0); (258.0,93.0); (444.0,88.0); (455.0,100.0); (486.0,100.0); (486.0,30.0); (456.0,24.0); (442.0,33.0); (440.0,16.0); (447.0,15.0); (136.0,15.0); (128.0,34.0); (113.0,24.0)","[[82.0, 24.0], [83.0, 100.0], [159.0, 87.0], [181.0, 93.0], [200.0, 87.0], [223.0, 93.0], [236.0, 87.0], [258.0, 93.0], [444.0, 88.0], [455.0, 100.0], [486.0, 100.0], [486.0, 30.0], [456.0, 24.0], [442.0, 33.0], [440.0, 16.0], [447.0, 15.0], [136.0, 15.0], [128.0, 34.0], [113.0, 24.0]]"
ACM-109_Bottom,2,R1,resistor,resistor R10,Resistor_SMD,Resistor_SMD:R_0805_2012Metric,58,175,74,199,0.928,16,"(59.0,172.0); (58.0,173.0); (58.0,187.0); (59.0,188.0); (59.0,190.0); (58.0,191.0); (58.0,198.0); (71.0,198.0); (71.0,190.0); (73.0,187.0); (73.0,182.0); (71.0,179.0); (71.0,174.0); (70.0,173.0); (67.0,173.0); (66.0,172.0)","[[59.0, 172.0], [58.0, 173.0], [58.0, 187.0], [59.0, 188.0], [59.0, 190.0], [58.0, 191.0], [58.0, 198.0], [71.0, 198.0], [71.0, 190.0], [73.0, 187.0], [73.0, 182.0], [71.0, 179.0], [71.0, 174.0], [70.0, 173.0], [67.0, 173.0], [66.0, 172.0]]"
ACM-109_Bottom,3,U1,component,"""emi filter"" EM5",Generic_Component,Package_SO:SOIC-8_3.9x4.9mm_P1.27mm,284,198,306,240,0.933,23,"(284.0,199.0); (283.0,201.0); (284.0,203.0); (283.0,204.0); (283.0,207.0); (285.0,212.0); (284.0,236.0); (285.0,237.0); (302.0,237.0); (304.0,236.0); (304.0,232.0); (303.0,231.0); (303.0,223.0); (305.0,220.0); (303.0,217.0); (304.0,216.0); (304.0,214.0); (303.0,213.0); (304.0,199.0); (302.0,198.0); (301.0,199.0); (297.0,199.0); (296.0,198.0)","[[284.0, 199.0], [283.0, 201.0], [284.0, 203.0], [283.0, 204.0], [283.0, 207.0], [285.0, 212.0], [284.0, 236.0], [285.0, 237.0], [302.0, 237.0], [304.0, 236.0], [304.0, 232.0], [303.0, 231.0], [303.0, 223.0], [305.0, 220.0], [303.0, 217.0], [304.0, 216.0], [304.0, 214.0], [303.0, 213.0], [304.0, 199.0], [302.0, 198.0], [301.0, 199.0], [297.0, 199.0], [296.0, 198.0]]"
ACM-109_Bottom,4,C1,capacitor,capacitor C18,Capacitor_SMD,Capacitor_SMD:C_0805_2012Metric,265,215,281,240,0.924,13,"(267.0,214.0); (265.0,216.0); (265.0,217.0); (264.0,218.0); (265.0,219.0); (265.0,237.0); (267.0,240.0); (276.0,240.0); (277.0,239.0); (277.0,223.0); (278.0,222.0); (278.0,216.0); (276.0,214.0)","[[267.0, 214.0], [265.0, 216.0], [265.0, 217.0], [264.0, 218.0], [265.0, 219.0], [265.0, 237.0], [267.0, 240.0], [276.0, 240.0], [277.0, 239.0], [277.0, 223.0], [278.0, 222.0], [278.0, 216.0], [276.0, 214.0]]"
ACM-109_Bottom,5,R2,resistor,resistor R1,Resistor_SMD,Resistor_SMD:R_0805_2012Metric,457,187,484,201,0.912,22,"(457.0,189.0); (457.0,197.0); (456.0,198.0); (456.0,201.0); (465.0,201.0); (466.0,200.0); (467.0,201.0); (481.0,201.0); (482.0,200.0); (482.0,197.0); (481.0,196.0); (481.0,189.0); (480.0,188.0); (475.0,188.0); (474.0,189.0); (471.0,189.0); (470.0,188.0); (468.0,188.0); (467.0,189.0); (466.0,189.0); (465.0,188.0); (458.0,188.0)","[[457.0, 189.0], [457.0, 197.0], [456.0, 198.0], [456.0, 201.0], [465.0, 201.0], [466.0, 200.0], [467.0, 201.0], [481.0, 201.0], [482.0, 200.0], [482.0, 197.0], [481.0, 196.0], [481.0, 189.0], [480.0, 188.0], [475.0, 188.0], [474.0, 189.0], [471.0, 189.0], [470.0, 188.0], [468.0, 188.0], [467.0, 189.0], [466.0, 189.0], [465.0, 188.0], [458.0, 188.0]]"
ACM-109_Bottom,6,R3,resistor,resistor R2,Resistor_SMD,Resistor_SMD:R_0805_2012Metric,458,170,484,184,0.895,33,"(456.0,171.0); (457.0,172.0); (457.0,181.0); (458.0,182.0); (460.0,182.0); (461.0,181.0); (462.0,182.0); (465.0,182.0); (466.0,181.0); (467.0,181.0); (468.0,182.0); (471.0,182.0); (472.0,181.0); (473.0,182.0); (480.0,182.0); (481.0,181.0); (481.0,174.0); (482.0,173.0); (482.0,170.0); (481.0,169.0); (478.0,169.0); (477.0,170.0); (475.0,170.0); (474.0,171.0); (472.0,171.0); (471.0,170.0); (468.0,170.0); (468.0,171.0); (466.0,173.0); (462.0,170.0); (460.0,170.0); (459.0,169.0); (458.0,169.0)","[[456.0, 171.0], [457.0, 172.0], [457.0, 181.0], [458.0, 182.0], [460.0, 182.0], [461.0, 181.0], [462.0, 182.0], [465.0, 182.0], [466.0, 181.0], [467.0, 181.0], [468.0, 182.0], [471.0, 182.0], [472.0, 181.0], [473.0, 182.0], [480.0, 182.0], [481.0, 181.0], [481.0, 174.0], [482.0, 173.0], [482.0, 170.0], [481.0, 169.0], [478.0, 169.0], [477.0, 170.0], [475.0, 170.0], [474.0, 171.0], [472.0, 171.0], [471.0, 170.0], [468.0, 170.0], [468.0, 171.0], [466.0, 173.0], [462.0, 170.0], [460.0, 170.0], [459.0, 169.0], [458.0, 169.0]]"
ACM-109_Bottom,7,R4,resistor,resistor R3,Resistor_SMD,Resistor_SMD:R_0805_2012Metric,430,170,457,184,0.916,29,"(428.0,170.0); (428.0,177.0); (429.0,178.0); (429.0,180.0); (428.0,181.0); (429.0,182.0); (429.0,183.0); (431.0,183.0); (432.0,182.0); (440.0,182.0); (442.0,184.0); (445.0,181.0); (446.0,182.0); (449.0,182.0); (450.0,183.0); (453.0,183.0); (454.0,182.0); (454.0,170.0); (453.0,169.0); (449.0,169.0); (445.0,173.0); (442.0,170.0); (441.0,170.0); (440.0,171.0); (438.0,171.0); (437.0,172.0); (436.0,172.0); (432.0,169.0); (429.0,169.0)","[[428.0, 170.0], [428.0, 177.0], [429.0, 178.0], [429.0, 180.0], [428.0, 181.0], [429.0, 182.0], [429.0, 183.0], [431.0, 183.0], [432.0, 182.0], [440.0, 182.0], [442.0, 184.0], [445.0, 181.0], [446.0, 182.0], [449.0, 182.0], [450.0, 183.0], [453.0, 183.0], [454.0, 182.0], [454.0, 170.0], [453.0, 169.0], [449.0, 169.0], [445.0, 173.0], [442.0, 170.0], [441.0, 170.0], [440.0, 171.0], [438.0, 171.0], [437.0, 172.0], [436.0, 172.0], [432.0, 169.0], [429.0, 169.0]]"
ACM-109_Bottom,8,R5,resistor,resistor R4,Resistor_SMD,Resistor_SMD:R_0805_2012Metric,429,186,457,200,0.896,23,"(428.0,187.0); (428.0,200.0); (429.0,200.0); (430.0,201.0); (434.0,201.0); (436.0,199.0); (438.0,199.0); (440.0,201.0); (442.0,201.0); (445.0,199.0); (448.0,201.0); (454.0,201.0); (454.0,190.0); (453.0,189.0); (453.0,187.0); (450.0,187.0); (447.0,189.0); (443.0,189.0); (442.0,188.0); (437.0,189.0); (436.0,188.0); (431.0,188.0); (430.0,187.0)","[[428.0, 187.0], [428.0, 200.0], [429.0, 200.0], [430.0, 201.0], [434.0, 201.0], [436.0, 199.0], [438.0, 199.0], [440.0, 201.0], [442.0, 201.0], [445.0, 199.0], [448.0, 201.0], [454.0, 201.0], [454.0, 190.0], [453.0, 189.0], [453.0, 187.0], [450.0, 187.0], [447.0, 189.0], [443.0, 189.0], [442.0, 188.0], [437.0, 189.0], [436.0, 188.0], [431.0, 188.0], [430.0, 187.0]]"
ACM-109_Bottom,9,C2,capacitor,capacitor C5,Capacitor_SMD,Capacitor_SMD:C_0805_2012Metric,432,221,457,235,0.945,27,"(431.0,225.0); (431.0,231.0); (432.0,232.0); (432.0,233.0); (434.0,235.0); (435.0,235.0); (436.0,236.0); (437.0,236.0); (438.0,235.0); (454.0,235.0); (457.0,233.0); (457.0,222.0); (456.0,221.0); (451.0,221.0); (450.0,220.0); (449.0,220.0); (448.0,221.0); (446.0,221.0); (445.0,220.0); (444.0,221.0); (440.0,221.0); (439.0,220.0); (437.0,220.0); (436.0,221.0); (434.0,221.0); (432.0,223.0); (432.0,224.0)","[[431.0, 225.0], [431.0, 231.0], [432.0, 232.0], [432.0, 233.0], [434.0, 235.0], [435.0, 235.0], [436.0, 236.0], [437.0, 236.0], [438.0, 235.0], [454.0, 235.0], [457.0, 233.0], [457.0, 222.0], [456.0, 221.0], [451.0, 221.0], [450.0, 220.0], [449.0, 220.0], [448.0, 221.0], [446.0, 221.0], [445.0, 220.0], [444.0, 221.0], [440.0, 221.0], [439.0, 220.0], [437.0, 220.0], [436.0, 221.0], [434.0, 221.0], [432.0, 223.0], [432.0, 224.0]]"
ACM-109_Bottom,10,C3,capacitor,capacitor C20,Capacitor_SMD,Capacitor_SMD:C_0805_2012Metric,496,313,522,327,0.944,29,"(495.0,316.0); (495.0,321.0); (496.0,322.0); (496.0,325.0); (498.0,327.0); (503.0,327.0); (504.0,328.0); (509.0,328.0); (510.0,327.0); (511.0,327.0); (512.0,328.0); (516.0,328.0); (517.0,327.0); (520.0,327.0); (522.0,324.0); (522.0,316.0); (521.0,315.0); (521.0,314.0); (518.0,312.0); (514.0,312.0); (513.0,313.0); (512.0,313.0); (511.0,312.0); (507.0,312.0); (506.0,313.0); (498.0,313.0); (497.0,314.0); (496.0,314.0); (496.0,315.0)","[[495.0, 316.0], [495.0, 321.0], [496.0, 322.0], [496.0, 325.0], [498.0, 327.0], [503.0, 327.0], [504.0, 328.0], [509.0, 328.0], [510.0, 327.0], [511.0, 327.0], [512.0, 328.0], [516.0, 328.0], [517.0, 327.0], [520.0, 327.0], [522.0, 324.0], [522.0, 316.0], [521.0, 315.0], [521.0, 314.0], [518.0, 312.0], [514.0, 312.0], [513.0, 313.0], [512.0, 313.0], [511.0, 312.0], [507.0, 312.0], [506.0, 313.0], [498.0, 313.0], [497.0, 314.0], [496.0, 314.0], [496.0, 315.0]]"
ACM-109_Bottom,11,C4,capacitor,capacitor C25,Capacitor_SMD,Capacitor_SMD:C_0805_2012Metric,407,403,420,427,0.919,12,"(409.0,402.0); (406.0,404.0); (406.0,425.0); (408.0,428.0); (419.0,428.0); (419.0,427.0); (420.0,426.0); (420.0,405.0); (419.0,404.0); (419.0,403.0); (418.0,403.0); (417.0,402.0)","[[409.0, 402.0], [406.0, 404.0], [406.0, 425.0], [408.0, 428.0], [419.0, 428.0], [419.0, 427.0], [420.0, 426.0], [420.0, 405.0], [419.0, 404.0], [419.0, 403.0], [418.0, 403.0], [417.0, 402.0]]"
ACM-109_Bottom,12,C5,capacitor,capacitor C6,Capacitor_SMD,Capacitor_SMD:C_0805_2012Metric,313,364,327,388,0.928,20,"(313.0,364.0); (312.0,365.0); (312.0,378.0); (311.0,379.0); (311.0,384.0); (312.0,385.0); (312.0,387.0); (313.0,388.0); (322.0,388.0); (323.0,387.0); (324.0,387.0); (326.0,384.0); (326.0,383.0); (325.0,382.0); (325.0,378.0); (326.0,377.0); (326.0,376.0); (325.0,375.0); (325.0,365.0); (324.0,364.0)","[[313.0, 364.0], [312.0, 365.0], [312.0, 378.0], [311.0, 379.0], [311.0, 384.0], [312.0, 385.0], [312.0, 387.0], [313.0, 388.0], [322.0, 388.0], [323.0, 387.0], [324.0, 387.0], [326.0, 384.0], [326.0, 383.0], [325.0, 382.0], [325.0, 378.0], [326.0, 377.0], [326.0, 376.0], [325.0, 375.0], [325.0, 365.0], [324.0, 364.0]]"
ACM-109_Bottom,13,C6,capacitor,capacitor C11,Capacitor_SMD,Capacitor_SMD:C_0805_2012Metric,281,383,295,408,0.908,12,"(282.0,385.0); (281.0,386.0); (281.0,392.0); (280.0,393.0); (280.0,406.0); (283.0,409.0); (289.0,409.0); (290.0,408.0); (292.0,408.0); (294.0,406.0); (294.0,390.0); (291.0,385.0)","[[282.0, 385.0], [281.0, 386.0], [281.0, 392.0], [280.0, 393.0], [280.0, 406.0], [283.0, 409.0], [289.0, 409.0], [290.0, 408.0], [292.0, 408.0], [294.0, 406.0], [294.0, 390.0], [291.0, 385.0]]"
ACM-109_Bottom,14,C7,capacitor,capacitor C10,Capacitor_SMD,Capacitor_SMD:C_0805_2012Metric,251,361,265,387,0.949,25,"(250.0,363.0); (250.0,366.0); (249.0,367.0); (249.0,368.0); (250.0,369.0); (250.0,374.0); (249.0,375.0); (249.0,376.0); (250.0,377.0); (250.0,380.0); (251.0,381.0); (251.0,384.0); (254.0,386.0); (258.0,386.0); (259.0,387.0); (260.0,387.0); (261.0,386.0); (263.0,386.0); (265.0,384.0); (265.0,365.0); (264.0,364.0); (264.0,363.0); (263.0,362.0); (252.0,362.0); (251.0,363.0)","[[250.0, 363.0], [250.0, 366.0], [249.0, 367.0], [249.0, 368.0], [250.0, 369.0], [250.0, 374.0], [249.0, 375.0], [249.0, 376.0], [250.0, 377.0], [250.0, 380.0], [251.0, 381.0], [251.0, 384.0], [254.0, 386.0], [258.0, 386.0], [259.0, 387.0], [260.0, 387.0], [261.0, 386.0], [263.0, 386.0], [265.0, 384.0], [265.0, 365.0], [264.0, 364.0], [264.0, 363.0], [263.0, 362.0], [252.0, 362.0], [251.0, 363.0]]"
ACM-109_Bottom,15,C8,capacitor,capacitor C8,Capacitor_SMD,Capacitor_SMD:C_0805_2012Metric,231,342,256,357,0.951,13,"(231.0,344.0); (232.0,345.0); (232.0,354.0); (233.0,355.0); (239.0,355.0); (240.0,356.0); (253.0,356.0); (253.0,355.0); (254.0,354.0); (254.0,343.0); (245.0,343.0); (244.0,342.0); (234.0,342.0)","[[231.0, 344.0], [232.0, 345.0], [232.0, 354.0], [233.0, 355.0], [239.0, 355.0], [240.0, 356.0], [253.0, 356.0], [253.0, 355.0], [254.0, 354.0], [254.0, 343.0], [245.0, 343.0], [244.0, 342.0], [234.0, 342.0]]"
ACM-109_Bottom,16,C9,capacitor,capacitor C15,Capacitor_SMD,Capacitor_SMD:C_0805_2012Metric,189,388,213,401,0.933,22,"(188.0,389.0); (188.0,399.0); (196.0,399.0); (197.0,400.0); (207.0,400.0); (208.0,401.0); (210.0,401.0); (211.0,400.0); (212.0,400.0); (212.0,399.0); (213.0,398.0); (213.0,389.0); (212.0,388.0); (202.0,388.0); (201.0,389.0); (200.0,389.0); (199.0,388.0); (196.0,388.0); (195.0,389.0); (194.0,388.0); (190.0,388.0); (189.0,389.0)","[[188.0, 389.0], [188.0, 399.0], [196.0, 399.0], [197.0, 400.0], [207.0, 400.0], [208.0, 401.0], [210.0, 401.0], [211.0, 400.0], [212.0, 400.0], [212.0, 399.0], [213.0, 398.0], [213.0, 389.0], [212.0, 388.0], [202.0, 388.0], [201.0, 389.0], [200.0, 389.0], [199.0, 388.0], [196.0, 388.0], [195.0, 389.0], [194.0, 388.0], [190.0, 388.0], [189.0, 389.0]]"
ACM-109_Bottom,17,C10,capacitor,capacitor C7,Capacitor_SMD,Capacitor_SMD:C_0805_2012Metric,293,320,319,334,0.937,17,"(292.0,322.0); (292.0,331.0); (294.0,333.0); (296.0,333.0); (297.0,334.0); (310.0,334.0); (311.0,333.0); (314.0,333.0); (315.0,332.0); (316.0,332.0); (316.0,331.0); (317.0,330.0); (317.0,321.0); (314.0,319.0); (296.0,319.0); (295.0,320.0); (294.0,320.0)","[[292.0, 322.0], [292.0, 331.0], [294.0, 333.0], [296.0, 333.0], [297.0, 334.0], [310.0, 334.0], [311.0, 333.0], [314.0, 333.0], [315.0, 332.0], [316.0, 332.0], [316.0, 331.0], [317.0, 330.0], [317.0, 321.0], [314.0, 319.0], [296.0, 319.0], [295.0, 320.0], [294.0, 320.0]]"
ACM-109_Bottom,18,C11,capacitor,capacitor C9,Capacitor_SMD,Capacitor_SMD:C_0805_2012Metric,242,323,267,338,0.949,14,"(242.0,324.0); (242.0,333.0); (243.0,334.0); (243.0,335.0); (245.0,337.0); (248.0,337.0); (249.0,338.0); (262.0,338.0); (263.0,337.0); (264.0,337.0); (267.0,334.0); (267.0,325.0); (264.0,322.0); (244.0,322.0)","[[242.0, 324.0], [242.0, 333.0], [243.0, 334.0], [243.0, 335.0], [245.0, 337.0], [248.0, 337.0], [249.0, 338.0], [262.0, 338.0], [263.0, 337.0], [264.0, 337.0], [267.0, 334.0], [267.0, 325.0], [264.0, 322.0], [244.0, 322.0]]"
ACM-109_Bottom,19,J2,connector,connector CNB,Connector,Connector_PinHeader_2.54mm:PinHeader_1x04_P2.54mm_Vert,77,586,492,688,0.953,18,"(79.0,601.0); (77.0,679.0); (123.0,664.0); (137.0,685.0); (434.0,684.0); (440.0,664.0); (480.0,674.0); (482.0,685.0); (492.0,679.0); (492.0,604.0); (480.0,593.0); (451.0,597.0); (442.0,608.0); (432.0,599.0); (439.0,590.0); (133.0,587.0); (127.0,609.0); (113.0,597.0)","[[79.0, 601.0], [77.0, 679.0], [123.0, 664.0], [137.0, 685.0], [434.0, 684.0], [440.0, 664.0], [480.0, 674.0], [482.0, 685.0], [492.0, 679.0], [492.0, 604.0], [480.0, 593.0], [451.0, 597.0], [442.0, 608.0], [432.0, 599.0], [439.0, 590.0], [133.0, 587.0], [127.0, 609.0], [113.0, 597.0]]"
ACM-109_Bottom,20,U2,component,"""emi filter"" EM2",Generic_Component,Package_SO:SOIC-8_3.9x4.9mm_P1.27mm,133,369,176,396,0.922,22,"(131.0,367.0); (131.0,394.0); (132.0,395.0); (142.0,395.0); (146.0,391.0); (148.0,395.0); (159.0,395.0); (162.0,392.0); (166.0,395.0); (176.0,395.0); (177.0,393.0); (176.0,388.0); (177.0,368.0); (176.0,367.0); (165.0,367.0); (162.0,370.0); (158.0,366.0); (156.0,367.0); (150.0,366.0); (146.0,369.0); (144.0,369.0); (142.0,367.0)","[[131.0, 367.0], [131.0, 394.0], [132.0, 395.0], [142.0, 395.0], [146.0, 391.0], [148.0, 395.0], [159.0, 395.0], [162.0, 392.0], [166.0, 395.0], [176.0, 395.0], [177.0, 393.0], [176.0, 388.0], [177.0, 368.0], [176.0, 367.0], [165.0, 367.0], [162.0, 370.0], [158.0, 366.0], [156.0, 367.0], [150.0, 366.0], [146.0, 369.0], [144.0, 369.0], [142.0, 367.0]]"
ACM-109_Bottom,21,R6,resistor,"""resistor network"" RM1",Resistor_SMD,Resistor_SMD:R_0805_2012Metric,17,316,73,356,0.972,8,"(14.0,317.0); (14.0,350.0); (17.0,355.0); (37.0,356.0); (73.0,354.0); (72.0,316.0); (34.0,317.0); (15.0,316.0)","[[14.0, 317.0], [14.0, 350.0], [17.0, 355.0], [37.0, 356.0], [73.0, 354.0], [72.0, 316.0], [34.0, 317.0], [15.0, 316.0]]"
ACM-109_Bottom,22,R7,resistor,resistor R12,Resistor_SMD,Resistor_SMD:R_0805_2012Metric,41,248,54,275,0.935,20,"(51.0,248.0); (42.0,248.0); (42.0,249.0); (41.0,250.0); (41.0,256.0); (40.0,257.0); (40.0,263.0); (41.0,264.0); (41.0,274.0); (46.0,274.0); (47.0,273.0); (50.0,273.0); (51.0,272.0); (52.0,272.0); (52.0,265.0); (53.0,264.0); (53.0,254.0); (52.0,253.0); (52.0,251.0); (53.0,250.0)","[[51.0, 248.0], [42.0, 248.0], [42.0, 249.0], [41.0, 250.0], [41.0, 256.0], [40.0, 257.0], [40.0, 263.0], [41.0, 264.0], [41.0, 274.0], [46.0, 274.0], [47.0, 273.0], [50.0, 273.0], [51.0, 272.0], [52.0, 272.0], [52.0, 265.0], [53.0, 264.0], [53.0, 254.0], [52.0, 253.0], [52.0, 251.0], [53.0, 250.0]]"
ACM-109_Bottom,23,R8,resistor,resistor R11,Resistor_SMD,Resistor_SMD:R_0805_2012Metric,59,249,71,273,0.916,14,"(59.0,249.0); (58.0,250.0); (58.0,271.0); (59.0,272.0); (64.0,272.0); (65.0,273.0); (68.0,273.0); (69.0,272.0); (69.0,270.0); (70.0,269.0); (70.0,249.0); (69.0,248.0); (66.0,248.0); (65.0,249.0)","[[59.0, 249.0], [58.0, 250.0], [58.0, 271.0], [59.0, 272.0], [64.0, 272.0], [65.0, 273.0], [68.0, 273.0], [69.0, 272.0], [69.0, 270.0], [70.0, 269.0], [70.0, 249.0], [69.0, 248.0], [66.0, 248.0], [65.0, 249.0]]"
ACM-109_Bottom,24,C12,capacitor,capacitor unknown,Capacitor_SMD,Capacitor_SMD:C_0805_2012Metric,116,180,142,195,0.957,14,"(115.0,181.0); (115.0,183.0); (114.0,184.0); (114.0,189.0); (115.0,190.0); (115.0,193.0); (118.0,195.0); (137.0,195.0); (140.0,192.0); (140.0,190.0); (141.0,189.0); (141.0,182.0); (138.0,179.0); (117.0,179.0)","[[115.0, 181.0], [115.0, 183.0], [114.0, 184.0], [114.0, 189.0], [115.0, 190.0], [115.0, 193.0], [118.0, 195.0], [137.0, 195.0], [140.0, 192.0], [140.0, 190.0], [141.0, 189.0], [141.0, 182.0], [138.0, 179.0], [117.0, 179.0]]"
ACM-109_Bottom,25,C13,capacitor,capacitor unknown,Capacitor_SMD,Capacitor_SMD:C_0805_2012Metric,144,237,157,262,0.92,19,"(146.0,236.0); (144.0,238.0); (144.0,239.0); (143.0,240.0); (144.0,241.0); (144.0,250.0); (143.0,251.0); (143.0,258.0); (144.0,259.0); (144.0,260.0); (146.0,262.0); (149.0,262.0); (150.0,263.0); (153.0,263.0); (154.0,262.0); (155.0,262.0); (157.0,260.0); (157.0,238.0); (155.0,236.0)","[[146.0, 236.0], [144.0, 238.0], [144.0, 239.0], [143.0, 240.0], [144.0, 241.0], [144.0, 250.0], [143.0, 251.0], [143.0, 258.0], [144.0, 259.0], [144.0, 260.0], [146.0, 262.0], [149.0, 262.0], [150.0, 263.0], [153.0, 263.0], [154.0, 262.0], [155.0, 262.0], [157.0, 260.0], [157.0, 238.0], [155.0, 236.0]]"
ACM-109_Bottom,26,C14,capacitor,capacitor unknown,Capacitor_SMD,Capacitor_SMD:C_0805_2012Metric,167,291,192,304,0.932,25,"(165.0,294.0); (165.0,300.0); (166.0,301.0); (166.0,303.0); (168.0,305.0); (172.0,305.0); (173.0,306.0); (174.0,306.0); (175.0,305.0); (188.0,305.0); (189.0,304.0); (190.0,304.0); (190.0,303.0); (191.0,302.0); (191.0,300.0); (192.0,299.0); (192.0,298.0); (191.0,297.0); (191.0,293.0); (189.0,291.0); (187.0,291.0); (186.0,290.0); (171.0,290.0); (170.0,291.0); (167.0,291.0)","[[165.0, 294.0], [165.0, 300.0], [166.0, 301.0], [166.0, 303.0], [168.0, 305.0], [172.0, 305.0], [173.0, 306.0], [174.0, 306.0], [175.0, 305.0], [188.0, 305.0], [189.0, 304.0], [190.0, 304.0], [190.0, 303.0], [191.0, 302.0], [191.0, 300.0], [192.0, 299.0], [192.0, 298.0], [191.0, 297.0], [191.0, 293.0], [189.0, 291.0], [187.0, 291.0], [186.0, 290.0], [171.0, 290.0], [170.0, 291.0], [167.0, 291.0]]"
ACM-109_Bottom,27,C15,capacitor,capacitor unknown,Capacitor_SMD,Capacitor_SMD:C_0805_2012Metric,236,238,251,264,0.95,19,"(239.0,237.0); (236.0,239.0); (236.0,241.0); (235.0,242.0); (235.0,259.0); (236.0,260.0); (236.0,262.0); (239.0,264.0); (248.0,264.0); (250.0,262.0); (250.0,260.0); (251.0,259.0); (251.0,251.0); (250.0,250.0); (250.0,240.0); (249.0,239.0); (249.0,238.0); (248.0,238.0); (247.0,237.0)","[[239.0, 237.0], [236.0, 239.0], [236.0, 241.0], [235.0, 242.0], [235.0, 259.0], [236.0, 260.0], [236.0, 262.0], [239.0, 264.0], [248.0, 264.0], [250.0, 262.0], [250.0, 260.0], [251.0, 259.0], [251.0, 251.0], [250.0, 250.0], [250.0, 240.0], [249.0, 239.0], [249.0, 238.0], [248.0, 238.0], [247.0, 237.0]]"
ACM-109_Bottom,28,C16,capacitor,capacitor unknown,Capacitor_SMD,Capacitor_SMD:C_0805_2012Metric,283,251,297,276,0.944,21,"(289.0,249.0); (288.0,250.0); (285.0,250.0); (284.0,251.0); (284.0,275.0); (285.0,276.0); (287.0,276.0); (288.0,277.0); (291.0,277.0); (292.0,276.0); (294.0,276.0); (296.0,274.0); (296.0,273.0); (297.0,272.0); (297.0,253.0); (296.0,252.0); (296.0,251.0); (295.0,251.0); (294.0,250.0); (291.0,250.0); (290.0,249.0)","[[289.0, 249.0], [288.0, 250.0], [285.0, 250.0], [284.0, 251.0], [284.0, 275.0], [285.0, 276.0], [287.0, 276.0], [288.0, 277.0], [291.0, 277.0], [292.0, 276.0], [294.0, 276.0], [296.0, 274.0], [296.0, 273.0], [297.0, 272.0], [297.0, 253.0], [296.0, 252.0], [296.0, 251.0], [295.0, 251.0], [294.0, 250.0], [291.0, 250.0], [290.0, 249.0]]"
ACM-109_Bottom,29,C17,capacitor,capacitor unknown,Capacitor_SMD,Capacitor_SMD:C_0805_2012Metric,270,251,281,276,0.867,15,"(274.0,249.0); (273.0,250.0); (270.0,250.0); (270.0,274.0); (273.0,276.0); (277.0,276.0); (278.0,275.0); (280.0,275.0); (280.0,260.0); (281.0,259.0); (281.0,252.0); (280.0,251.0); (280.0,250.0); (279.0,250.0); (278.0,249.0)","[[274.0, 249.0], [273.0, 250.0], [270.0, 250.0], [270.0, 274.0], [273.0, 276.0], [277.0, 276.0], [278.0, 275.0], [280.0, 275.0], [280.0, 260.0], [281.0, 259.0], [281.0, 252.0], [280.0, 251.0], [280.0, 250.0], [279.0, 250.0], [278.0, 249.0]]"
ACM-109_Bottom,30,C18,capacitor,capacitor unknown,Capacitor_SMD,Capacitor_SMD:C_0805_2012Metric,352,241,378,256,0.957,18,"(351.0,245.0); (351.0,253.0); (352.0,254.0); (352.0,255.0); (355.0,257.0); (374.0,257.0); (375.0,256.0); (376.0,256.0); (378.0,253.0); (378.0,244.0); (377.0,243.0); (377.0,242.0); (376.0,242.0); (375.0,241.0); (355.0,241.0); (354.0,242.0); (353.0,242.0); (353.0,243.0)","[[351.0, 245.0], [351.0, 253.0], [352.0, 254.0], [352.0, 255.0], [355.0, 257.0], [374.0, 257.0], [375.0, 256.0], [376.0, 256.0], [378.0, 253.0], [378.0, 244.0], [377.0, 243.0], [377.0, 242.0], [376.0, 242.0], [375.0, 241.0], [355.0, 241.0], [354.0, 242.0], [353.0, 242.0], [353.0, 243.0]]"
ACM-109_Bottom,31,C19,capacitor,capacitor unknown,Capacitor_SMD,Capacitor_SMD:C_0805_2012Metric,355,311,378,326,0.945,21,"(353.0,313.0); (353.0,323.0); (354.0,324.0); (354.0,325.0); (355.0,325.0); (356.0,326.0); (375.0,326.0); (377.0,324.0); (378.0,324.0); (378.0,319.0); (379.0,318.0); (379.0,316.0); (378.0,315.0); (378.0,313.0); (376.0,311.0); (361.0,311.0); (360.0,310.0); (359.0,310.0); (358.0,311.0); (354.0,311.0); (354.0,312.0)","[[353.0, 313.0], [353.0, 323.0], [354.0, 324.0], [354.0, 325.0], [355.0, 325.0], [356.0, 326.0], [375.0, 326.0], [377.0, 324.0], [378.0, 324.0], [378.0, 319.0], [379.0, 318.0], [379.0, 316.0], [378.0, 315.0], [378.0, 313.0], [376.0, 311.0], [361.0, 311.0], [360.0, 310.0], [359.0, 310.0], [358.0, 311.0], [354.0, 311.0], [354.0, 312.0]]"
ACM-109_Bottom,32,C20,capacitor,capacitor unknown,Capacitor_SMD,Capacitor_SMD:C_0805_2012Metric,366,332,392,347,0.955,26,"(366.0,335.0); (366.0,339.0); (367.0,340.0); (367.0,342.0); (368.0,343.0); (368.0,345.0); (369.0,346.0); (369.0,347.0); (378.0,347.0); (379.0,348.0); (386.0,348.0); (387.0,347.0); (389.0,347.0); (390.0,346.0); (391.0,346.0); (391.0,345.0); (392.0,344.0); (392.0,335.0); (391.0,334.0); (391.0,333.0); (390.0,333.0); (389.0,332.0); (369.0,332.0); (368.0,333.0); (367.0,333.0); (367.0,334.0)","[[366.0, 335.0], [366.0, 339.0], [367.0, 340.0], [367.0, 342.0], [368.0, 343.0], [368.0, 345.0], [369.0, 346.0], [369.0, 347.0], [378.0, 347.0], [379.0, 348.0], [386.0, 348.0], [387.0, 347.0], [389.0, 347.0], [390.0, 346.0], [391.0, 346.0], [391.0, 345.0], [392.0, 344.0], [392.0, 335.0], [391.0, 334.0], [391.0, 333.0], [390.0, 333.0], [389.0, 332.0], [369.0, 332.0], [368.0, 333.0], [367.0, 333.0], [367.0, 334.0]]"
ACM-109_Bottom,33,C21,capacitor,capacitor unknown,Capacitor_SMD,Capacitor_SMD:C_0805_2012Metric,336,311,350,337,0.947,21,"(338.0,310.0); (335.0,313.0); (335.0,320.0); (337.0,323.0); (337.0,328.0); (338.0,329.0); (337.0,332.0); (338.0,333.0); (338.0,335.0); (339.0,336.0); (341.0,336.0); (342.0,337.0); (345.0,337.0); (346.0,336.0); (349.0,335.0); (349.0,334.0); (350.0,333.0); (350.0,321.0); (349.0,320.0); (349.0,312.0); (347.0,310.0)","[[338.0, 310.0], [335.0, 313.0], [335.0, 320.0], [337.0, 323.0], [337.0, 328.0], [338.0, 329.0], [337.0, 332.0], [338.0, 333.0], [338.0, 335.0], [339.0, 336.0], [341.0, 336.0], [342.0, 337.0], [345.0, 337.0], [346.0, 336.0], [349.0, 335.0], [349.0, 334.0], [350.0, 333.0], [350.0, 321.0], [349.0, 320.0], [349.0, 312.0], [347.0, 310.0]]"
ACM-109_Bottom,34,C22,capacitor,capacitor unknown,Capacitor_SMD,Capacitor_SMD:C_0805_2012Metric,343,341,367,355,0.945,24,"(343.0,341.0); (343.0,342.0); (342.0,343.0); (342.0,350.0); (343.0,351.0); (343.0,352.0); (345.0,352.0); (346.0,353.0); (359.0,353.0); (362.0,355.0); (363.0,354.0); (365.0,354.0); (365.0,353.0); (366.0,352.0); (366.0,346.0); (365.0,345.0); (365.0,342.0); (364.0,341.0); (359.0,341.0); (358.0,340.0); (350.0,340.0); (349.0,341.0); (346.0,340.0); (345.0,341.0)","[[343.0, 341.0], [343.0, 342.0], [342.0, 343.0], [342.0, 350.0], [343.0, 351.0], [343.0, 352.0], [345.0, 352.0], [346.0, 353.0], [359.0, 353.0], [362.0, 355.0], [363.0, 354.0], [365.0, 354.0], [365.0, 353.0], [366.0, 352.0], [366.0, 346.0], [365.0, 345.0], [365.0, 342.0], [364.0, 341.0], [359.0, 341.0], [358.0, 340.0], [350.0, 340.0], [349.0, 341.0], [346.0, 340.0], [345.0, 341.0]]"
ACM-109_Bottom,35,C23,capacitor,capacitor unknown,Capacitor_SMD,Capacitor_SMD:C_0805_2012Metric,335,355,361,369,0.949,25,"(334.0,357.0); (334.0,364.0); (335.0,365.0); (335.0,366.0); (337.0,368.0); (339.0,368.0); (340.0,369.0); (357.0,369.0); (360.0,367.0); (360.0,364.0); (361.0,363.0); (361.0,362.0); (360.0,361.0); (360.0,356.0); (359.0,356.0); (358.0,355.0); (349.0,355.0); (348.0,354.0); (347.0,355.0); (346.0,355.0); (345.0,354.0); (339.0,354.0); (338.0,353.0); (337.0,354.0); (336.0,354.0)","[[334.0, 357.0], [334.0, 364.0], [335.0, 365.0], [335.0, 366.0], [337.0, 368.0], [339.0, 368.0], [340.0, 369.0], [357.0, 369.0], [360.0, 367.0], [360.0, 364.0], [361.0, 363.0], [361.0, 362.0], [360.0, 361.0], [360.0, 356.0], [359.0, 356.0], [358.0, 355.0], [349.0, 355.0], [348.0, 354.0], [347.0, 355.0], [346.0, 355.0], [345.0, 354.0], [339.0, 354.0], [338.0, 353.0], [337.0, 354.0], [336.0, 354.0]]"
ACM-109_Bottom,36,C24,capacitor,capacitor unknown,Capacitor_SMD,Capacitor_SMD:C_0805_2012Metric,312,336,324,361,0.917,16,"(311.0,337.0); (311.0,338.0); (310.0,339.0); (310.0,345.0); (311.0,346.0); (311.0,350.0); (310.0,351.0); (310.0,354.0); (311.0,355.0); (311.0,357.0); (313.0,359.0); (321.0,359.0); (322.0,358.0); (322.0,340.0); (321.0,339.0); (321.0,337.0)","[[311.0, 337.0], [311.0, 338.0], [310.0, 339.0], [310.0, 345.0], [311.0, 346.0], [311.0, 350.0], [310.0, 351.0], [310.0, 354.0], [311.0, 355.0], [311.0, 357.0], [313.0, 359.0], [321.0, 359.0], [322.0, 358.0], [322.0, 340.0], [321.0, 339.0], [321.0, 337.0]]"
ACM-109_Bottom,37,C25,capacitor,capacitor unknown,Capacitor_SMD,Capacitor_SMD:C_0805_2012Metric,324,322,337,349,0.941,22,"(327.0,321.0); (326.0,322.0); (324.0,322.0); (323.0,323.0); (323.0,326.0); (322.0,327.0); (323.0,328.0); (323.0,336.0); (324.0,337.0); (324.0,345.0); (326.0,348.0); (333.0,348.0); (334.0,347.0); (335.0,347.0); (337.0,345.0); (337.0,338.0); (336.0,337.0); (336.0,327.0); (335.0,326.0); (335.0,323.0); (334.0,322.0); (328.0,322.0)","[[327.0, 321.0], [326.0, 322.0], [324.0, 322.0], [323.0, 323.0], [323.0, 326.0], [322.0, 327.0], [323.0, 328.0], [323.0, 336.0], [324.0, 337.0], [324.0, 345.0], [326.0, 348.0], [333.0, 348.0], [334.0, 347.0], [335.0, 347.0], [337.0, 345.0], [337.0, 338.0], [336.0, 337.0], [336.0, 327.0], [335.0, 326.0], [335.0, 323.0], [334.0, 322.0], [328.0, 322.0]]"
ACM-109_Bottom,38,C26,capacitor,capacitor unknown,Capacitor_SMD,Capacitor_SMD:C_0805_2012Metric,363,395,377,419,0.935,15,"(365.0,393.0); (363.0,395.0); (363.0,396.0); (362.0,397.0); (362.0,417.0); (365.0,420.0); (373.0,420.0); (374.0,419.0); (375.0,419.0); (377.0,417.0); (377.0,396.0); (376.0,395.0); (376.0,394.0); (375.0,394.0); (374.0,393.0)","[[365.0, 393.0], [363.0, 395.0], [363.0, 396.0], [362.0, 397.0], [362.0, 417.0], [365.0, 420.0], [373.0, 420.0], [374.0, 419.0], [375.0, 419.0], [377.0, 417.0], [377.0, 396.0], [376.0, 395.0], [376.0, 394.0], [375.0, 394.0], [374.0, 393.0]]"
ACM-109_Bottom,39,C27,capacitor,capacitor unknown,Capacitor_SMD,Capacitor_SMD:C_0805_2012Metric,321,437,335,462,0.932,20,"(324.0,435.0); (321.0,437.0); (321.0,443.0); (322.0,444.0); (322.0,449.0); (321.0,450.0); (321.0,459.0); (322.0,460.0); (322.0,461.0); (323.0,461.0); (324.0,462.0); (332.0,462.0); (333.0,461.0); (334.0,461.0); (334.0,460.0); (335.0,459.0); (335.0,439.0); (333.0,436.0); (331.0,436.0); (330.0,435.0)","[[324.0, 435.0], [321.0, 437.0], [321.0, 443.0], [322.0, 444.0], [322.0, 449.0], [321.0, 450.0], [321.0, 459.0], [322.0, 460.0], [322.0, 461.0], [323.0, 461.0], [324.0, 462.0], [332.0, 462.0], [333.0, 461.0], [334.0, 461.0], [334.0, 460.0], [335.0, 459.0], [335.0, 439.0], [333.0, 436.0], [331.0, 436.0], [330.0, 435.0]]"
ACM-109_Bottom,40,C28,capacitor,capacitor unknown,Capacitor_SMD,Capacitor_SMD:C_0805_2012Metric,305,431,317,456,0.943,14,"(307.0,431.0); (305.0,433.0); (305.0,437.0); (304.0,438.0); (304.0,453.0); (305.0,454.0); (305.0,455.0); (307.0,457.0); (315.0,457.0); (317.0,454.0); (317.0,437.0); (318.0,436.0); (318.0,434.0); (316.0,431.0)","[[307.0, 431.0], [305.0, 433.0], [305.0, 437.0], [304.0, 438.0], [304.0, 453.0], [305.0, 454.0], [305.0, 455.0], [307.0, 457.0], [315.0, 457.0], [317.0, 454.0], [317.0, 437.0], [318.0, 436.0], [318.0, 434.0], [316.0, 431.0]]"
ACM-109_Bottom,41,C29,capacitor,capacitor unknown,Capacitor_SMD,Capacitor_SMD:C_0805_2012Metric,270,424,285,450,0.956,16,"(272.0,423.0); (269.0,428.0); (269.0,445.0); (270.0,446.0); (271.0,449.0); (272.0,449.0); (273.0,450.0); (281.0,450.0); (282.0,449.0); (283.0,449.0); (283.0,448.0); (285.0,445.0); (285.0,426.0); (283.0,424.0); (282.0,424.0); (281.0,423.0)","[[272.0, 423.0], [269.0, 428.0], [269.0, 445.0], [270.0, 446.0], [271.0, 449.0], [272.0, 449.0], [273.0, 450.0], [281.0, 450.0], [282.0, 449.0], [283.0, 449.0], [283.0, 448.0], [285.0, 445.0], [285.0, 426.0], [283.0, 424.0], [282.0, 424.0], [281.0, 423.0]]"
ACM-109_Bottom,42,C30,capacitor,capacitor unknown,Capacitor_SMD,Capacitor_SMD:C_0805_2012Metric,251,406,265,430,0.952,15,"(253.0,404.0); (252.0,405.0); (251.0,405.0); (251.0,409.0); (250.0,410.0); (250.0,427.0); (253.0,430.0); (262.0,430.0); (264.0,428.0); (264.0,427.0); (265.0,426.0); (265.0,408.0); (264.0,407.0); (264.0,406.0); (262.0,404.0)","[[253.0, 404.0], [252.0, 405.0], [251.0, 405.0], [251.0, 409.0], [250.0, 410.0], [250.0, 427.0], [253.0, 430.0], [262.0, 430.0], [264.0, 428.0], [264.0, 427.0], [265.0, 426.0], [265.0, 408.0], [264.0, 407.0], [264.0, 406.0], [262.0, 404.0]]"
ACM-109_Bottom,43,C31,capacitor,capacitor unknown,Capacitor_SMD,Capacitor_SMD:C_0805_2012Metric,293,362,306,388,0.922,23,"(295.0,361.0); (294.0,362.0); (293.0,362.0); (291.0,364.0); (291.0,378.0); (292.0,379.0); (292.0,382.0); (293.0,383.0); (293.0,384.0); (294.0,384.0); (297.0,386.0); (300.0,386.0); (301.0,387.0); (302.0,387.0); (304.0,385.0); (305.0,385.0); (305.0,383.0); (306.0,382.0); (306.0,365.0); (305.0,364.0); (305.0,362.0); (299.0,362.0); (298.0,361.0)","[[295.0, 361.0], [294.0, 362.0], [293.0, 362.0], [291.0, 364.0], [291.0, 378.0], [292.0, 379.0], [292.0, 382.0], [293.0, 383.0], [293.0, 384.0], [294.0, 384.0], [297.0, 386.0], [300.0, 386.0], [301.0, 387.0], [302.0, 387.0], [304.0, 385.0], [305.0, 385.0], [305.0, 383.0], [306.0, 382.0], [306.0, 365.0], [305.0, 364.0], [305.0, 362.0], [299.0, 362.0], [298.0, 361.0]]"
ACM-109_Bottom,44,C32,capacitor,capacitor unknown,Capacitor_SMD,Capacitor_SMD:C_0805_2012Metric,273,360,286,384,0.933,23,"(274.0,360.0); (272.0,362.0); (272.0,369.0); (271.0,370.0); (271.0,379.0); (272.0,380.0); (272.0,382.0); (273.0,382.0); (274.0,383.0); (280.0,383.0); (281.0,382.0); (283.0,382.0); (285.0,380.0); (285.0,377.0); (286.0,376.0); (286.0,366.0); (285.0,365.0); (285.0,364.0); (286.0,363.0); (285.0,362.0); (285.0,361.0); (283.0,361.0); (282.0,360.0)","[[274.0, 360.0], [272.0, 362.0], [272.0, 369.0], [271.0, 370.0], [271.0, 379.0], [272.0, 380.0], [272.0, 382.0], [273.0, 382.0], [274.0, 383.0], [280.0, 383.0], [281.0, 382.0], [283.0, 382.0], [285.0, 380.0], [285.0, 377.0], [286.0, 376.0], [286.0, 366.0], [285.0, 365.0], [285.0, 364.0], [286.0, 363.0], [285.0, 362.0], [285.0, 361.0], [283.0, 361.0], [282.0, 360.0]]"
ACM-109_Bottom,45,C33,capacitor,capacitor unknown,Capacitor_SMD,Capacitor_SMD:C_0805_2012Metric,284,345,307,358,0.929,9,"(284.0,347.0); (284.0,355.0); (287.0,357.0); (305.0,357.0); (305.0,356.0); (306.0,355.0); (306.0,346.0); (305.0,345.0); (286.0,345.0)","[[284.0, 347.0], [284.0, 355.0], [287.0, 357.0], [305.0, 357.0], [305.0, 356.0], [306.0, 355.0], [306.0, 346.0], [305.0, 345.0], [286.0, 345.0]]"
ACM-109_Bottom,46,C34,capacitor,capacitor unknown,Capacitor_SMD,Capacitor_SMD:C_0805_2012Metric,271,320,286,345,0.956,16,"(274.0,320.0); (273.0,321.0); (272.0,321.0); (270.0,324.0); (270.0,337.0); (271.0,338.0); (271.0,340.0); (273.0,343.0); (283.0,343.0); (285.0,341.0); (285.0,336.0); (286.0,335.0); (286.0,327.0); (285.0,326.0); (285.0,322.0); (283.0,320.0)","[[274.0, 320.0], [273.0, 321.0], [272.0, 321.0], [270.0, 324.0], [270.0, 337.0], [271.0, 338.0], [271.0, 340.0], [273.0, 343.0], [283.0, 343.0], [285.0, 341.0], [285.0, 336.0], [286.0, 335.0], [286.0, 327.0], [285.0, 326.0], [285.0, 322.0], [283.0, 320.0]]"
ACM-109_Bottom,47,C35,capacitor,capacitor unknown,Capacitor_SMD,Capacitor_SMD:C_0805_2012Metric,257,345,281,359,0.938,18,"(256.0,346.0); (256.0,356.0); (257.0,357.0); (261.0,357.0); (262.0,358.0); (268.0,358.0); (269.0,357.0); (277.0,357.0); (278.0,356.0); (279.0,356.0); (279.0,346.0); (274.0,346.0); (273.0,345.0); (271.0,345.0); (270.0,346.0); (268.0,346.0); (267.0,345.0); (257.0,345.0)","[[256.0, 346.0], [256.0, 356.0], [257.0, 357.0], [261.0, 357.0], [262.0, 358.0], [268.0, 358.0], [269.0, 357.0], [277.0, 357.0], [278.0, 356.0], [279.0, 356.0], [279.0, 346.0], [274.0, 346.0], [273.0, 345.0], [271.0, 345.0], [270.0, 346.0], [268.0, 346.0], [267.0, 345.0], [257.0, 345.0]]"
ACM-109_Bottom,48,C36,capacitor,capacitor unknown,Capacitor_SMD,Capacitor_SMD:C_0805_2012Metric,204,343,226,357,0.942,12,"(204.0,344.0); (204.0,346.0); (203.0,347.0); (203.0,354.0); (204.0,355.0); (204.0,356.0); (225.0,356.0); (226.0,355.0); (226.0,344.0); (225.0,343.0); (209.0,343.0); (208.0,344.0)","[[204.0, 344.0], [204.0, 346.0], [203.0, 347.0], [203.0, 354.0], [204.0, 355.0], [204.0, 356.0], [225.0, 356.0], [226.0, 355.0], [226.0, 344.0], [225.0, 343.0], [209.0, 343.0], [208.0, 344.0]]"
ACM-109_Bottom,49,C37,capacitor,capacitor unknown,Capacitor_SMD,Capacitor_SMD:C_0805_2012Metric,185,331,211,343,0.93,13,"(184.0,332.0); (184.0,340.0); (186.0,342.0); (205.0,342.0); (206.0,341.0); (209.0,341.0); (210.0,340.0); (210.0,333.0); (209.0,332.0); (209.0,331.0); (207.0,331.0); (206.0,330.0); (187.0,330.0)","[[184.0, 332.0], [184.0, 340.0], [186.0, 342.0], [205.0, 342.0], [206.0, 341.0], [209.0, 341.0], [210.0, 340.0], [210.0, 333.0], [209.0, 332.0], [209.0, 331.0], [207.0, 331.0], [206.0, 330.0], [187.0, 330.0]]"
ACM-109_Bottom,50,C38,capacitor,capacitor unknown,Capacitor_SMD,Capacitor_SMD:C_0805_2012Metric,174,343,201,357,0.945,21,"(174.0,344.0); (174.0,347.0); (173.0,348.0); (173.0,349.0); (174.0,350.0); (174.0,354.0); (177.0,357.0); (196.0,357.0); (199.0,355.0); (199.0,352.0); (198.0,351.0); (198.0,344.0); (196.0,344.0); (195.0,343.0); (192.0,343.0); (191.0,344.0); (189.0,344.0); (188.0,343.0); (181.0,343.0); (180.0,342.0); (177.0,342.0)","[[174.0, 344.0], [174.0, 347.0], [173.0, 348.0], [173.0, 349.0], [174.0, 350.0], [174.0, 354.0], [177.0, 357.0], [196.0, 357.0], [199.0, 355.0], [199.0, 352.0], [198.0, 351.0], [198.0, 344.0], [196.0, 344.0], [195.0, 343.0], [192.0, 343.0], [191.0, 344.0], [189.0, 344.0], [188.0, 343.0], [181.0, 343.0], [180.0, 342.0], [177.0, 342.0]]"
ACM-109_Bottom,51,C39,capacitor,capacitor unknown,Capacitor_SMD,Capacitor_SMD:C_0805_2012Metric,188,373,213,385,0.911,12,"(187.0,375.0); (187.0,382.0); (188.0,383.0); (188.0,384.0); (211.0,384.0); (212.0,383.0); (212.0,374.0); (209.0,372.0); (190.0,372.0); (189.0,373.0); (188.0,373.0); (188.0,374.0)","[[187.0, 375.0], [187.0, 382.0], [188.0, 383.0], [188.0, 384.0], [211.0, 384.0], [212.0, 383.0], [212.0, 374.0], [209.0, 372.0], [190.0, 372.0], [189.0, 373.0], [188.0, 373.0], [188.0, 374.0]]"
ACM-109_Bottom,52,C40,capacitor,capacitor unknown,Capacitor_SMD,Capacitor_SMD:C_0805_2012Metric,201,415,226,430,0.961,15,"(200.0,418.0); (200.0,426.0); (201.0,427.0); (201.0,428.0); (202.0,428.0); (205.0,430.0); (222.0,430.0); (223.0,429.0); (224.0,429.0); (226.0,427.0); (226.0,417.0); (223.0,414.0); (203.0,414.0); (201.0,416.0); (201.0,417.0)","[[200.0, 418.0], [200.0, 426.0], [201.0, 427.0], [201.0, 428.0], [202.0, 428.0], [205.0, 430.0], [222.0, 430.0], [223.0, 429.0], [224.0, 429.0], [226.0, 427.0], [226.0, 417.0], [223.0, 414.0], [203.0, 414.0], [201.0, 416.0], [201.0, 417.0]]"
ACM-109_Bottom,53,C41,capacitor,capacitor unknown,Capacitor_SMD,Capacitor_SMD:C_0805_2012Metric,230,432,245,459,0.943,12,"(232.0,433.0); (230.0,435.0); (230.0,447.0); (229.0,448.0); (229.0,454.0); (230.0,455.0); (230.0,457.0); (232.0,459.0); (242.0,459.0); (245.0,456.0); (245.0,436.0); (243.0,433.0)","[[232.0, 433.0], [230.0, 435.0], [230.0, 447.0], [229.0, 448.0], [229.0, 454.0], [230.0, 455.0], [230.0, 457.0], [232.0, 459.0], [242.0, 459.0], [245.0, 456.0], [245.0, 436.0], [243.0, 433.0]]"
ACM-109_Bottom,54,C42,capacitor,capacitor unknown,Capacitor_SMD,Capacitor_SMD:C_0805_2012Metric,130,515,155,530,0.96,19,"(130.0,515.0); (130.0,516.0); (129.0,517.0); (129.0,527.0); (130.0,528.0); (130.0,529.0); (131.0,529.0); (132.0,530.0); (152.0,530.0); (153.0,529.0); (154.0,529.0); (154.0,528.0); (155.0,527.0); (155.0,516.0); (154.0,515.0); (153.0,515.0); (152.0,514.0); (132.0,514.0); (131.0,515.0)","[[130.0, 515.0], [130.0, 516.0], [129.0, 517.0], [129.0, 527.0], [130.0, 528.0], [130.0, 529.0], [131.0, 529.0], [132.0, 530.0], [152.0, 530.0], [153.0, 529.0], [154.0, 529.0], [154.0, 528.0], [155.0, 527.0], [155.0, 516.0], [154.0, 515.0], [153.0, 515.0], [152.0, 514.0], [132.0, 514.0], [131.0, 515.0]]"
ACM-109_Bottom,55,C43,capacitor,capacitor unknown,Capacitor_SMD,Capacitor_SMD:C_0805_2012Metric,35,386,47,410,0.861,25,"(36.0,385.0); (36.0,386.0); (35.0,387.0); (35.0,391.0); (34.0,392.0); (34.0,396.0); (35.0,397.0); (35.0,399.0); (34.0,400.0); (34.0,408.0); (37.0,411.0); (44.0,411.0); (46.0,409.0); (46.0,408.0); (47.0,407.0); (47.0,406.0); (46.0,405.0); (46.0,391.0); (47.0,390.0); (47.0,387.0); (45.0,385.0); (42.0,385.0); (41.0,386.0); (39.0,386.0); (38.0,385.0)","[[36.0, 385.0], [36.0, 386.0], [35.0, 387.0], [35.0, 391.0], [34.0, 392.0], [34.0, 396.0], [35.0, 397.0], [35.0, 399.0], [34.0, 400.0], [34.0, 408.0], [37.0, 411.0], [44.0, 411.0], [46.0, 409.0], [46.0, 408.0], [47.0, 407.0], [47.0, 406.0], [46.0, 405.0], [46.0, 391.0], [47.0, 390.0], [47.0, 387.0], [45.0, 385.0], [42.0, 385.0], [41.0, 386.0], [39.0, 386.0], [38.0, 385.0]]"
ACM-109_Bottom,56,C44,capacitor,capacitor unknown,Capacitor_SMD,Capacitor_SMD:C_0805_2012Metric,88,387,102,413,0.925,18,"(91.0,385.0); (88.0,387.0); (88.0,389.0); (87.0,390.0); (87.0,409.0); (88.0,410.0); (88.0,411.0); (91.0,413.0); (97.0,413.0); (98.0,412.0); (100.0,412.0); (102.0,409.0); (102.0,390.0); (101.0,389.0); (101.0,387.0); (100.0,386.0); (96.0,386.0); (95.0,385.0)","[[91.0, 385.0], [88.0, 387.0], [88.0, 389.0], [87.0, 390.0], [87.0, 409.0], [88.0, 410.0], [88.0, 411.0], [91.0, 413.0], [97.0, 413.0], [98.0, 412.0], [100.0, 412.0], [102.0, 409.0], [102.0, 390.0], [101.0, 389.0], [101.0, 387.0], [100.0, 386.0], [96.0, 386.0], [95.0, 385.0]]"
ACM-109_Bottom,57,C45,capacitor,capacitor unknown,Capacitor_SMD,Capacitor_SMD:C_0805_2012Metric,251,289,265,316,0.96,17,"(253.0,289.0); (250.0,292.0); (250.0,312.0); (251.0,313.0); (251.0,314.0); (252.0,314.0); (253.0,315.0); (255.0,315.0); (256.0,316.0); (261.0,316.0); (262.0,315.0); (264.0,315.0); (266.0,312.0); (266.0,293.0); (265.0,292.0); (265.0,291.0); (263.0,289.0)","[[253.0, 289.0], [250.0, 292.0], [250.0, 312.0], [251.0, 313.0], [251.0, 314.0], [252.0, 314.0], [253.0, 315.0], [255.0, 315.0], [256.0, 316.0], [261.0, 316.0], [262.0, 315.0], [264.0, 315.0], [266.0, 312.0], [266.0, 293.0], [265.0, 292.0], [265.0, 291.0], [263.0, 289.0]]"
ACM-109_Bottom,58,J3,connector,connector CN2,Connector,Connector_PinHeader_2.54mm:PinHeader_1x04_P2.54mm_Vert,13,94,47,197,0.853,8,"(19.0,166.0); (17.0,168.0); (17.0,187.0); (19.0,190.0); (40.0,190.0); (41.0,188.0); (41.0,167.0); (40.0,166.0)","[[19.0, 166.0], [17.0, 168.0], [17.0, 187.0], [19.0, 190.0], [40.0, 190.0], [41.0, 188.0], [41.0, 167.0], [40.0, 166.0]]"
ACM-109_Bottom,59,J4,connector,connector TP1,Connector,Connector_PinHeader_2.54mm:PinHeader_1x04_P2.54mm_Vert,514,488,549,563,0.949,19,"(518.0,531.0); (518.0,555.0); (519.0,556.0); (525.0,556.0); (526.0,557.0); (537.0,557.0); (538.0,556.0); (543.0,556.0); (544.0,557.0); (546.0,557.0); (546.0,555.0); (544.0,551.0); (544.0,537.0); (543.0,536.0); (543.0,532.0); (542.0,531.0); (537.0,531.0); (536.0,530.0); (519.0,530.0)","[[518.0, 531.0], [518.0, 555.0], [519.0, 556.0], [525.0, 556.0], [526.0, 557.0], [537.0, 557.0], [538.0, 556.0], [543.0, 556.0], [544.0, 557.0], [546.0, 557.0], [546.0, 555.0], [544.0, 551.0], [544.0, 537.0], [543.0, 536.0], [543.0, 532.0], [542.0, 531.0], [537.0, 531.0], [536.0, 530.0], [519.0, 530.0]]"
ACM-109_Bottom,60,U3,component,"""component text"" 152",Generic_Component,Package_SO:SOIC-8_3.9x4.9mm_P1.27mm,33,329,54,342,0.811,11,"(36.0,332.0); (36.0,337.0); (35.0,338.0); (36.0,339.0); (36.0,340.0); (51.0,340.0); (51.0,334.0); (52.0,333.0); (52.0,332.0); (51.0,331.0); (37.0,331.0)","[[36.0, 332.0], [36.0, 337.0], [35.0, 338.0], [36.0, 339.0], [36.0, 340.0], [51.0, 340.0], [51.0, 334.0], [52.0, 333.0], [52.0, 332.0], [51.0, 331.0], [37.0, 331.0]]"
ACM-109_Top,1,C1,capacitor,capacitor C27,Capacitor_SMD,Capacitor_SMD:C_0805_2012Metric,66,19,133,60,0.942,14,"(135.0,20.0); (122.0,17.0); (124.0,15.0); (128.0,15.0); (106.0,15.0); (98.0,18.0); (67.0,17.0); (66.0,58.0); (86.0,57.0); (89.0,55.0); (93.0,56.0); (98.0,54.0); (133.0,56.0); (136.0,53.0)","[[135.0, 20.0], [122.0, 17.0], [124.0, 15.0], [128.0, 15.0], [106.0, 15.0], [98.0, 18.0], [67.0, 17.0], [66.0, 58.0], [86.0, 57.0], [89.0, 55.0], [93.0, 56.0], [98.0, 54.0], [133.0, 56.0], [136.0, 53.0]]"
ACM-109_Top,2,R1,resistor,resistor R30,Resistor_SMD,Resistor_SMD:R_0805_2012Metric,92,119,118,132,0.946,18,"(91.0,119.0); (91.0,131.0); (92.0,132.0); (116.0,132.0); (117.0,131.0); (117.0,119.0); (116.0,119.0); (115.0,118.0); (112.0,118.0); (111.0,119.0); (106.0,119.0); (105.0,118.0); (102.0,118.0); (101.0,119.0); (97.0,119.0); (96.0,118.0); (93.0,118.0); (92.0,119.0)","[[91.0, 119.0], [91.0, 131.0], [92.0, 132.0], [116.0, 132.0], [117.0, 131.0], [117.0, 119.0], [116.0, 119.0], [115.0, 118.0], [112.0, 118.0], [111.0, 119.0], [106.0, 119.0], [105.0, 118.0], [102.0, 118.0], [101.0, 119.0], [97.0, 119.0], [96.0, 118.0], [93.0, 118.0], [92.0, 119.0]]"
ACM-109_Top,3,D1,led,led L3,LED_SMD,LED_SMD:LED_0805_2012Metric,126,132,165,150,0.95,12,"(126.0,132.0); (126.0,137.0); (127.0,138.0); (126.0,140.0); (126.0,148.0); (127.0,149.0); (163.0,149.0); (166.0,144.0); (166.0,138.0); (165.0,137.0); (165.0,134.0); (163.0,132.0)","[[126.0, 132.0], [126.0, 137.0], [127.0, 138.0], [126.0, 140.0], [126.0, 148.0], [127.0, 149.0], [163.0, 149.0], [166.0, 144.0], [166.0, 138.0], [165.0, 137.0], [165.0, 134.0], [163.0, 132.0]]"
ACM-109_Top,4,C2,capacitor,capacitor C23,Capacitor_SMD,Capacitor_SMD:C_0805_2012Metric,187,156,201,180,0.918,12,"(190.0,154.0); (187.0,156.0); (187.0,178.0); (189.0,180.0); (195.0,180.0); (196.0,179.0); (198.0,179.0); (200.0,177.0); (200.0,156.0); (199.0,155.0); (193.0,155.0); (192.0,154.0)","[[190.0, 154.0], [187.0, 156.0], [187.0, 178.0], [189.0, 180.0], [195.0, 180.0], [196.0, 179.0], [198.0, 179.0], [200.0, 177.0], [200.0, 156.0], [199.0, 155.0], [193.0, 155.0], [192.0, 154.0]]"
ACM-109_Top,5,Y1,clock,clock U4,Crystal,Crystal:Crystal_SMD_3225-4Pin_3.2x2.5mm,206,148,255,187,0.908,23,"(206.0,146.0); (206.0,149.0); (208.0,151.0); (206.0,153.0); (206.0,157.0); (210.0,159.0); (209.0,163.0); (206.0,165.0); (206.0,168.0); (210.0,171.0); (209.0,181.0); (211.0,183.0); (224.0,183.0); (229.0,187.0); (231.0,187.0); (234.0,183.0); (239.0,184.0); (251.0,183.0); (253.0,187.0); (255.0,185.0); (254.0,180.0); (255.0,147.0); (253.0,145.0)","[[206.0, 146.0], [206.0, 149.0], [208.0, 151.0], [206.0, 153.0], [206.0, 157.0], [210.0, 159.0], [209.0, 163.0], [206.0, 165.0], [206.0, 168.0], [210.0, 171.0], [209.0, 181.0], [211.0, 183.0], [224.0, 183.0], [229.0, 187.0], [231.0, 187.0], [234.0, 183.0], [239.0, 184.0], [251.0, 183.0], [253.0, 187.0], [255.0, 185.0], [254.0, 180.0], [255.0, 147.0], [253.0, 145.0]]"
ACM-109_Top,6,R2,resistor,resistor R6,Resistor_SMD,Resistor_SMD:R_0805_2012Metric,263,164,276,189,0.934,20,"(264.0,163.0); (263.0,164.0); (263.0,178.0); (264.0,179.0); (264.0,180.0); (263.0,181.0); (263.0,183.0); (264.0,184.0); (264.0,186.0); (265.0,187.0); (267.0,187.0); (268.0,186.0); (273.0,186.0); (274.0,187.0); (275.0,187.0); (275.0,178.0); (276.0,177.0); (276.0,173.0); (275.0,172.0); (275.0,163.0)","[[264.0, 163.0], [263.0, 164.0], [263.0, 178.0], [264.0, 179.0], [264.0, 180.0], [263.0, 181.0], [263.0, 183.0], [264.0, 184.0], [264.0, 186.0], [265.0, 187.0], [267.0, 187.0], [268.0, 186.0], [273.0, 186.0], [274.0, 187.0], [275.0, 187.0], [275.0, 178.0], [276.0, 177.0], [276.0, 173.0], [275.0, 172.0], [275.0, 163.0]]"
ACM-109_Top,7,R3,resistor,resistor R14,Resistor_SMD,Resistor_SMD:R_0805_2012Metric,297,168,321,181,0.933,13,"(297.0,169.0); (297.0,171.0); (298.0,172.0); (298.0,175.0); (297.0,176.0); (299.0,179.0); (319.0,179.0); (320.0,178.0); (320.0,169.0); (317.0,167.0); (303.0,167.0); (302.0,168.0); (298.0,168.0)","[[297.0, 169.0], [297.0, 171.0], [298.0, 172.0], [298.0, 175.0], [297.0, 176.0], [299.0, 179.0], [319.0, 179.0], [320.0, 178.0], [320.0, 169.0], [317.0, 167.0], [303.0, 167.0], [302.0, 168.0], [298.0, 168.0]]"
ACM-109_Top,8,R4,resistor,resistor R13,Resistor_SMD,Resistor_SMD:R_0805_2012Metric,297,202,321,215,0.92,21,"(297.0,201.0); (297.0,208.0); (296.0,209.0); (296.0,211.0); (297.0,212.0); (297.0,213.0); (302.0,213.0); (303.0,212.0); (309.0,212.0); (312.0,215.0); (313.0,215.0); (314.0,216.0); (317.0,216.0); (318.0,215.0); (319.0,215.0); (321.0,213.0); (321.0,201.0); (319.0,201.0); (318.0,200.0); (299.0,200.0); (298.0,201.0)","[[297.0, 201.0], [297.0, 208.0], [296.0, 209.0], [296.0, 211.0], [297.0, 212.0], [297.0, 213.0], [302.0, 213.0], [303.0, 212.0], [309.0, 212.0], [312.0, 215.0], [313.0, 215.0], [314.0, 216.0], [317.0, 216.0], [318.0, 215.0], [319.0, 215.0], [321.0, 213.0], [321.0, 201.0], [319.0, 201.0], [318.0, 200.0], [299.0, 200.0], [298.0, 201.0]]"
ACM-109_Top,9,D2,led,led L2,LED_SMD,LED_SMD:LED_0805_2012Metric,335,179,373,196,0.95,20,"(334.0,181.0); (334.0,194.0); (335.0,195.0); (338.0,195.0); (339.0,194.0); (366.0,194.0); (367.0,195.0); (372.0,195.0); (374.0,193.0); (374.0,186.0); (373.0,185.0); (373.0,181.0); (372.0,179.0); (370.0,179.0); (369.0,178.0); (367.0,178.0); (366.0,179.0); (364.0,179.0); (363.0,178.0); (335.0,179.0)","[[334.0, 181.0], [334.0, 194.0], [335.0, 195.0], [338.0, 195.0], [339.0, 194.0], [366.0, 194.0], [367.0, 195.0], [372.0, 195.0], [374.0, 193.0], [374.0, 186.0], [373.0, 185.0], [373.0, 181.0], [372.0, 179.0], [370.0, 179.0], [369.0, 178.0], [367.0, 178.0], [366.0, 179.0], [364.0, 179.0], [363.0, 178.0], [335.0, 179.0]]"
ACM-109_Top,10,R5,resistor,resistor R15,Resistor_SMD,Resistor_SMD:R_0805_2012Metric,435,86,447,113,0.92,24,"(436.0,85.0); (435.0,86.0); (434.0,86.0); (434.0,87.0); (435.0,88.0); (435.0,89.0); (434.0,90.0); (434.0,110.0); (437.0,110.0); (438.0,111.0); (440.0,111.0); (441.0,110.0); (442.0,110.0); (443.0,111.0); (445.0,111.0); (446.0,110.0); (447.0,110.0); (447.0,104.0); (446.0,103.0); (446.0,100.0); (447.0,99.0); (447.0,86.0); (446.0,86.0); (445.0,85.0)","[[436.0, 85.0], [435.0, 86.0], [434.0, 86.0], [434.0, 87.0], [435.0, 88.0], [435.0, 89.0], [434.0, 90.0], [434.0, 110.0], [437.0, 110.0], [438.0, 111.0], [440.0, 111.0], [441.0, 110.0], [442.0, 110.0], [443.0, 111.0], [445.0, 111.0], [446.0, 110.0], [447.0, 110.0], [447.0, 104.0], [446.0, 103.0], [446.0, 100.0], [447.0, 99.0], [447.0, 86.0], [446.0, 86.0], [445.0, 85.0]]"
ACM-109_Top,11,R6,resistor,resistor R26,Resistor_SMD,Resistor_SMD:R_0805_2012Metric,479,111,505,124,0.934,22,"(478.0,113.0); (478.0,122.0); (479.0,123.0); (479.0,124.0); (480.0,124.0); (481.0,123.0); (490.0,123.0); (491.0,124.0); (492.0,124.0); (493.0,123.0); (502.0,123.0); (503.0,122.0); (504.0,122.0); (504.0,112.0); (503.0,111.0); (494.0,111.0); (493.0,110.0); (491.0,110.0); (490.0,111.0); (482.0,111.0); (481.0,110.0); (480.0,110.0)","[[478.0, 113.0], [478.0, 122.0], [479.0, 123.0], [479.0, 124.0], [480.0, 124.0], [481.0, 123.0], [490.0, 123.0], [491.0, 124.0], [492.0, 124.0], [493.0, 123.0], [502.0, 123.0], [503.0, 122.0], [504.0, 122.0], [504.0, 112.0], [503.0, 111.0], [494.0, 111.0], [493.0, 110.0], [491.0, 110.0], [490.0, 111.0], [482.0, 111.0], [481.0, 110.0], [480.0, 110.0]]"
ACM-109_Top,12,R7,resistor,resistor R25,Resistor_SMD,Resistor_SMD:R_0805_2012Metric,480,130,504,143,0.931,21,"(478.0,130.0); (478.0,140.0); (479.0,141.0); (479.0,142.0); (486.0,142.0); (487.0,141.0); (490.0,141.0); (491.0,142.0); (492.0,141.0); (495.0,141.0); (496.0,142.0); (497.0,142.0); (498.0,141.0); (503.0,141.0); (504.0,140.0); (504.0,134.0); (503.0,133.0); (503.0,130.0); (501.0,130.0); (500.0,129.0); (479.0,129.0)","[[478.0, 130.0], [478.0, 140.0], [479.0, 141.0], [479.0, 142.0], [486.0, 142.0], [487.0, 141.0], [490.0, 141.0], [491.0, 142.0], [492.0, 141.0], [495.0, 141.0], [496.0, 142.0], [497.0, 142.0], [498.0, 141.0], [503.0, 141.0], [504.0, 140.0], [504.0, 134.0], [503.0, 133.0], [503.0, 130.0], [501.0, 130.0], [500.0, 129.0], [479.0, 129.0]]"
ACM-109_Top,13,J1,connector,connector CN2,Connector,Connector_PinHeader_2.54mm:PinHeader_1x04_P2.54mm_Vert,514,96,547,196,0.925,9,"(545.0,95.0); (514.0,97.0); (512.0,121.0); (514.0,140.0); (512.0,153.0); (512.0,195.0); (545.0,196.0); (547.0,192.0); (547.0,97.0)","[[545.0, 95.0], [514.0, 97.0], [512.0, 121.0], [514.0, 140.0], [512.0, 153.0], [512.0, 195.0], [545.0, 196.0], [547.0, 192.0], [547.0, 97.0]]"
ACM-109_Top,14,D3,led,led L1,LED_SMD,LED_SMD:LED_0805_2012Metric,487,168,502,204,0.91,17,"(489.0,169.0); (488.0,171.0); (488.0,190.0); (487.0,191.0); (487.0,196.0); (488.0,197.0); (488.0,201.0); (500.0,201.0); (501.0,200.0); (501.0,195.0); (502.0,194.0); (502.0,192.0); (501.0,191.0); (501.0,185.0); (502.0,184.0); (502.0,172.0); (500.0,169.0)","[[489.0, 169.0], [488.0, 171.0], [488.0, 190.0], [487.0, 191.0], [487.0, 196.0], [488.0, 197.0], [488.0, 201.0], [500.0, 201.0], [501.0, 200.0], [501.0, 195.0], [502.0, 194.0], [502.0, 192.0], [501.0, 191.0], [501.0, 185.0], [502.0, 184.0], [502.0, 172.0], [500.0, 169.0]]"
ACM-109_Top,15,U1,ic,ic U6,Package_SO,Package_SO:SOIC-8_3.9x4.9mm_P1.27mm,385,113,454,197,0.94,36,"(388.0,114.0); (387.0,128.0); (383.0,131.0); (382.0,177.0); (388.0,181.0); (389.0,195.0); (393.0,194.0); (393.0,181.0); (396.0,179.0); (405.0,181.0); (407.0,195.0); (411.0,180.0); (422.0,181.0); (423.0,194.0); (426.0,193.0); (425.0,182.0); (436.0,180.0); (436.0,192.0); (441.0,195.0); (443.0,182.0); (455.0,168.0); (454.0,143.0); (450.0,145.0); (444.0,117.0); (437.0,116.0); (438.0,129.0); (429.0,130.0); (428.0,115.0); (421.0,115.0); (421.0,129.0); (413.0,130.0); (410.0,116.0); (404.0,115.0); (405.0,128.0); (396.0,130.0); (395.0,114.0)","[[388.0, 114.0], [387.0, 128.0], [383.0, 131.0], [382.0, 177.0], [388.0, 181.0], [389.0, 195.0], [393.0, 194.0], [393.0, 181.0], [396.0, 179.0], [405.0, 181.0], [407.0, 195.0], [411.0, 180.0], [422.0, 181.0], [423.0, 194.0], [426.0, 193.0], [425.0, 182.0], [436.0, 180.0], [436.0, 192.0], [441.0, 195.0], [443.0, 182.0], [455.0, 168.0], [454.0, 143.0], [450.0, 145.0], [444.0, 117.0], [437.0, 116.0], [438.0, 129.0], [429.0, 130.0], [428.0, 115.0], [421.0, 115.0], [421.0, 129.0], [413.0, 130.0], [410.0, 116.0], [404.0, 115.0], [405.0, 128.0], [396.0, 130.0], [395.0, 114.0]]"
ACM-109_Top,16,U2,ic,ic U5,Package_SO,Package_SO:SOIC-8_3.9x4.9mm_P1.27mm,328,200,378,233,0.959,9,"(326.0,206.0); (327.0,232.0); (379.0,233.0); (380.0,229.0); (379.0,200.0); (374.0,199.0); (372.0,200.0); (334.0,199.0); (330.0,201.0)","[[326.0, 206.0], [327.0, 232.0], [379.0, 233.0], [380.0, 229.0], [379.0, 200.0], [374.0, 199.0], [372.0, 200.0], [334.0, 199.0], [330.0, 201.0]]"
ACM-109_Top,17,R8,resistor,resistor R16,Resistor_SMD,Resistor_SMD:R_0805_2012Metric,386,204,411,217,0.918,24,"(384.0,203.0); (384.0,217.0); (389.0,217.0); (390.0,216.0); (392.0,216.0); (393.0,215.0); (403.0,215.0); (406.0,217.0); (409.0,217.0); (410.0,216.0); (410.0,203.0); (409.0,203.0); (408.0,202.0); (406.0,202.0); (401.0,205.0); (399.0,205.0); (398.0,204.0); (397.0,205.0); (395.0,205.0); (394.0,204.0); (391.0,204.0); (390.0,203.0); (388.0,203.0); (387.0,202.0)","[[384.0, 203.0], [384.0, 217.0], [389.0, 217.0], [390.0, 216.0], [392.0, 216.0], [393.0, 215.0], [403.0, 215.0], [406.0, 217.0], [409.0, 217.0], [410.0, 216.0], [410.0, 203.0], [409.0, 203.0], [408.0, 202.0], [406.0, 202.0], [401.0, 205.0], [399.0, 205.0], [398.0, 204.0], [397.0, 205.0], [395.0, 205.0], [394.0, 204.0], [391.0, 204.0], [390.0, 203.0], [388.0, 203.0], [387.0, 202.0]]"
ACM-109_Top,18,SW1,switch,switch SW1,Button_Switch_SMD,Button_Switch_SMD:SW_Push_SPST_NO_Alps_SKRK,474,210,531,311,0.96,14,"(515.0,213.0); (488.0,214.0); (487.0,225.0); (475.0,230.0); (475.0,296.0); (487.0,299.0); (488.0,311.0); (516.0,311.0); (517.0,299.0); (524.0,299.0); (529.0,294.0); (528.0,231.0); (518.0,227.0); (517.0,214.0)","[[515.0, 213.0], [488.0, 214.0], [487.0, 225.0], [475.0, 230.0], [475.0, 296.0], [487.0, 299.0], [488.0, 311.0], [516.0, 311.0], [517.0, 299.0], [524.0, 299.0], [529.0, 294.0], [528.0, 231.0], [518.0, 227.0], [517.0, 214.0]]"
ACM-109_Top,19,R9,resistor,"""resistor network"" RM2",Resistor_SMD,Resistor_SMD:R_0805_2012Metric,445,331,479,358,0.956,26,"(477.0,331.0); (476.0,330.0); (468.0,330.0); (467.0,329.0); (465.0,330.0); (445.0,330.0); (445.0,333.0); (446.0,334.0); (446.0,339.0); (445.0,340.0); (446.0,347.0); (445.0,349.0); (446.0,350.0); (447.0,355.0); (448.0,356.0); (454.0,356.0); (455.0,357.0); (457.0,356.0); (461.0,356.0); (462.0,357.0); (476.0,357.0); (477.0,356.0); (477.0,352.0); (478.0,351.0); (478.0,337.0); (477.0,336.0)","[[477.0, 331.0], [476.0, 330.0], [468.0, 330.0], [467.0, 329.0], [465.0, 330.0], [445.0, 330.0], [445.0, 333.0], [446.0, 334.0], [446.0, 339.0], [445.0, 340.0], [446.0, 347.0], [445.0, 349.0], [446.0, 350.0], [447.0, 355.0], [448.0, 356.0], [454.0, 356.0], [455.0, 357.0], [457.0, 356.0], [461.0, 356.0], [462.0, 357.0], [476.0, 357.0], [477.0, 356.0], [477.0, 352.0], [478.0, 351.0], [478.0, 337.0], [477.0, 336.0]]"
ACM-109_Top,20,C3,capacitor,capacitor C2,Capacitor_SMD,Capacitor_SMD:C_0805_2012Metric,385,337,434,412,0.973,8,"(385.0,338.0); (384.0,369.0); (386.0,373.0); (387.0,409.0); (425.0,410.0); (431.0,405.0); (432.0,339.0); (404.0,337.0)","[[385.0, 338.0], [384.0, 369.0], [386.0, 373.0], [387.0, 409.0], [425.0, 410.0], [431.0, 405.0], [432.0, 339.0], [404.0, 337.0]]"
ACM-109_Top,21,U3,ic,ic U8,Package_SO,Package_SO:SOIC-8_3.9x4.9mm_P1.27mm,447,370,480,423,0.955,17,"(447.0,370.0); (446.0,374.0); (447.0,378.0); (446.0,383.0); (447.0,418.0); (450.0,420.0); (459.0,420.0); (460.0,421.0); (474.0,421.0); (477.0,420.0); (478.0,417.0); (478.0,386.0); (479.0,385.0); (477.0,373.0); (473.0,370.0); (468.0,370.0); (467.0,369.0)","[[447.0, 370.0], [446.0, 374.0], [447.0, 378.0], [446.0, 383.0], [447.0, 418.0], [450.0, 420.0], [459.0, 420.0], [460.0, 421.0], [474.0, 421.0], [477.0, 420.0], [478.0, 417.0], [478.0, 386.0], [479.0, 385.0], [477.0, 373.0], [473.0, 370.0], [468.0, 370.0], [467.0, 369.0]]"
ACM-109_Top,22,U4,ic,ic U7,Package_SO,Package_SO:SOIC-8_3.9x4.9mm_P1.27mm,502,368,534,423,0.963,13,"(504.0,371.0); (502.0,373.0); (502.0,377.0); (503.0,378.0); (503.0,418.0); (505.0,420.0); (532.0,420.0); (533.0,418.0); (533.0,376.0); (532.0,374.0); (526.0,371.0); (520.0,371.0); (519.0,370.0)","[[504.0, 371.0], [502.0, 373.0], [502.0, 377.0], [503.0, 378.0], [503.0, 418.0], [505.0, 420.0], [532.0, 420.0], [533.0, 418.0], [533.0, 376.0], [532.0, 374.0], [526.0, 371.0], [520.0, 371.0], [519.0, 370.0]]"
ACM-109_Top,23,R10,resistor,resistor R21,Resistor_SMD,Resistor_SMD:R_0805_2012Metric,433,437,457,450,0.901,21,"(432.0,437.0); (432.0,442.0); (433.0,443.0); (433.0,448.0); (439.0,448.0); (440.0,449.0); (442.0,449.0); (443.0,450.0); (445.0,450.0); (448.0,448.0); (449.0,449.0); (455.0,449.0); (456.0,448.0); (456.0,437.0); (448.0,437.0); (447.0,436.0); (442.0,436.0); (441.0,437.0); (439.0,437.0); (438.0,436.0); (433.0,436.0)","[[432.0, 437.0], [432.0, 442.0], [433.0, 443.0], [433.0, 448.0], [439.0, 448.0], [440.0, 449.0], [442.0, 449.0], [443.0, 450.0], [445.0, 450.0], [448.0, 448.0], [449.0, 449.0], [455.0, 449.0], [456.0, 448.0], [456.0, 437.0], [448.0, 437.0], [447.0, 436.0], [442.0, 436.0], [441.0, 437.0], [439.0, 437.0], [438.0, 436.0], [433.0, 436.0]]"
ACM-109_Top,24,R11,resistor,resistor R17,Resistor_SMD,Resistor_SMD:R_0805_2012Metric,432,454,458,466,0.927,22,"(432.0,455.0); (432.0,464.0); (433.0,464.0); (434.0,465.0); (442.0,465.0); (443.0,464.0); (448.0,464.0); (449.0,465.0); (454.0,465.0); (455.0,464.0); (456.0,464.0); (456.0,455.0); (455.0,455.0); (454.0,454.0); (450.0,454.0); (447.0,456.0); (443.0,456.0); (442.0,455.0); (439.0,455.0); (438.0,454.0); (434.0,454.0); (433.0,455.0)","[[432.0, 455.0], [432.0, 464.0], [433.0, 464.0], [434.0, 465.0], [442.0, 465.0], [443.0, 464.0], [448.0, 464.0], [449.0, 465.0], [454.0, 465.0], [455.0, 464.0], [456.0, 464.0], [456.0, 455.0], [455.0, 455.0], [454.0, 454.0], [450.0, 454.0], [447.0, 456.0], [443.0, 456.0], [442.0, 455.0], [439.0, 455.0], [438.0, 454.0], [434.0, 454.0], [433.0, 455.0]]"
ACM-109_Top,25,R12,resistor,resistor R18,Resistor_SMD,Resistor_SMD:R_0805_2012Metric,432,471,457,483,0.917,18,"(433.0,472.0); (433.0,481.0); (434.0,482.0); (442.0,482.0); (443.0,483.0); (445.0,483.0); (446.0,482.0); (454.0,482.0); (455.0,481.0); (455.0,479.0); (456.0,478.0); (456.0,474.0); (454.0,471.0); (448.0,471.0); (447.0,470.0); (439.0,470.0); (438.0,471.0); (434.0,471.0)","[[433.0, 472.0], [433.0, 481.0], [434.0, 482.0], [442.0, 482.0], [443.0, 483.0], [445.0, 483.0], [446.0, 482.0], [454.0, 482.0], [455.0, 481.0], [455.0, 479.0], [456.0, 478.0], [456.0, 474.0], [454.0, 471.0], [448.0, 471.0], [447.0, 470.0], [439.0, 470.0], [438.0, 471.0], [434.0, 471.0]]"
ACM-109_Top,26,R13,resistor,resistor R19,Resistor_SMD,Resistor_SMD:R_0805_2012Metric,432,486,457,499,0.907,24,"(433.0,488.0); (433.0,497.0); (434.0,497.0); (435.0,498.0); (439.0,498.0); (440.0,497.0); (442.0,497.0); (443.0,496.0); (445.0,496.0); (446.0,497.0); (448.0,497.0); (449.0,498.0); (455.0,498.0); (455.0,497.0); (456.0,496.0); (456.0,488.0); (454.0,488.0); (453.0,487.0); (446.0,487.0); (445.0,486.0); (443.0,486.0); (442.0,487.0); (435.0,487.0); (434.0,488.0)","[[433.0, 488.0], [433.0, 497.0], [434.0, 497.0], [435.0, 498.0], [439.0, 498.0], [440.0, 497.0], [442.0, 497.0], [443.0, 496.0], [445.0, 496.0], [446.0, 497.0], [448.0, 497.0], [449.0, 498.0], [455.0, 498.0], [455.0, 497.0], [456.0, 496.0], [456.0, 488.0], [454.0, 488.0], [453.0, 487.0], [446.0, 487.0], [445.0, 486.0], [443.0, 486.0], [442.0, 487.0], [435.0, 487.0], [434.0, 488.0]]"
ACM-109_Top,27,R14,resistor,resistor R20,Resistor_SMD,Resistor_SMD:R_0805_2012Metric,432,503,457,515,0.904,21,"(433.0,504.0); (433.0,512.0); (434.0,513.0); (439.0,513.0); (440.0,512.0); (442.0,512.0); (443.0,513.0); (448.0,513.0); (449.0,512.0); (455.0,512.0); (456.0,511.0); (456.0,504.0); (455.0,503.0); (448.0,503.0); (447.0,504.0); (446.0,504.0); (445.0,503.0); (443.0,503.0); (442.0,504.0); (441.0,503.0); (434.0,503.0)","[[433.0, 504.0], [433.0, 512.0], [434.0, 513.0], [439.0, 513.0], [440.0, 512.0], [442.0, 512.0], [443.0, 513.0], [448.0, 513.0], [449.0, 512.0], [455.0, 512.0], [456.0, 511.0], [456.0, 504.0], [455.0, 503.0], [448.0, 503.0], [447.0, 504.0], [446.0, 504.0], [445.0, 503.0], [443.0, 503.0], [442.0, 504.0], [441.0, 503.0], [434.0, 503.0]]"
ACM-109_Top,28,J2,connector,connector CN1,Connector,Connector_PinHeader_2.54mm:PinHeader_1x04_P2.54mm_Vert,474,441,545,617,0.978,10,"(477.0,441.0); (478.0,444.0); (499.0,445.0); (494.0,448.0); (480.0,446.0); (477.0,450.0); (478.0,614.0); (542.0,612.0); (545.0,503.0); (542.0,442.0)","[[477.0, 441.0], [478.0, 444.0], [499.0, 445.0], [494.0, 448.0], [480.0, 446.0], [477.0, 450.0], [478.0, 614.0], [542.0, 612.0], [545.0, 503.0], [542.0, 442.0]]"
ACM-109_Top,29,R15,resistor,resistor R5,Resistor_SMD,Resistor_SMD:R_0805_2012Metric,362,459,379,483,0.915,24,"(364.0,458.0); (363.0,459.0); (363.0,473.0); (364.0,474.0); (364.0,476.0); (363.0,477.0); (363.0,478.0); (364.0,479.0); (364.0,481.0); (363.0,482.0); (363.0,483.0); (364.0,484.0); (377.0,484.0); (378.0,483.0); (378.0,477.0); (377.0,477.0); (375.0,475.0); (377.0,473.0); (377.0,470.0); (376.0,469.0); (376.0,463.0); (377.0,462.0); (377.0,459.0); (376.0,458.0)","[[364.0, 458.0], [363.0, 459.0], [363.0, 473.0], [364.0, 474.0], [364.0, 476.0], [363.0, 477.0], [363.0, 478.0], [364.0, 479.0], [364.0, 481.0], [363.0, 482.0], [363.0, 483.0], [364.0, 484.0], [377.0, 484.0], [378.0, 483.0], [378.0, 477.0], [377.0, 477.0], [375.0, 475.0], [377.0, 473.0], [377.0, 470.0], [376.0, 469.0], [376.0, 463.0], [377.0, 462.0], [377.0, 459.0], [376.0, 458.0]]"
ACM-109_Top,30,R16,resistor,resistor R8,Resistor_SMD,Resistor_SMD:R_0805_2012Metric,299,470,311,495,0.926,18,"(303.0,470.0); (302.0,471.0); (300.0,471.0); (299.0,472.0); (299.0,491.0); (300.0,492.0); (300.0,493.0); (304.0,493.0); (305.0,494.0); (309.0,494.0); (310.0,493.0); (309.0,492.0); (309.0,490.0); (310.0,489.0); (310.0,472.0); (309.0,471.0); (307.0,471.0); (306.0,470.0)","[[303.0, 470.0], [302.0, 471.0], [300.0, 471.0], [299.0, 472.0], [299.0, 491.0], [300.0, 492.0], [300.0, 493.0], [304.0, 493.0], [305.0, 494.0], [309.0, 494.0], [310.0, 493.0], [309.0, 492.0], [309.0, 490.0], [310.0, 489.0], [310.0, 472.0], [309.0, 471.0], [307.0, 471.0], [306.0, 470.0]]"
ACM-109_Top,31,R17,resistor,resistor R7,Resistor_SMD,Resistor_SMD:R_0805_2012Metric,314,471,328,495,0.905,22,"(316.0,470.0); (316.0,477.0); (315.0,478.0); (315.0,481.0); (314.0,482.0); (314.0,483.0); (316.0,485.0); (316.0,494.0); (317.0,494.0); (318.0,493.0); (319.0,493.0); (320.0,494.0); (327.0,494.0); (326.0,493.0); (326.0,484.0); (327.0,483.0); (326.0,482.0); (326.0,476.0); (327.0,475.0); (327.0,473.0); (325.0,471.0); (317.0,471.0)","[[316.0, 470.0], [316.0, 477.0], [315.0, 478.0], [315.0, 481.0], [314.0, 482.0], [314.0, 483.0], [316.0, 485.0], [316.0, 494.0], [317.0, 494.0], [318.0, 493.0], [319.0, 493.0], [320.0, 494.0], [327.0, 494.0], [326.0, 493.0], [326.0, 484.0], [327.0, 483.0], [326.0, 482.0], [326.0, 476.0], [327.0, 475.0], [327.0, 473.0], [325.0, 471.0], [317.0, 471.0]]"
ACM-109_Top,32,R18,resistor,resistor R9,Resistor_SMD,Resistor_SMD:R_0805_2012Metric,331,471,345,496,0.926,19,"(333.0,471.0); (332.0,472.0); (332.0,481.0); (331.0,482.0); (331.0,488.0); (332.0,489.0); (332.0,495.0); (342.0,495.0); (343.0,494.0); (342.0,491.0); (343.0,490.0); (343.0,487.0); (344.0,486.0); (344.0,478.0); (343.0,477.0); (344.0,476.0); (344.0,474.0); (343.0,473.0); (343.0,471.0)","[[333.0, 471.0], [332.0, 472.0], [332.0, 481.0], [331.0, 482.0], [331.0, 488.0], [332.0, 489.0], [332.0, 495.0], [342.0, 495.0], [343.0, 494.0], [342.0, 491.0], [343.0, 490.0], [343.0, 487.0], [344.0, 486.0], [344.0, 478.0], [343.0, 477.0], [344.0, 476.0], [344.0, 474.0], [343.0, 473.0], [343.0, 471.0]]"
ACM-109_Top,33,U5,ic,ic U3,Package_SO,Package_SO:SOIC-8_3.9x4.9mm_P1.27mm,329,503,370,547,0.904,27,"(366.0,504.0); (362.0,503.0); (356.0,504.0); (355.0,511.0); (353.0,514.0); (350.0,513.0); (352.0,510.0); (351.0,507.0); (349.0,506.0); (346.0,509.0); (341.0,504.0); (333.0,504.0); (330.0,506.0); (330.0,515.0); (337.0,519.0); (336.0,530.0); (338.0,530.0); (342.0,533.0); (343.0,545.0); (346.0,546.0); (355.0,545.0); (356.0,532.0); (358.0,529.0); (361.0,528.0); (361.0,518.0); (367.0,516.0); (368.0,507.0)","[[366.0, 504.0], [362.0, 503.0], [356.0, 504.0], [355.0, 511.0], [353.0, 514.0], [350.0, 513.0], [352.0, 510.0], [351.0, 507.0], [349.0, 506.0], [346.0, 509.0], [341.0, 504.0], [333.0, 504.0], [330.0, 506.0], [330.0, 515.0], [337.0, 519.0], [336.0, 530.0], [338.0, 530.0], [342.0, 533.0], [343.0, 545.0], [346.0, 546.0], [355.0, 545.0], [356.0, 532.0], [358.0, 529.0], [361.0, 528.0], [361.0, 518.0], [367.0, 516.0], [368.0, 507.0]]"
ACM-109_Top,34,C4,capacitor,capacitor unknown,Capacitor_SMD,Capacitor_SMD:C_0805_2012Metric,338,550,365,568,0.957,14,"(338.0,554.0); (338.0,564.0); (341.0,567.0); (348.0,567.0); (349.0,568.0); (359.0,568.0); (360.0,567.0); (362.0,567.0); (365.0,564.0); (365.0,555.0); (364.0,554.0); (364.0,553.0); (362.0,551.0); (341.0,551.0)","[[338.0, 554.0], [338.0, 564.0], [341.0, 567.0], [348.0, 567.0], [349.0, 568.0], [359.0, 568.0], [360.0, 567.0], [362.0, 567.0], [365.0, 564.0], [365.0, 555.0], [364.0, 554.0], [364.0, 553.0], [362.0, 551.0], [341.0, 551.0]]"
ACM-109_Top,35,C5,capacitor,capacitor unknown,Capacitor_SMD,Capacitor_SMD:C_0805_2012Metric,257,457,269,482,0.924,26,"(259.0,456.0); (258.0,457.0); (256.0,457.0); (256.0,462.0); (257.0,463.0); (257.0,471.0); (256.0,472.0); (256.0,479.0); (258.0,481.0); (262.0,481.0); (263.0,482.0); (264.0,482.0); (265.0,481.0); (266.0,481.0); (268.0,478.0); (268.0,468.0); (267.0,467.0); (267.0,460.0); (268.0,459.0); (268.0,458.0); (267.0,457.0); (265.0,457.0); (264.0,456.0); (262.0,456.0); (261.0,457.0); (260.0,456.0)","[[259.0, 456.0], [258.0, 457.0], [256.0, 457.0], [256.0, 462.0], [257.0, 463.0], [257.0, 471.0], [256.0, 472.0], [256.0, 479.0], [258.0, 481.0], [262.0, 481.0], [263.0, 482.0], [264.0, 482.0], [265.0, 481.0], [266.0, 481.0], [268.0, 478.0], [268.0, 468.0], [267.0, 467.0], [267.0, 460.0], [268.0, 459.0], [268.0, 458.0], [267.0, 457.0], [265.0, 457.0], [264.0, 456.0], [262.0, 456.0], [261.0, 457.0], [260.0, 456.0]]"
ACM-109_Top,36,C6,capacitor,capacitor C17,Capacitor_SMD,Capacitor_SMD:C_0805_2012Metric,229,451,252,464,0.924,12,"(227.0,453.0); (227.0,461.0); (228.0,462.0); (235.0,462.0); (236.0,463.0); (249.0,463.0); (251.0,461.0); (251.0,452.0); (250.0,452.0); (249.0,451.0); (228.0,451.0); (228.0,452.0)","[[227.0, 453.0], [227.0, 461.0], [228.0, 462.0], [235.0, 462.0], [236.0, 463.0], [249.0, 463.0], [251.0, 461.0], [251.0, 452.0], [250.0, 452.0], [249.0, 451.0], [228.0, 451.0], [228.0, 452.0]]"
ACM-109_Top,37,U6,component,"""emi filter"" EM4",Generic_Component,Package_SO:SOIC-8_3.9x4.9mm_P1.27mm,226,469,252,513,0.937,26,"(229.0,470.0); (229.0,476.0); (226.0,481.0); (226.0,494.0); (225.0,495.0); (227.0,501.0); (227.0,509.0); (226.0,510.0); (228.0,511.0); (230.0,509.0); (246.0,509.0); (252.0,511.0); (253.0,510.0); (252.0,509.0); (251.0,497.0); (253.0,492.0); (253.0,483.0); (250.0,482.0); (250.0,479.0); (249.0,478.0); (250.0,474.0); (249.0,471.0); (242.0,469.0); (239.0,470.0); (236.0,470.0); (235.0,469.0)","[[229.0, 470.0], [229.0, 476.0], [226.0, 481.0], [226.0, 494.0], [225.0, 495.0], [227.0, 501.0], [227.0, 509.0], [226.0, 510.0], [228.0, 511.0], [230.0, 509.0], [246.0, 509.0], [252.0, 511.0], [253.0, 510.0], [252.0, 509.0], [251.0, 497.0], [253.0, 492.0], [253.0, 483.0], [250.0, 482.0], [250.0, 479.0], [249.0, 478.0], [250.0, 474.0], [249.0, 471.0], [242.0, 469.0], [239.0, 470.0], [236.0, 470.0], [235.0, 469.0]]"
ACM-109_Top,38,J3,connector,connector TP3,Connector,Connector_PinHeader_2.54mm:PinHeader_1x04_P2.54mm_Vert,11,494,43,559,0.948,5,"(10.0,492.0); (9.0,560.0); (44.0,560.0); (45.0,493.0); (42.0,491.0)","[[10.0, 492.0], [9.0, 560.0], [44.0, 560.0], [45.0, 493.0], [42.0, 491.0]]"
ACM-109_Top,39,R19,resistor,resistor R24,Resistor_SMD,Resistor_SMD:R_0805_2012Metric,66,520,91,533,0.866,22,"(67.0,521.0); (67.0,529.0); (68.0,529.0); (69.0,530.0); (75.0,530.0); (77.0,532.0); (78.0,532.0); (79.0,531.0); (81.0,531.0); (82.0,530.0); (87.0,530.0); (88.0,529.0); (91.0,530.0); (91.0,528.0); (90.0,527.0); (90.0,521.0); (87.0,519.0); (83.0,519.0); (82.0,520.0); (75.0,520.0); (74.0,519.0); (70.0,519.0)","[[67.0, 521.0], [67.0, 529.0], [68.0, 529.0], [69.0, 530.0], [75.0, 530.0], [77.0, 532.0], [78.0, 532.0], [79.0, 531.0], [81.0, 531.0], [82.0, 530.0], [87.0, 530.0], [88.0, 529.0], [91.0, 530.0], [91.0, 528.0], [90.0, 527.0], [90.0, 521.0], [87.0, 519.0], [83.0, 519.0], [82.0, 520.0], [75.0, 520.0], [74.0, 519.0], [70.0, 519.0]]"
ACM-109_Top,40,C7,capacitor,capacitor C26,Capacitor_SMD,Capacitor_SMD:C_0805_2012Metric,133,459,200,503,0.973,8,"(201.0,459.0); (199.0,457.0); (130.0,459.0); (131.0,501.0); (168.0,502.0); (171.0,504.0); (199.0,504.0); (201.0,502.0)","[[201.0, 459.0], [199.0, 457.0], [130.0, 459.0], [131.0, 501.0], [168.0, 502.0], [171.0, 504.0], [199.0, 504.0], [201.0, 502.0]]"
ACM-109_Top,41,U7,ic,ic TP2,Package_SO,Package_SO:SOIC-8_3.9x4.9mm_P1.27mm,14,427,63,485,0.96,15,"(19.0,428.0); (17.0,441.0); (11.0,442.0); (10.0,445.0); (11.0,468.0); (17.0,469.0); (18.0,481.0); (27.0,483.0); (56.0,483.0); (58.0,468.0); (61.0,465.0); (63.0,444.0); (61.0,445.0); (58.0,442.0); (57.0,428.0)","[[19.0, 428.0], [17.0, 441.0], [11.0, 442.0], [10.0, 445.0], [11.0, 468.0], [17.0, 469.0], [18.0, 481.0], [27.0, 483.0], [56.0, 483.0], [58.0, 468.0], [61.0, 465.0], [63.0, 444.0], [61.0, 445.0], [58.0, 442.0], [57.0, 428.0]]"
ACM-109_Top,42,U8,ic,ic U9,Package_SO,Package_SO:SOIC-8_3.9x4.9mm_P1.27mm,123,394,151,424,0.951,27,"(124.0,396.0); (124.0,398.0); (123.0,399.0); (123.0,405.0); (122.0,406.0); (122.0,412.0); (123.0,413.0); (124.0,419.0); (127.0,422.0); (130.0,422.0); (131.0,421.0); (133.0,422.0); (138.0,422.0); (139.0,421.0); (142.0,421.0); (144.0,422.0); (149.0,419.0); (150.0,417.0); (150.0,406.0); (151.0,405.0); (151.0,401.0); (149.0,398.0); (147.0,398.0); (146.0,397.0); (134.0,397.0); (132.0,395.0); (125.0,395.0)","[[124.0, 396.0], [124.0, 398.0], [123.0, 399.0], [123.0, 405.0], [122.0, 406.0], [122.0, 412.0], [123.0, 413.0], [124.0, 419.0], [127.0, 422.0], [130.0, 422.0], [131.0, 421.0], [133.0, 422.0], [138.0, 422.0], [139.0, 421.0], [142.0, 421.0], [144.0, 422.0], [149.0, 419.0], [150.0, 417.0], [150.0, 406.0], [151.0, 405.0], [151.0, 401.0], [149.0, 398.0], [147.0, 398.0], [146.0, 397.0], [134.0, 397.0], [132.0, 395.0], [125.0, 395.0]]"
ACM-109_Top,43,C8,capacitor,capacitor unknown,Capacitor_SMD,Capacitor_SMD:C_0805_2012Metric,168,376,178,402,0.904,12,"(168.0,377.0); (167.0,378.0); (167.0,399.0); (168.0,400.0); (174.0,400.0); (175.0,401.0); (176.0,401.0); (177.0,400.0); (178.0,400.0); (178.0,379.0); (177.0,378.0); (177.0,377.0)","[[168.0, 377.0], [167.0, 378.0], [167.0, 399.0], [168.0, 400.0], [174.0, 400.0], [175.0, 401.0], [176.0, 401.0], [177.0, 400.0], [178.0, 400.0], [178.0, 379.0], [177.0, 378.0], [177.0, 377.0]]"
ACM-109_Top,44,C9,capacitor,capacitor C16,Capacitor_SMD,Capacitor_SMD:C_0805_2012Metric,151,363,164,389,0.94,19,"(152.0,363.0); (151.0,364.0); (151.0,367.0); (150.0,368.0); (150.0,372.0); (151.0,373.0); (151.0,387.0); (152.0,388.0); (158.0,388.0); (159.0,387.0); (161.0,387.0); (162.0,386.0); (162.0,380.0); (163.0,379.0); (163.0,371.0); (164.0,370.0); (163.0,369.0); (163.0,364.0); (162.0,363.0)","[[152.0, 363.0], [151.0, 364.0], [151.0, 367.0], [150.0, 368.0], [150.0, 372.0], [151.0, 373.0], [151.0, 387.0], [152.0, 388.0], [158.0, 388.0], [159.0, 387.0], [161.0, 387.0], [162.0, 386.0], [162.0, 380.0], [163.0, 379.0], [163.0, 371.0], [164.0, 370.0], [163.0, 369.0], [163.0, 364.0], [162.0, 363.0]]"
ACM-109_Top,45,U9,component,"""emi filter"" EM3",Generic_Component,Package_SO:SOIC-8_3.9x4.9mm_P1.27mm,89,341,132,371,0.936,26,"(88.0,343.0); (88.0,347.0); (89.0,348.0); (89.0,365.0); (88.0,369.0); (95.0,370.0); (102.0,368.0); (110.0,370.0); (117.0,370.0); (119.0,369.0); (122.0,371.0); (127.0,371.0); (133.0,368.0); (132.0,361.0); (133.0,360.0); (133.0,349.0); (134.0,348.0); (132.0,342.0); (126.0,342.0); (121.0,344.0); (117.0,342.0); (109.0,342.0); (105.0,344.0); (102.0,344.0); (98.0,342.0); (90.0,342.0)","[[88.0, 343.0], [88.0, 347.0], [89.0, 348.0], [89.0, 365.0], [88.0, 369.0], [95.0, 370.0], [102.0, 368.0], [110.0, 370.0], [117.0, 370.0], [119.0, 369.0], [122.0, 371.0], [127.0, 371.0], [133.0, 368.0], [132.0, 361.0], [133.0, 360.0], [133.0, 349.0], [134.0, 348.0], [132.0, 342.0], [126.0, 342.0], [121.0, 344.0], [117.0, 342.0], [109.0, 342.0], [105.0, 344.0], [102.0, 344.0], [98.0, 342.0], [90.0, 342.0]]"
ACM-109_Top,46,C10,capacitor,capacitor C21,Capacitor_SMD,Capacitor_SMD:C_0805_2012Metric,14,334,84,376,0.937,8,"(15.0,337.0); (15.0,372.0); (42.0,374.0); (72.0,374.0); (84.0,372.0); (83.0,337.0); (67.0,335.0); (17.0,335.0)","[[15.0, 337.0], [15.0, 372.0], [42.0, 374.0], [72.0, 374.0], [84.0, 372.0], [83.0, 337.0], [67.0, 335.0], [17.0, 335.0]]"
ACM-109_Top,47,C11,capacitor,capacitor C1,Capacitor_SMD,Capacitor_SMD:C_0805_2012Metric,131,267,174,336,0.97,6,"(130.0,265.0); (129.0,292.0); (131.0,334.0); (171.0,335.0); (174.0,317.0); (175.0,265.0)","[[130.0, 265.0], [129.0, 292.0], [131.0, 334.0], [171.0, 335.0], [174.0, 317.0], [175.0, 265.0]]"
ACM-109_Top,48,U10,component,"""emi filter"" EM1",Generic_Component,Package_SO:SOIC-8_3.9x4.9mm_P1.27mm,91,259,117,302,0.953,26,"(116.0,259.0); (114.0,260.0); (98.0,260.0); (97.0,261.0); (93.0,261.0); (92.0,260.0); (92.0,265.0); (93.0,266.0); (92.0,273.0); (91.0,274.0); (92.0,290.0); (90.0,296.0); (92.0,303.0); (96.0,303.0); (97.0,304.0); (113.0,304.0); (114.0,303.0); (117.0,303.0); (118.0,301.0); (118.0,284.0); (119.0,281.0); (118.0,280.0); (117.0,267.0); (116.0,266.0); (116.0,264.0); (118.0,261.0)","[[116.0, 259.0], [114.0, 260.0], [98.0, 260.0], [97.0, 261.0], [93.0, 261.0], [92.0, 260.0], [92.0, 265.0], [93.0, 266.0], [92.0, 273.0], [91.0, 274.0], [92.0, 290.0], [90.0, 296.0], [92.0, 303.0], [96.0, 303.0], [97.0, 304.0], [113.0, 304.0], [114.0, 303.0], [117.0, 303.0], [118.0, 301.0], [118.0, 284.0], [119.0, 281.0], [118.0, 280.0], [117.0, 267.0], [116.0, 266.0], [116.0, 264.0], [118.0, 261.0]]"
ACM-109_Top,49,U11,ic,ic U2,Package_SO,Package_SO:SOIC-8_3.9x4.9mm_P1.27mm,28,273,67,328,0.948,16,"(31.0,272.0); (29.0,274.0); (30.0,284.0); (28.0,291.0); (30.0,326.0); (47.0,325.0); (48.0,324.0); (46.0,320.0); (46.0,315.0); (50.0,310.0); (54.0,316.0); (52.0,325.0); (65.0,326.0); (67.0,307.0); (66.0,273.0); (62.0,271.0)","[[31.0, 272.0], [29.0, 274.0], [30.0, 284.0], [28.0, 291.0], [30.0, 326.0], [47.0, 325.0], [48.0, 324.0], [46.0, 320.0], [46.0, 315.0], [50.0, 310.0], [54.0, 316.0], [52.0, 325.0], [65.0, 326.0], [67.0, 307.0], [66.0, 273.0], [62.0, 271.0]]"
ACM-109_Top,50,C12,capacitor,capacitor C19,Capacitor_SMD,Capacitor_SMD:C_0805_2012Metric,10,284,24,307,0.95,14,"(12.0,283.0); (12.0,284.0); (11.0,285.0); (11.0,305.0); (13.0,307.0); (23.0,307.0); (23.0,306.0); (24.0,305.0); (24.0,284.0); (23.0,283.0); (20.0,283.0); (19.0,282.0); (15.0,282.0); (14.0,283.0)","[[12.0, 283.0], [12.0, 284.0], [11.0, 285.0], [11.0, 305.0], [13.0, 307.0], [23.0, 307.0], [23.0, 306.0], [24.0, 305.0], [24.0, 284.0], [23.0, 283.0], [20.0, 283.0], [19.0, 282.0], [15.0, 282.0], [14.0, 283.0]]"
ACM-109_Top,51,C13,capacitor,capacitor C4,Capacitor_SMD,Capacitor_SMD:C_0805_2012Metric,132,183,172,252,0.962,7,"(134.0,183.0); (133.0,250.0); (142.0,251.0); (171.0,249.0); (171.0,183.0); (160.0,181.0); (144.0,181.0)","[[134.0, 183.0], [133.0, 250.0], [142.0, 251.0], [171.0, 249.0], [171.0, 183.0], [160.0, 181.0], [144.0, 181.0]]"
ACM-109_Top,52,U12,ic,ic U1,Package_SO,Package_SO:SOIC-8_3.9x4.9mm_P1.27mm,59,155,127,248,0.968,24,"(121.0,159.0); (111.0,160.0); (108.0,156.0); (80.0,155.0); (75.0,159.0); (64.0,159.0); (56.0,178.0); (59.0,231.0); (66.0,238.0); (75.0,241.0); (77.0,246.0); (82.0,247.0); (87.0,252.0); (93.0,248.0); (105.0,247.0); (112.0,240.0); (119.0,240.0); (120.0,236.0); (125.0,232.0); (128.0,209.0); (126.0,185.0); (128.0,181.0); (125.0,177.0); (125.0,168.0)","[[121.0, 159.0], [111.0, 160.0], [108.0, 156.0], [80.0, 155.0], [75.0, 159.0], [64.0, 159.0], [56.0, 178.0], [59.0, 231.0], [66.0, 238.0], [75.0, 241.0], [77.0, 246.0], [82.0, 247.0], [87.0, 252.0], [93.0, 248.0], [105.0, 247.0], [112.0, 240.0], [119.0, 240.0], [120.0, 236.0], [125.0, 232.0], [128.0, 209.0], [126.0, 185.0], [128.0, 181.0], [125.0, 177.0], [125.0, 168.0]]"
ACM-109_Top,53,C14,capacitor,capacitor C3,Capacitor_SMD,Capacitor_SMD:C_0805_2012Metric,9,148,53,220,0.977,9,"(11.0,149.0); (9.0,151.0); (11.0,169.0); (11.0,182.0); (9.0,188.0); (9.0,220.0); (30.0,218.0); (53.0,220.0); (53.0,150.0)","[[11.0, 149.0], [9.0, 151.0], [11.0, 169.0], [11.0, 182.0], [9.0, 188.0], [9.0, 220.0], [30.0, 218.0], [53.0, 220.0], [53.0, 150.0]]"
ACM-109_Top,54,C15,capacitor,capacitor C14,Capacitor_SMD,Capacitor_SMD:C_0805_2012Metric,59,137,83,151,0.947,12,"(58.0,140.0); (58.0,143.0); (59.0,144.0); (59.0,148.0); (61.0,150.0); (81.0,150.0); (82.0,149.0); (83.0,149.0); (83.0,139.0); (82.0,138.0); (59.0,138.0); (59.0,139.0)","[[58.0, 140.0], [58.0, 143.0], [59.0, 144.0], [59.0, 148.0], [61.0, 150.0], [81.0, 150.0], [82.0, 149.0], [83.0, 149.0], [83.0, 139.0], [82.0, 138.0], [59.0, 138.0], [59.0, 139.0]]"
ACM-109_Top,55,C16,capacitor,capacitor C24,Capacitor_SMD,Capacitor_SMD:C_0805_2012Metric,206,196,276,237,0.954,8,"(206.0,195.0); (206.0,237.0); (241.0,235.0); (245.0,239.0); (275.0,239.0); (275.0,198.0); (273.0,196.0); (246.0,197.0)","[[206.0, 195.0], [206.0, 237.0], [241.0, 235.0], [245.0, 239.0], [275.0, 239.0], [275.0, 198.0], [273.0, 196.0], [246.0, 197.0]]"
ACM-109_Top,56,U13,ic,ic FPGA,Package_SO,Package_SO:SOIC-8_3.9x4.9mm_P1.27mm,182,251,377,448,0.993,4,"(183.0,252.0); (181.0,443.0); (372.0,446.0); (375.0,253.0)","[[183.0, 252.0], [181.0, 443.0], [372.0, 446.0], [375.0, 253.0]]"
ACM-109_Top,57,U14,component,"""component text"" ""EN5322 E02BSC""",Generic_Component,Package_SO:SOIC-8_3.9x4.9mm_P1.27mm,72,176,114,226,0.925,38,"(77.0,180.0); (75.0,186.0); (76.0,190.0); (72.0,195.0); (72.0,201.0); (74.0,202.0); (73.0,212.0); (75.0,214.0); (74.0,218.0); (77.0,228.0); (82.0,229.0); (84.0,228.0); (85.0,224.0); (87.0,224.0); (89.0,228.0); (89.0,225.0); (91.0,223.0); (94.0,225.0); (95.0,228.0); (100.0,228.0); (99.0,226.0); (101.0,224.0); (108.0,223.0); (110.0,219.0); (112.0,222.0); (114.0,222.0); (116.0,215.0); (115.0,192.0); (114.0,193.0); (110.0,193.0); (108.0,191.0); (105.0,192.0); (103.0,190.0); (103.0,187.0); (99.0,184.0); (100.0,182.0); (98.0,180.0); (91.0,181.0)","[[77.0, 180.0], [75.0, 186.0], [76.0, 190.0], [72.0, 195.0], [72.0, 201.0], [74.0, 202.0], [73.0, 212.0], [75.0, 214.0], [74.0, 218.0], [77.0, 228.0], [82.0, 229.0], [84.0, 228.0], [85.0, 224.0], [87.0, 224.0], [89.0, 228.0], [89.0, 225.0], [91.0, 223.0], [94.0, 225.0], [95.0, 228.0], [100.0, 228.0], [99.0, 226.0], [101.0, 224.0], [108.0, 223.0], [110.0, 219.0], [112.0, 222.0], [114.0, 222.0], [116.0, 215.0], [115.0, 192.0], [114.0, 193.0], [110.0, 193.0], [108.0, 191.0], [105.0, 192.0], [103.0, 190.0], [103.0, 187.0], [99.0, 184.0], [100.0, 182.0], [98.0, 180.0], [91.0, 181.0]]"
ACM-109_Top,58,U15,component,"""component text"" ""EPCQ32M Q245A""",Generic_Component,Package_SO:SOIC-8_3.9x4.9mm_P1.27mm,391,145,444,176,0.912,16,"(389.0,153.0); (388.0,178.0); (442.0,177.0); (447.0,174.0); (447.0,151.0); (440.0,152.0); (436.0,148.0); (431.0,149.0); (412.0,148.0); (406.0,149.0); (408.0,151.0); (406.0,153.0); (403.0,152.0); (399.0,153.0); (395.0,152.0); (392.0,154.0)","[[389.0, 153.0], [388.0, 178.0], [442.0, 177.0], [447.0, 174.0], [447.0, 151.0], [440.0, 152.0], [436.0, 148.0], [431.0, 149.0], [412.0, 148.0], [406.0, 149.0], [408.0, 151.0], [406.0, 153.0], [403.0, 152.0], [399.0, 153.0], [395.0, 152.0], [392.0, 154.0]]"
ACM-109_Top,59,U16,component,"""component text"" ""O N""",Generic_Component,Package_SO:SOIC-8_3.9x4.9mm_P1.27mm,481,233,507,242,0.89,17,"(482.0,235.0); (482.0,238.0); (485.0,240.0); (490.0,240.0); (491.0,239.0); (495.0,239.0); (496.0,240.0); (504.0,240.0); (505.0,239.0); (505.0,234.0); (503.0,234.0); (502.0,233.0); (498.0,233.0); (497.0,234.0); (492.0,234.0); (491.0,233.0); (484.0,233.0)","[[482.0, 235.0], [482.0, 238.0], [485.0, 240.0], [490.0, 240.0], [491.0, 239.0], [495.0, 239.0], [496.0, 240.0], [504.0, 240.0], [505.0, 239.0], [505.0, 234.0], [503.0, 234.0], [502.0, 233.0], [498.0, 233.0], [497.0, 234.0], [492.0, 234.0], [491.0, 233.0], [484.0, 233.0]]"
ACM-109_Top,60,U17,component,"""component text"" ""1 2""",Generic_Component,Package_SO:SOIC-8_3.9x4.9mm_P1.27mm,486,284,520,295,0.84,36,"(518.0,293.0); (518.0,286.0); (515.0,286.0); (514.0,287.0); (512.0,287.0); (511.0,286.0); (509.0,286.0); (508.0,285.0); (506.0,285.0); (505.0,286.0); (503.0,286.0); (502.0,287.0); (501.0,287.0); (500.0,286.0); (492.0,286.0); (491.0,287.0); (490.0,286.0); (486.0,286.0); (486.0,289.0); (488.0,291.0); (489.0,291.0); (491.0,294.0); (492.0,294.0); (492.0,293.0); (491.0,292.0); (493.0,290.0); (498.0,290.0); (499.0,289.0); (500.0,289.0); (503.0,293.0); (506.0,293.0); (507.0,294.0); (508.0,294.0); (510.0,292.0); (513.0,292.0); (514.0,293.0)","[[518.0, 293.0], [518.0, 286.0], [515.0, 286.0], [514.0, 287.0], [512.0, 287.0], [511.0, 286.0], [509.0, 286.0], [508.0, 285.0], [506.0, 285.0], [505.0, 286.0], [503.0, 286.0], [502.0, 287.0], [501.0, 287.0], [500.0, 286.0], [492.0, 286.0], [491.0, 287.0], [490.0, 286.0], [486.0, 286.0], [486.0, 289.0], [488.0, 291.0], [489.0, 291.0], [491.0, 294.0], [492.0, 294.0], [492.0, 293.0], [491.0, 292.0], [493.0, 290.0], [498.0, 290.0], [499.0, 289.0], [500.0, 289.0], [503.0, 293.0], [506.0, 293.0], [507.0, 294.0], [508.0, 294.0], [510.0, 292.0], [513.0, 292.0], [514.0, 293.0]]"
ACM-109_Top,61,U18,component,"""component text"" ""2 G""",Generic_Component,Package_SO:SOIC-8_3.9x4.9mm_P1.27mm,516,252,526,277,0.92,9,"(518.0,253.0); (518.0,254.0); (517.0,255.0); (517.0,274.0); (518.0,275.0); (524.0,275.0); (525.0,274.0); (525.0,254.0); (524.0,253.0)","[[518.0, 253.0], [518.0, 254.0], [517.0, 255.0], [517.0, 274.0], [518.0, 275.0], [524.0, 275.0], [525.0, 274.0], [525.0, 254.0], [524.0, 253.0]]"
ACM-109_Top,62,U19,component,"""component text"" ""ALTERA Cyclone V 5CEBA4U15C8N F CABAU1337A KOREA NABAU303013 301FA3DOB""",Generic_Component,Package_SO:SOIC-8_3.9x4.9mm_P1.27mm,215,259,335,417,0.924,25,"(217.0,368.0); (218.0,373.0); (242.0,370.0); (252.0,379.0); (245.0,384.0); (225.0,383.0); (217.0,388.0); (220.0,395.0); (229.0,396.0); (237.0,411.0); (322.0,412.0); (331.0,393.0); (330.0,387.0); (321.0,384.0); (316.0,388.0); (272.0,383.0); (271.0,376.0); (277.0,371.0); (331.0,370.0); (332.0,361.0); (321.0,356.0); (310.0,359.0); (253.0,354.0); (253.0,358.0); (228.0,358.0)","[[217.0, 368.0], [218.0, 373.0], [242.0, 370.0], [252.0, 379.0], [245.0, 384.0], [225.0, 383.0], [217.0, 388.0], [220.0, 395.0], [229.0, 396.0], [237.0, 411.0], [322.0, 412.0], [331.0, 393.0], [330.0, 387.0], [321.0, 384.0], [316.0, 388.0], [272.0, 383.0], [271.0, 376.0], [277.0, 371.0], [331.0, 370.0], [332.0, 361.0], [321.0, 356.0], [310.0, 359.0], [253.0, 354.0], [253.0, 358.0], [228.0, 358.0]]"
ACM-109_Top,63,C17,capacitor,capacitor C22,Capacitor_SMD,Capacitor_SMD:C_0805_2012Metric,66,580,137,624,0.979,13,"(137.0,579.0); (106.0,578.0); (98.0,580.0); (67.0,580.0); (65.0,582.0); (65.0,623.0); (69.0,625.0); (85.0,625.0); (98.0,622.0); (108.0,622.0); (111.0,625.0); (119.0,626.0); (137.0,625.0)","[[137.0, 579.0], [106.0, 578.0], [98.0, 580.0], [67.0, 580.0], [65.0, 582.0], [65.0, 623.0], [69.0, 625.0], [85.0, 625.0], [98.0, 622.0], [108.0, 622.0], [111.0, 625.0], [119.0, 626.0], [137.0, 625.0]]"
ArduinoMega_Bottom,1,J1,connector,connector unknown,Connector,Connector_PinHeader_2.54mm:PinHeader_1x04_P2.54mm_Vert,3285,942,3449,1221,0.97,8,"(3431.0,942.0); (3303.0,945.0); (3293.0,953.0); (3294.0,1205.0); (3302.0,1218.0); (3431.0,1217.0); (3443.0,1206.0); (3442.0,954.0)","[[3431.0, 942.0], [3303.0, 945.0], [3293.0, 953.0], [3294.0, 1205.0], [3302.0, 1218.0], [3431.0, 1217.0], [3443.0, 1206.0], [3442.0, 954.0]]"
ArduinoMega_Bottom,2,J2,connector,connector unknown,Connector,Connector_PinHeader_2.54mm:PinHeader_1x04_P2.54mm_Vert,2755,1015,2888,1074,0.904,18,"(2765.0,1034.0); (2769.0,1057.0); (2783.0,1066.0); (2802.0,1065.0); (2818.0,1057.0); (2832.0,1059.0); (2850.0,1066.0); (2865.0,1064.0); (2877.0,1054.0); (2880.0,1041.0); (2877.0,1024.0); (2864.0,1015.0); (2854.0,1013.0); (2840.0,1016.0); (2822.0,1024.0); (2801.0,1015.0); (2785.0,1013.0); (2768.0,1025.0)","[[2765.0, 1034.0], [2769.0, 1057.0], [2783.0, 1066.0], [2802.0, 1065.0], [2818.0, 1057.0], [2832.0, 1059.0], [2850.0, 1066.0], [2865.0, 1064.0], [2877.0, 1054.0], [2880.0, 1041.0], [2877.0, 1024.0], [2864.0, 1015.0], [2854.0, 1013.0], [2840.0, 1016.0], [2822.0, 1024.0], [2801.0, 1015.0], [2785.0, 1013.0], [2768.0, 1025.0]]"
ArduinoMega_Top,1,U1,ic,ic unknown,Package_SO,Package_SO:SOIC-8_3.9x4.9mm_P1.27mm,1946,1130,2382,1561,0.957,16,"(2305.0,1134.0); (2035.0,1140.0); (2024.0,1153.0); (2049.0,1167.0); (1959.0,1206.0); (1958.0,1489.0); (2023.0,1514.0); (2030.0,1553.0); (2296.0,1551.0); (2346.0,1484.0); (2353.0,1453.0); (2371.0,1484.0); (2371.0,1202.0); (2351.0,1224.0); (2344.0,1198.0); (2308.0,1166.0)","[[2305.0, 1134.0], [2035.0, 1140.0], [2024.0, 1153.0], [2049.0, 1167.0], [1959.0, 1206.0], [1958.0, 1489.0], [2023.0, 1514.0], [2030.0, 1553.0], [2296.0, 1551.0], [2346.0, 1484.0], [2353.0, 1453.0], [2371.0, 1484.0], [2371.0, 1202.0], [2351.0, 1224.0], [2344.0, 1198.0], [2308.0, 1166.0]]"
ArduinoMega_Top,2,J1,connector,connector unknown,Connector,Connector_PinHeader_2.54mm:PinHeader_1x04_P2.54mm_Vert,775,955,1175,1260,0.958,6,"(1162.0,960.0); (1050.0,954.0); (781.0,964.0); (783.0,1242.0); (1158.0,1242.0); (1165.0,1227.0)","[[1162.0, 960.0], [1050.0, 954.0], [781.0, 964.0], [783.0, 1242.0], [1158.0, 1242.0], [1165.0, 1227.0]]"
ArduinoMega_Top,3,J2,connector,connector unknown,Connector,Connector_PinHeader_2.54mm:PinHeader_1x04_P2.54mm_Vert,887,1720,1289,2022,0.946,23,"(898.0,1728.0); (895.0,1891.0); (903.0,1929.0); (1139.0,1936.0); (1134.0,1966.0); (1145.0,1965.0); (1146.0,1948.0); (1153.0,1979.0); (1130.0,1993.0); (1139.0,2009.0); (1179.0,2011.0); (1212.0,1981.0); (1217.0,1932.0); (1238.0,1918.0); (1246.0,1882.0); (1275.0,1869.0); (1255.0,1857.0); (1248.0,1803.0); (1265.0,1793.0); (1246.0,1783.0); (1234.0,1748.0); (1179.0,1725.0); (924.0,1720.0)","[[898.0, 1728.0], [895.0, 1891.0], [903.0, 1929.0], [1139.0, 1936.0], [1134.0, 1966.0], [1145.0, 1965.0], [1146.0, 1948.0], [1153.0, 1979.0], [1130.0, 1993.0], [1139.0, 2009.0], [1179.0, 2011.0], [1212.0, 1981.0], [1217.0, 1932.0], [1238.0, 1918.0], [1246.0, 1882.0], [1275.0, 1869.0], [1255.0, 1857.0], [1248.0, 1803.0], [1265.0, 1793.0], [1246.0, 1783.0], [1234.0, 1748.0], [1179.0, 1725.0], [924.0, 1720.0]]"
ArduinoMega_Top,4,J3,connector,connector unknown,Connector,Connector_PinHeader_2.54mm:PinHeader_1x04_P2.54mm_Vert,1295,858,1477,979,0.935,16,"(1304.0,871.0); (1293.0,893.0); (1292.0,958.0); (1302.0,980.0); (1329.0,982.0); (1359.0,973.0); (1387.0,981.0); (1419.0,971.0); (1437.0,979.0); (1455.0,979.0); (1471.0,969.0); (1475.0,931.0); (1470.0,862.0); (1368.0,859.0); (1345.0,865.0); (1323.0,863.0)","[[1304.0, 871.0], [1293.0, 893.0], [1292.0, 958.0], [1302.0, 980.0], [1329.0, 982.0], [1359.0, 973.0], [1387.0, 981.0], [1419.0, 971.0], [1437.0, 979.0], [1455.0, 979.0], [1471.0, 969.0], [1475.0, 931.0], [1470.0, 862.0], [1368.0, 859.0], [1345.0, 865.0], [1323.0, 863.0]]"
ArduinoMega_Top,5,U2,ic,ic unknown,Package_SO,Package_SO:SOIC-8_3.9x4.9mm_P1.27mm,1356,1125,1493,1273,0.964,14,"(1370.0,1131.0); (1362.0,1147.0); (1360.0,1162.0); (1362.0,1240.0); (1368.0,1253.0); (1376.0,1260.0); (1402.0,1264.0); (1456.0,1264.0); (1480.0,1258.0); (1487.0,1247.0); (1490.0,1227.0); (1490.0,1168.0); (1483.0,1136.0); (1469.0,1129.0)","[[1370.0, 1131.0], [1362.0, 1147.0], [1360.0, 1162.0], [1362.0, 1240.0], [1368.0, 1253.0], [1376.0, 1260.0], [1402.0, 1264.0], [1456.0, 1264.0], [1480.0, 1258.0], [1487.0, 1247.0], [1490.0, 1227.0], [1490.0, 1168.0], [1483.0, 1136.0], [1469.0, 1129.0]]"
ArduinoMega_Top,6,D1,led,led L,LED_SMD,LED_SMD:LED_0805_2012Metric,1575,999,1659,1040,0.922,15,"(1584.0,1005.0); (1582.0,1017.0); (1583.0,1034.0); (1590.0,1038.0); (1599.0,1040.0); (1632.0,1040.0); (1645.0,1038.0); (1651.0,1033.0); (1653.0,1025.0); (1653.0,1015.0); (1651.0,1006.0); (1647.0,1002.0); (1631.0,998.0); (1601.0,998.0); (1588.0,1001.0)","[[1584.0, 1005.0], [1582.0, 1017.0], [1583.0, 1034.0], [1590.0, 1038.0], [1599.0, 1040.0], [1632.0, 1040.0], [1645.0, 1038.0], [1651.0, 1033.0], [1653.0, 1025.0], [1653.0, 1015.0], [1651.0, 1006.0], [1647.0, 1002.0], [1631.0, 998.0], [1601.0, 998.0], [1588.0, 1001.0]]"
ArduinoMega_Top,7,D2,led,led TX,LED_SMD,LED_SMD:LED_0805_2012Metric,1577,1130,1656,1171,0.928,15,"(1580.0,1146.0); (1580.0,1161.0); (1582.0,1166.0); (1588.0,1170.0); (1595.0,1172.0); (1643.0,1171.0); (1651.0,1168.0); (1655.0,1162.0); (1655.0,1144.0); (1652.0,1136.0); (1650.0,1134.0); (1639.0,1131.0); (1597.0,1130.0); (1587.0,1134.0); (1584.0,1137.0)","[[1580.0, 1146.0], [1580.0, 1161.0], [1582.0, 1166.0], [1588.0, 1170.0], [1595.0, 1172.0], [1643.0, 1171.0], [1651.0, 1168.0], [1655.0, 1162.0], [1655.0, 1144.0], [1652.0, 1136.0], [1650.0, 1134.0], [1639.0, 1131.0], [1597.0, 1130.0], [1587.0, 1134.0], [1584.0, 1137.0]]"
ArduinoMega_Top,8,D3,led,led RX,LED_SMD,LED_SMD:LED_0805_2012Metric,1575,1189,1659,1227,0.921,14,"(1581.0,1193.0); (1581.0,1219.0); (1583.0,1223.0); (1589.0,1227.0); (1634.0,1228.0); (1645.0,1226.0); (1649.0,1224.0); (1653.0,1219.0); (1656.0,1204.0); (1656.0,1194.0); (1654.0,1189.0); (1648.0,1185.0); (1594.0,1185.0); (1585.0,1188.0)","[[1581.0, 1193.0], [1581.0, 1219.0], [1583.0, 1223.0], [1589.0, 1227.0], [1634.0, 1228.0], [1645.0, 1226.0], [1649.0, 1224.0], [1653.0, 1219.0], [1656.0, 1204.0], [1656.0, 1194.0], [1654.0, 1189.0], [1648.0, 1185.0], [1594.0, 1185.0], [1585.0, 1188.0]]"
ArduinoMega_Top,9,Y1,clock,clock unknown,Crystal,Crystal:Crystal_SMD_3225-4Pin_3.2x2.5mm,1256,1351,1525,1469,0.968,13,"(1261.0,1403.0); (1271.0,1438.0); (1291.0,1457.0); (1306.0,1463.0); (1468.0,1463.0); (1492.0,1456.0); (1506.0,1441.0); (1516.0,1421.0); (1518.0,1391.0); (1506.0,1368.0); (1484.0,1355.0); (1304.0,1354.0); (1274.0,1370.0)","[[1261.0, 1403.0], [1271.0, 1438.0], [1291.0, 1457.0], [1306.0, 1463.0], [1468.0, 1463.0], [1492.0, 1456.0], [1506.0, 1441.0], [1516.0, 1421.0], [1518.0, 1391.0], [1506.0, 1368.0], [1484.0, 1355.0], [1304.0, 1354.0], [1274.0, 1370.0]]"
ArduinoMega_Top,10,U3,ic,ic unknown,Package_SO,Package_SO:SOIC-8_3.9x4.9mm_P1.27mm,1052,1522,1262,1692,0.903,24,"(1054.0,1564.0); (1056.0,1650.0); (1102.0,1649.0); (1112.0,1678.0); (1130.0,1685.0); (1258.0,1676.0); (1254.0,1641.0); (1242.0,1637.0); (1210.0,1649.0); (1199.0,1632.0); (1210.0,1616.0); (1240.0,1626.0); (1257.0,1619.0); (1254.0,1590.0); (1210.0,1594.0); (1199.0,1585.0); (1200.0,1569.0); (1209.0,1563.0); (1257.0,1567.0); (1261.0,1548.0); (1254.0,1535.0); (1127.0,1525.0); (1111.0,1531.0); (1103.0,1562.0)","[[1054.0, 1564.0], [1056.0, 1650.0], [1102.0, 1649.0], [1112.0, 1678.0], [1130.0, 1685.0], [1258.0, 1676.0], [1254.0, 1641.0], [1242.0, 1637.0], [1210.0, 1649.0], [1199.0, 1632.0], [1210.0, 1616.0], [1240.0, 1626.0], [1257.0, 1619.0], [1254.0, 1590.0], [1210.0, 1594.0], [1199.0, 1585.0], [1200.0, 1569.0], [1209.0, 1563.0], [1257.0, 1567.0], [1261.0, 1548.0], [1254.0, 1535.0], [1127.0, 1525.0], [1111.0, 1531.0], [1103.0, 1562.0]]"
ArduinoMega_Top,11,C1,electrolytic,"""electrolytic capacitor"" unknown",Capacitor_THT,Capacitor_THT:CP_Radial_D6.3mm_P2.50mm,1307,1710,1475,1909,0.925,17,"(1375.0,1725.0); (1342.0,1740.0); (1325.0,1757.0); (1314.0,1786.0); (1313.0,1816.0); (1323.0,1864.0); (1368.0,1888.0); (1380.0,1904.0); (1397.0,1906.0); (1417.0,1884.0); (1437.0,1876.0); (1458.0,1854.0); (1468.0,1831.0); (1469.0,1790.0); (1458.0,1764.0); (1441.0,1744.0); (1405.0,1724.0)","[[1375.0, 1725.0], [1342.0, 1740.0], [1325.0, 1757.0], [1314.0, 1786.0], [1313.0, 1816.0], [1323.0, 1864.0], [1368.0, 1888.0], [1380.0, 1904.0], [1397.0, 1906.0], [1417.0, 1884.0], [1437.0, 1876.0], [1458.0, 1854.0], [1468.0, 1831.0], [1469.0, 1790.0], [1458.0, 1764.0], [1441.0, 1744.0], [1405.0, 1724.0]]"
ArduinoMega_Top,12,C2,electrolytic,"""electrolytic capacitor"" unknown",Capacitor_THT,Capacitor_THT:CP_Radial_D6.3mm_P2.50mm,1477,1709,1643,1910,0.926,17,"(1563.0,1722.0); (1523.0,1737.0); (1499.0,1754.0); (1486.0,1776.0); (1482.0,1815.0); (1493.0,1884.0); (1499.0,1888.0); (1519.0,1884.0); (1544.0,1892.0); (1553.0,1904.0); (1568.0,1907.0); (1590.0,1883.0); (1633.0,1885.0); (1638.0,1874.0); (1641.0,1804.0); (1635.0,1769.0); (1617.0,1744.0)","[[1563.0, 1722.0], [1523.0, 1737.0], [1499.0, 1754.0], [1486.0, 1776.0], [1482.0, 1815.0], [1493.0, 1884.0], [1499.0, 1888.0], [1519.0, 1884.0], [1544.0, 1892.0], [1553.0, 1904.0], [1568.0, 1907.0], [1590.0, 1883.0], [1633.0, 1885.0], [1638.0, 1874.0], [1641.0, 1804.0], [1635.0, 1769.0], [1617.0, 1744.0]]"
ArduinoMega_Top,13,U4,ic,ic unknown,Package_SO,Package_SO:SOIC-8_3.9x4.9mm_P1.27mm,1320,1478,1462,1563,0.932,14,"(1325.0,1492.0); (1322.0,1507.0); (1325.0,1542.0); (1332.0,1551.0); (1371.0,1559.0); (1408.0,1558.0); (1430.0,1552.0); (1451.0,1552.0); (1458.0,1548.0); (1459.0,1491.0); (1454.0,1485.0); (1407.0,1480.0); (1348.0,1481.0); (1332.0,1484.0)","[[1325.0, 1492.0], [1322.0, 1507.0], [1325.0, 1542.0], [1332.0, 1551.0], [1371.0, 1559.0], [1408.0, 1558.0], [1430.0, 1552.0], [1451.0, 1552.0], [1458.0, 1548.0], [1459.0, 1491.0], [1454.0, 1485.0], [1407.0, 1480.0], [1348.0, 1481.0], [1332.0, 1484.0]]"
ArduinoMega_Top,14,U5,ic,ic unknown,Package_SO,Package_SO:SOIC-8_3.9x4.9mm_P1.27mm,1579,1368,1654,1481,0.934,15,"(1596.0,1374.0); (1589.0,1382.0); (1582.0,1417.0); (1583.0,1439.0); (1588.0,1453.0); (1589.0,1471.0); (1595.0,1477.0); (1604.0,1476.0); (1615.0,1469.0); (1643.0,1472.0); (1648.0,1464.0); (1655.0,1431.0); (1654.0,1408.0); (1649.0,1380.0); (1644.0,1374.0)","[[1596.0, 1374.0], [1589.0, 1382.0], [1582.0, 1417.0], [1583.0, 1439.0], [1588.0, 1453.0], [1589.0, 1471.0], [1595.0, 1477.0], [1604.0, 1476.0], [1615.0, 1469.0], [1643.0, 1472.0], [1648.0, 1464.0], [1655.0, 1431.0], [1654.0, 1408.0], [1649.0, 1380.0], [1644.0, 1374.0]]"
ArduinoMega_Top,15,U6,ic,ic unknown,Package_SO,Package_SO:SOIC-8_3.9x4.9mm_P1.27mm,1131,1371,1208,1453,0.928,19,"(1162.0,1370.0); (1151.0,1374.0); (1148.0,1378.0); (1144.0,1399.0); (1138.0,1407.0); (1138.0,1419.0); (1145.0,1429.0); (1149.0,1445.0); (1155.0,1449.0); (1168.0,1450.0); (1184.0,1445.0); (1194.0,1439.0); (1194.0,1434.0); (1187.0,1422.0); (1186.0,1406.0); (1197.0,1392.0); (1198.0,1386.0); (1196.0,1381.0); (1187.0,1375.0)","[[1162.0, 1370.0], [1151.0, 1374.0], [1148.0, 1378.0], [1144.0, 1399.0], [1138.0, 1407.0], [1138.0, 1419.0], [1145.0, 1429.0], [1149.0, 1445.0], [1155.0, 1449.0], [1168.0, 1450.0], [1184.0, 1445.0], [1194.0, 1439.0], [1194.0, 1434.0], [1187.0, 1422.0], [1186.0, 1406.0], [1197.0, 1392.0], [1198.0, 1386.0], [1196.0, 1381.0], [1187.0, 1375.0]]"
ArduinoMega_Top,16,U7,ic,ic unknown,Package_SO,Package_SO:SOIC-8_3.9x4.9mm_P1.27mm,1385,1920,1559,2014,0.936,12,"(1553.0,1938.0); (1547.0,1933.0); (1530.0,1932.0); (1503.0,1922.0); (1416.0,1924.0); (1389.0,1938.0); (1388.0,2001.0); (1420.0,2010.0); (1506.0,2010.0); (1535.0,2002.0); (1550.0,2003.0); (1554.0,1998.0)","[[1553.0, 1938.0], [1547.0, 1933.0], [1530.0, 1932.0], [1503.0, 1922.0], [1416.0, 1924.0], [1389.0, 1938.0], [1388.0, 2001.0], [1420.0, 2010.0], [1506.0, 2010.0], [1535.0, 2002.0], [1550.0, 2003.0], [1554.0, 1998.0]]"
ArduinoMega_Top,17,SW1,button,button RESET,Button_Switch_SMD,Button_Switch_SMD:SW_Push_SPST_NO_Alps_SKRK,2652,1224,2810,1478,0.931,22,"(2659.0,1230.0); (2648.0,1387.0); (2659.0,1468.0); (2689.0,1468.0); (2687.0,1435.0); (2704.0,1427.0); (2716.0,1441.0); (2713.0,1467.0); (2741.0,1471.0); (2741.0,1435.0); (2753.0,1423.0); (2766.0,1433.0); (2768.0,1467.0); (2797.0,1467.0); (2804.0,1352.0); (2794.0,1235.0); (2767.0,1231.0); (2765.0,1263.0); (2757.0,1271.0); (2703.0,1272.0); (2689.0,1263.0); (2686.0,1230.0)","[[2659.0, 1230.0], [2648.0, 1387.0], [2659.0, 1468.0], [2689.0, 1468.0], [2687.0, 1435.0], [2704.0, 1427.0], [2716.0, 1441.0], [2713.0, 1467.0], [2741.0, 1471.0], [2741.0, 1435.0], [2753.0, 1423.0], [2766.0, 1433.0], [2768.0, 1467.0], [2797.0, 1467.0], [2804.0, 1352.0], [2794.0, 1235.0], [2767.0, 1231.0], [2765.0, 1263.0], [2757.0, 1271.0], [2703.0, 1272.0], [2689.0, 1263.0], [2686.0, 1230.0]]"
ArduinoMega_Top,18,J4,connector,connector ICSP,Connector,Connector_PinHeader_2.54mm:PinHeader_1x04_P2.54mm_Vert,2443,1255,2570,1448,0.951,11,"(2455.0,1258.0); (2446.0,1273.0); (2446.0,1426.0); (2455.0,1435.0); (2472.0,1441.0); (2546.0,1441.0); (2559.0,1435.0); (2565.0,1424.0); (2561.0,1266.0); (2544.0,1256.0); (2466.0,1254.0)","[[2455.0, 1258.0], [2446.0, 1273.0], [2446.0, 1426.0], [2455.0, 1435.0], [2472.0, 1441.0], [2546.0, 1441.0], [2559.0, 1435.0], [2565.0, 1424.0], [2561.0, 1266.0], [2544.0, 1256.0], [2466.0, 1254.0]]"
ArduinoMega_Top,19,C3,capacitor,capacitor unknown,Capacitor_SMD,Capacitor_SMD:C_0805_2012Metric,1100,934,1187,965,0.806,12,"(1185.0,940.0); (1184.0,937.0); (1178.0,933.0); (1115.0,933.0); (1102.0,937.0); (1097.0,941.0); (1096.0,953.0); (1106.0,956.0); (1153.0,957.0); (1160.0,959.0); (1175.0,959.0); (1182.0,956.0)","[[1185.0, 940.0], [1184.0, 937.0], [1178.0, 933.0], [1115.0, 933.0], [1102.0, 937.0], [1097.0, 941.0], [1096.0, 953.0], [1106.0, 956.0], [1153.0, 957.0], [1160.0, 959.0], [1175.0, 959.0], [1182.0, 956.0]]"
ArduinoMega_Top,20,C4,capacitor,capacitor unknown,Capacitor_SMD,Capacitor_SMD:C_0805_2012Metric,1201,1001,1270,1036,0.922,15,"(1201.0,1014.0); (1202.0,1027.0); (1206.0,1032.0); (1211.0,1034.0); (1253.0,1034.0); (1258.0,1033.0); (1264.0,1029.0); (1267.0,1022.0); (1267.0,1015.0); (1264.0,1007.0); (1259.0,1004.0); (1243.0,1003.0); (1242.0,1002.0); (1211.0,1003.0); (1204.0,1007.0)","[[1201.0, 1014.0], [1202.0, 1027.0], [1206.0, 1032.0], [1211.0, 1034.0], [1253.0, 1034.0], [1258.0, 1033.0], [1264.0, 1029.0], [1267.0, 1022.0], [1267.0, 1015.0], [1264.0, 1007.0], [1259.0, 1004.0], [1243.0, 1003.0], [1242.0, 1002.0], [1211.0, 1003.0], [1204.0, 1007.0]]"
ArduinoMega_Top,21,C5,capacitor,capacitor unknown,Capacitor_SMD,Capacitor_SMD:C_0805_2012Metric,1584,949,1650,983,0.932,16,"(1586.0,959.0); (1585.0,970.0); (1588.0,975.0); (1596.0,978.0); (1613.0,979.0); (1614.0,980.0); (1631.0,979.0); (1638.0,977.0); (1645.0,973.0); (1647.0,964.0); (1647.0,957.0); (1644.0,952.0); (1635.0,948.0); (1626.0,946.0); (1600.0,947.0); (1590.0,952.0)","[[1586.0, 959.0], [1585.0, 970.0], [1588.0, 975.0], [1596.0, 978.0], [1613.0, 979.0], [1614.0, 980.0], [1631.0, 979.0], [1638.0, 977.0], [1645.0, 973.0], [1647.0, 964.0], [1647.0, 957.0], [1644.0, 952.0], [1635.0, 948.0], [1626.0, 946.0], [1600.0, 947.0], [1590.0, 952.0]]"
ArduinoMega_Top,22,D4,diode,diode unknown,Diode_SMD,Diode_SMD:D_SOD-123,1234,863,1282,988,0.915,12,"(1273.0,861.0); (1243.0,861.0); (1237.0,866.0); (1235.0,873.0); (1234.0,976.0); (1236.0,981.0); (1243.0,986.0); (1277.0,984.0); (1285.0,974.0); (1282.0,932.0); (1287.0,886.0); (1282.0,867.0)","[[1273.0, 861.0], [1243.0, 861.0], [1237.0, 866.0], [1235.0, 873.0], [1234.0, 976.0], [1236.0, 981.0], [1243.0, 986.0], [1277.0, 984.0], [1285.0, 974.0], [1282.0, 932.0], [1287.0, 886.0], [1282.0, 867.0]]"
ArduinoMega_Top,23,R1,resistor,"""resistor network"" unknown",Resistor_SMD,Resistor_SMD:R_0805_2012Metric,1211,1102,1256,1185,0.927,12,"(1216.0,1103.0); (1212.0,1108.0); (1210.0,1116.0); (1210.0,1169.0); (1214.0,1183.0); (1218.0,1184.0); (1249.0,1184.0); (1256.0,1178.0); (1258.0,1170.0); (1257.0,1109.0); (1254.0,1105.0); (1245.0,1102.0)","[[1216.0, 1103.0], [1212.0, 1108.0], [1210.0, 1116.0], [1210.0, 1169.0], [1214.0, 1183.0], [1218.0, 1184.0], [1249.0, 1184.0], [1256.0, 1178.0], [1258.0, 1170.0], [1257.0, 1109.0], [1254.0, 1105.0], [1245.0, 1102.0]]"
ArduinoMega_Top,24,J5,connector,connector unknown,Connector,Connector_PinHeader_2.54mm:PinHeader_1x04_P2.54mm_Vert,1361,991,1469,1098,0.919,22,"(1463.0,993.0); (1453.0,989.0); (1437.0,989.0); (1418.0,1000.0); (1394.0,991.0); (1372.0,991.0); (1363.0,998.0); (1360.0,1024.0); (1364.0,1040.0); (1356.0,1055.0); (1353.0,1071.0); (1357.0,1088.0); (1365.0,1099.0); (1373.0,1103.0); (1421.0,1100.0); (1443.0,1104.0); (1459.0,1100.0); (1470.0,1091.0); (1474.0,1083.0); (1474.0,1067.0); (1467.0,1044.0); (1471.0,1006.0)","[[1463.0, 993.0], [1453.0, 989.0], [1437.0, 989.0], [1418.0, 1000.0], [1394.0, 991.0], [1372.0, 991.0], [1363.0, 998.0], [1360.0, 1024.0], [1364.0, 1040.0], [1356.0, 1055.0], [1353.0, 1071.0], [1357.0, 1088.0], [1365.0, 1099.0], [1373.0, 1103.0], [1421.0, 1100.0], [1443.0, 1104.0], [1459.0, 1100.0], [1470.0, 1091.0], [1474.0, 1083.0], [1474.0, 1067.0], [1467.0, 1044.0], [1471.0, 1006.0]]"
ArduinoMega_Top,25,R2,resistor,resistor unknown,Resistor_SMD,Resistor_SMD:R_0805_2012Metric,1197,1060,1273,1092,0.916,15,"(1273.0,1066.0); (1270.0,1062.0); (1263.0,1059.0); (1239.0,1061.0); (1213.0,1060.0); (1206.0,1062.0); (1200.0,1066.0); (1198.0,1070.0); (1198.0,1084.0); (1202.0,1090.0); (1213.0,1094.0); (1225.0,1091.0); (1261.0,1092.0); (1269.0,1088.0); (1272.0,1084.0)","[[1273.0, 1066.0], [1270.0, 1062.0], [1263.0, 1059.0], [1239.0, 1061.0], [1213.0, 1060.0], [1206.0, 1062.0], [1200.0, 1066.0], [1198.0, 1070.0], [1198.0, 1084.0], [1202.0, 1090.0], [1213.0, 1094.0], [1225.0, 1091.0], [1261.0, 1092.0], [1269.0, 1088.0], [1272.0, 1084.0]]"
ArduinoMega_Top,26,R3,resistor,resistor unknown,Resistor_SMD,Resistor_SMD:R_0805_2012Metric,1199,1195,1272,1226,0.905,13,"(1200.0,1202.0); (1199.0,1221.0); (1201.0,1226.0); (1207.0,1228.0); (1266.0,1227.0); (1272.0,1223.0); (1274.0,1217.0); (1274.0,1207.0); (1272.0,1199.0); (1269.0,1196.0); (1262.0,1193.0); (1214.0,1193.0); (1204.0,1197.0)","[[1200.0, 1202.0], [1199.0, 1221.0], [1201.0, 1226.0], [1207.0, 1228.0], [1266.0, 1227.0], [1272.0, 1223.0], [1274.0, 1217.0], [1274.0, 1207.0], [1272.0, 1199.0], [1269.0, 1196.0], [1262.0, 1193.0], [1214.0, 1193.0], [1204.0, 1197.0]]"
ArduinoMega_Top,27,C6,capacitor,capacitor unknown,Capacitor_SMD,Capacitor_SMD:C_0805_2012Metric,1206,1273,1273,1307,0.934,13,"(1203.0,1278.0); (1204.0,1299.0); (1210.0,1306.0); (1213.0,1307.0); (1256.0,1305.0); (1261.0,1303.0); (1268.0,1294.0); (1266.0,1279.0); (1257.0,1273.0); (1247.0,1270.0); (1237.0,1271.0); (1213.0,1270.0); (1206.0,1273.0)","[[1203.0, 1278.0], [1204.0, 1299.0], [1210.0, 1306.0], [1213.0, 1307.0], [1256.0, 1305.0], [1261.0, 1303.0], [1268.0, 1294.0], [1266.0, 1279.0], [1257.0, 1273.0], [1247.0, 1270.0], [1237.0, 1271.0], [1213.0, 1270.0], [1206.0, 1273.0]]"
ArduinoMega_Top,28,C7,capacitor,capacitor unknown,Capacitor_SMD,Capacitor_SMD:C_0805_2012Metric,1204,1310,1270,1347,0.921,14,"(1204.0,1318.0); (1203.0,1322.0); (1204.0,1338.0); (1211.0,1345.0); (1234.0,1344.0); (1246.0,1346.0); (1262.0,1342.0); (1266.0,1338.0); (1268.0,1329.0); (1267.0,1319.0); (1265.0,1315.0); (1259.0,1311.0); (1214.0,1310.0); (1207.0,1313.0)","[[1204.0, 1318.0], [1203.0, 1322.0], [1204.0, 1338.0], [1211.0, 1345.0], [1234.0, 1344.0], [1246.0, 1346.0], [1262.0, 1342.0], [1266.0, 1338.0], [1268.0, 1329.0], [1267.0, 1319.0], [1265.0, 1315.0], [1259.0, 1311.0], [1214.0, 1310.0], [1207.0, 1313.0]]"
ArduinoMega_Top,29,C8,capacitor,capacitor unknown,Capacitor_SMD,Capacitor_SMD:C_0805_2012Metric,1279,1312,1345,1348,0.895,15,"(1281.0,1321.0); (1281.0,1331.0); (1284.0,1339.0); (1297.0,1345.0); (1312.0,1346.0); (1339.0,1343.0); (1343.0,1341.0); (1345.0,1338.0); (1347.0,1330.0); (1347.0,1322.0); (1345.0,1318.0); (1340.0,1314.0); (1330.0,1312.0); (1290.0,1312.0); (1285.0,1314.0)","[[1281.0, 1321.0], [1281.0, 1331.0], [1284.0, 1339.0], [1297.0, 1345.0], [1312.0, 1346.0], [1339.0, 1343.0], [1343.0, 1341.0], [1345.0, 1338.0], [1347.0, 1330.0], [1347.0, 1322.0], [1345.0, 1318.0], [1340.0, 1314.0], [1330.0, 1312.0], [1290.0, 1312.0], [1285.0, 1314.0]]"
ArduinoMega_Top,30,C9,capacitor,capacitor unknown,Capacitor_SMD,Capacitor_SMD:C_0805_2012Metric,1431,1311,1501,1345,0.897,17,"(1433.0,1319.0); (1432.0,1329.0); (1434.0,1339.0); (1436.0,1342.0); (1441.0,1344.0); (1465.0,1345.0); (1466.0,1346.0); (1483.0,1345.0); (1490.0,1341.0); (1495.0,1329.0); (1495.0,1321.0); (1493.0,1315.0); (1490.0,1312.0); (1485.0,1310.0); (1446.0,1311.0); (1438.0,1313.0); (1435.0,1315.0)","[[1433.0, 1319.0], [1432.0, 1329.0], [1434.0, 1339.0], [1436.0, 1342.0], [1441.0, 1344.0], [1465.0, 1345.0], [1466.0, 1346.0], [1483.0, 1345.0], [1490.0, 1341.0], [1495.0, 1329.0], [1495.0, 1321.0], [1493.0, 1315.0], [1490.0, 1312.0], [1485.0, 1310.0], [1446.0, 1311.0], [1438.0, 1313.0], [1435.0, 1315.0]]"
ArduinoMega_Top,31,C10,capacitor,capacitor unknown,Capacitor_SMD,Capacitor_SMD:C_0805_2012Metric,1509,1311,1575,1346,0.873,18,"(1503.0,1322.0); (1503.0,1329.0); (1505.0,1336.0); (1511.0,1340.0); (1522.0,1342.0); (1541.0,1342.0); (1553.0,1340.0); (1563.0,1335.0); (1568.0,1327.0); (1568.0,1323.0); (1563.0,1315.0); (1558.0,1312.0); (1545.0,1309.0); (1531.0,1309.0); (1530.0,1310.0); (1515.0,1311.0); (1508.0,1314.0); (1505.0,1317.0)","[[1503.0, 1322.0], [1503.0, 1329.0], [1505.0, 1336.0], [1511.0, 1340.0], [1522.0, 1342.0], [1541.0, 1342.0], [1553.0, 1340.0], [1563.0, 1335.0], [1568.0, 1327.0], [1568.0, 1323.0], [1563.0, 1315.0], [1558.0, 1312.0], [1545.0, 1309.0], [1531.0, 1309.0], [1530.0, 1310.0], [1515.0, 1311.0], [1508.0, 1314.0], [1505.0, 1317.0]]"
ArduinoMega_Top,32,R4,resistor,"""resistor network"" unknown",Resistor_SMD,Resistor_SMD:R_0805_2012Metric,1598,1239,1638,1329,0.931,13,"(1597.0,1242.0); (1593.0,1248.0); (1592.0,1271.0); (1594.0,1293.0); (1593.0,1312.0); (1597.0,1322.0); (1603.0,1324.0); (1631.0,1323.0); (1635.0,1320.0); (1639.0,1307.0); (1640.0,1259.0); (1638.0,1246.0); (1632.0,1241.0)","[[1597.0, 1242.0], [1593.0, 1248.0], [1592.0, 1271.0], [1594.0, 1293.0], [1593.0, 1312.0], [1597.0, 1322.0], [1603.0, 1324.0], [1631.0, 1323.0], [1635.0, 1320.0], [1639.0, 1307.0], [1640.0, 1259.0], [1638.0, 1246.0], [1632.0, 1241.0]]"
ArduinoMega_Top,33,U8,component,"""component text"" 102",Generic_Component,Package_SO:SOIC-8_3.9x4.9mm_P1.27mm,1607,1255,1627,1300,0.896,14,"(1629.0,1245.0); (1609.0,1247.0); (1602.0,1253.0); (1600.0,1257.0); (1599.0,1265.0); (1600.0,1284.0); (1608.0,1303.0); (1612.0,1307.0); (1615.0,1308.0); (1627.0,1305.0); (1633.0,1296.0); (1635.0,1281.0); (1634.0,1254.0); (1632.0,1246.0)","[[1629.0, 1245.0], [1609.0, 1247.0], [1602.0, 1253.0], [1600.0, 1257.0], [1599.0, 1265.0], [1600.0, 1284.0], [1608.0, 1303.0], [1612.0, 1307.0], [1615.0, 1308.0], [1627.0, 1305.0], [1633.0, 1296.0], [1635.0, 1281.0], [1634.0, 1254.0], [1632.0, 1246.0]]"
ArduinoMega_Top,34,U9,component,"""component text"" 220",Generic_Component,Package_SO:SOIC-8_3.9x4.9mm_P1.27mm,1223,1122,1245,1167,0.899,14,"(1243.0,1112.0); (1224.0,1118.0); (1219.0,1123.0); (1216.0,1132.0); (1216.0,1151.0); (1218.0,1165.0); (1223.0,1173.0); (1230.0,1176.0); (1246.0,1175.0); (1250.0,1171.0); (1253.0,1165.0); (1254.0,1158.0); (1253.0,1123.0); (1250.0,1115.0)","[[1243.0, 1112.0], [1224.0, 1118.0], [1219.0, 1123.0], [1216.0, 1132.0], [1216.0, 1151.0], [1218.0, 1165.0], [1223.0, 1173.0], [1230.0, 1176.0], [1246.0, 1175.0], [1250.0, 1171.0], [1253.0, 1165.0], [1254.0, 1158.0], [1253.0, 1123.0], [1250.0, 1115.0]]"
ArduinoMega_Top,35,U10,component,"""component text"" 102",Generic_Component,Package_SO:SOIC-8_3.9x4.9mm_P1.27mm,1607,1060,1625,1099,0.887,17,"(1629.0,1053.0); (1614.0,1053.0); (1611.0,1054.0); (1606.0,1058.0); (1602.0,1065.0); (1601.0,1078.0); (1600.0,1079.0); (1601.0,1098.0); (1606.0,1104.0); (1610.0,1106.0); (1616.0,1107.0); (1617.0,1106.0); (1627.0,1105.0); (1631.0,1100.0); (1632.0,1067.0); (1631.0,1066.0); (1631.0,1058.0)","[[1629.0, 1053.0], [1614.0, 1053.0], [1611.0, 1054.0], [1606.0, 1058.0], [1602.0, 1065.0], [1601.0, 1078.0], [1600.0, 1079.0], [1601.0, 1098.0], [1606.0, 1104.0], [1610.0, 1106.0], [1616.0, 1107.0], [1617.0, 1106.0], [1627.0, 1105.0], [1631.0, 1100.0], [1632.0, 1067.0], [1631.0, 1066.0], [1631.0, 1058.0]]"
ArduinoMega_Top,36,R5,resistor,"""resistor network"" unknown",Resistor_SMD,Resistor_SMD:R_0805_2012Metric,1593,1043,1641,1131,0.927,10,"(1597.0,1040.0); (1590.0,1048.0); (1592.0,1118.0); (1594.0,1125.0); (1599.0,1129.0); (1631.0,1128.0); (1635.0,1125.0); (1638.0,1117.0); (1640.0,1049.0); (1631.0,1041.0)","[[1597.0, 1040.0], [1590.0, 1048.0], [1592.0, 1118.0], [1594.0, 1125.0], [1599.0, 1129.0], [1631.0, 1128.0], [1635.0, 1125.0], [1638.0, 1117.0], [1640.0, 1049.0], [1631.0, 1041.0]]"
ArduinoMega_Top,37,R6,resistor,"""resistor network"" unknown",Resistor_SMD,Resistor_SMD:R_0805_2012Metric,1368,1596,1415,1680,0.926,11,"(1406.0,1593.0); (1375.0,1593.0); (1369.0,1598.0); (1367.0,1648.0); (1368.0,1669.0); (1372.0,1678.0); (1404.0,1679.0); (1411.0,1677.0); (1415.0,1672.0); (1416.0,1611.0); (1414.0,1599.0)","[[1406.0, 1593.0], [1375.0, 1593.0], [1369.0, 1598.0], [1367.0, 1648.0], [1368.0, 1669.0], [1372.0, 1678.0], [1404.0, 1679.0], [1411.0, 1677.0], [1415.0, 1672.0], [1416.0, 1611.0], [1414.0, 1599.0]]"
ArduinoMega_Top,38,U11,component,"""component text"" 103",Generic_Component,Package_SO:SOIC-8_3.9x4.9mm_P1.27mm,1380,1617,1399,1658,0.862,15,"(1403.0,1618.0); (1387.0,1619.0); (1380.0,1621.0); (1375.0,1624.0); (1374.0,1627.0); (1374.0,1655.0); (1376.0,1664.0); (1385.0,1667.0); (1396.0,1667.0); (1397.0,1666.0); (1403.0,1666.0); (1406.0,1663.0); (1409.0,1650.0); (1410.0,1628.0); (1407.0,1621.0)","[[1403.0, 1618.0], [1387.0, 1619.0], [1380.0, 1621.0], [1375.0, 1624.0], [1374.0, 1627.0], [1374.0, 1655.0], [1376.0, 1664.0], [1385.0, 1667.0], [1396.0, 1667.0], [1397.0, 1666.0], [1403.0, 1666.0], [1406.0, 1663.0], [1409.0, 1650.0], [1410.0, 1628.0], [1407.0, 1621.0]]"
ArduinoMega_Top,39,C11,capacitor,capacitor unknown,Capacitor_SMD,Capacitor_SMD:C_0805_2012Metric,1278,1571,1310,1644,0.898,12,"(1290.0,1574.0); (1282.0,1578.0); (1279.0,1584.0); (1279.0,1629.0); (1281.0,1637.0); (1286.0,1643.0); (1295.0,1644.0); (1302.0,1638.0); (1305.0,1630.0); (1307.0,1593.0); (1303.0,1582.0); (1297.0,1576.0)","[[1290.0, 1574.0], [1282.0, 1578.0], [1279.0, 1584.0], [1279.0, 1629.0], [1281.0, 1637.0], [1286.0, 1643.0], [1295.0, 1644.0], [1302.0, 1638.0], [1305.0, 1630.0], [1307.0, 1593.0], [1303.0, 1582.0], [1297.0, 1576.0]]"
ArduinoMega_Top,40,C12,capacitor,capacitor unknown,Capacitor_SMD,Capacitor_SMD:C_0805_2012Metric,1434,1601,1503,1635,0.929,14,"(1437.0,1613.0); (1437.0,1628.0); (1441.0,1632.0); (1452.0,1635.0); (1461.0,1636.0); (1488.0,1635.0); (1499.0,1632.0); (1502.0,1628.0); (1503.0,1613.0); (1497.0,1605.0); (1489.0,1602.0); (1450.0,1603.0); (1442.0,1606.0); (1438.0,1610.0)","[[1437.0, 1613.0], [1437.0, 1628.0], [1441.0, 1632.0], [1452.0, 1635.0], [1461.0, 1636.0], [1488.0, 1635.0], [1499.0, 1632.0], [1502.0, 1628.0], [1503.0, 1613.0], [1497.0, 1605.0], [1489.0, 1602.0], [1450.0, 1603.0], [1442.0, 1606.0], [1438.0, 1610.0]]"
ArduinoMega_Top,41,C13,capacitor,capacitor unknown,Capacitor_SMD,Capacitor_SMD:C_0805_2012Metric,1587,1573,1655,1607,0.926,13,"(1587.0,1583.0); (1588.0,1601.0); (1593.0,1608.0); (1598.0,1610.0); (1630.0,1609.0); (1641.0,1607.0); (1648.0,1604.0); (1652.0,1598.0); (1652.0,1581.0); (1650.0,1577.0); (1644.0,1573.0); (1599.0,1574.0); (1592.0,1577.0)","[[1587.0, 1583.0], [1588.0, 1601.0], [1593.0, 1608.0], [1598.0, 1610.0], [1630.0, 1609.0], [1641.0, 1607.0], [1648.0, 1604.0], [1652.0, 1598.0], [1652.0, 1581.0], [1650.0, 1577.0], [1644.0, 1573.0], [1599.0, 1574.0], [1592.0, 1577.0]]"
ArduinoMega_Top,42,C14,capacitor,capacitor unknown,Capacitor_SMD,Capacitor_SMD:C_0805_2012Metric,1582,1495,1654,1528,0.927,14,"(1584.0,1501.0); (1584.0,1520.0); (1590.0,1527.0); (1593.0,1528.0); (1627.0,1530.0); (1639.0,1529.0); (1648.0,1527.0); (1653.0,1520.0); (1653.0,1505.0); (1651.0,1499.0); (1644.0,1494.0); (1616.0,1492.0); (1596.0,1493.0); (1589.0,1495.0)","[[1584.0, 1501.0], [1584.0, 1520.0], [1590.0, 1527.0], [1593.0, 1528.0], [1627.0, 1530.0], [1639.0, 1529.0], [1648.0, 1527.0], [1653.0, 1520.0], [1653.0, 1505.0], [1651.0, 1499.0], [1644.0, 1494.0], [1616.0, 1492.0], [1596.0, 1493.0], [1589.0, 1495.0]]"
ArduinoMega_Top,43,C15,capacitor,capacitor unknown,Capacitor_SMD,Capacitor_SMD:C_0805_2012Metric,1739,1642,1767,1713,0.917,13,"(1754.0,1643.0); (1744.0,1646.0); (1741.0,1649.0); (1737.0,1662.0); (1738.0,1699.0); (1741.0,1709.0); (1750.0,1712.0); (1762.0,1712.0); (1768.0,1708.0); (1770.0,1698.0); (1769.0,1652.0); (1768.0,1648.0); (1764.0,1644.0)","[[1754.0, 1643.0], [1744.0, 1646.0], [1741.0, 1649.0], [1737.0, 1662.0], [1738.0, 1699.0], [1741.0, 1709.0], [1750.0, 1712.0], [1762.0, 1712.0], [1768.0, 1708.0], [1770.0, 1698.0], [1769.0, 1652.0], [1768.0, 1648.0], [1764.0, 1644.0]]"
ArduinoMega_Top,44,C16,capacitor,capacitor unknown,Capacitor_SMD,Capacitor_SMD:C_0805_2012Metric,1844,1840,1916,1878,0.923,12,"(1912.0,1850.0); (1908.0,1844.0); (1901.0,1842.0); (1853.0,1843.0); (1847.0,1848.0); (1846.0,1858.0); (1849.0,1867.0); (1853.0,1871.0); (1858.0,1873.0); (1903.0,1873.0); (1910.0,1868.0); (1912.0,1862.0)","[[1912.0, 1850.0], [1908.0, 1844.0], [1901.0, 1842.0], [1853.0, 1843.0], [1847.0, 1848.0], [1846.0, 1858.0], [1849.0, 1867.0], [1853.0, 1871.0], [1858.0, 1873.0], [1903.0, 1873.0], [1910.0, 1868.0], [1912.0, 1862.0]]"
ArduinoMega_Top,45,C17,capacitor,capacitor unknown,Capacitor_SMD,Capacitor_SMD:C_0805_2012Metric,1876,1279,1943,1313,0.921,15,"(1876.0,1290.0); (1876.0,1300.0); (1878.0,1307.0); (1883.0,1311.0); (1887.0,1312.0); (1933.0,1311.0); (1940.0,1307.0); (1943.0,1296.0); (1943.0,1291.0); (1941.0,1286.0); (1937.0,1282.0); (1929.0,1280.0); (1889.0,1281.0); (1884.0,1282.0); (1879.0,1285.0)","[[1876.0, 1290.0], [1876.0, 1300.0], [1878.0, 1307.0], [1883.0, 1311.0], [1887.0, 1312.0], [1933.0, 1311.0], [1940.0, 1307.0], [1943.0, 1296.0], [1943.0, 1291.0], [1941.0, 1286.0], [1937.0, 1282.0], [1929.0, 1280.0], [1889.0, 1281.0], [1884.0, 1282.0], [1879.0, 1285.0]]"
ArduinoMega_Top,46,C18,capacitor,capacitor unknown,Capacitor_SMD,Capacitor_SMD:C_0805_2012Metric,2330,1058,2399,1103,0.929,17,"(2396.0,1069.0); (2394.0,1065.0); (2386.0,1061.0); (2363.0,1061.0); (2338.0,1063.0); (2335.0,1064.0); (2331.0,1069.0); (2329.0,1081.0); (2330.0,1087.0); (2332.0,1091.0); (2340.0,1097.0); (2351.0,1099.0); (2371.0,1099.0); (2382.0,1097.0); (2387.0,1095.0); (2396.0,1086.0); (2398.0,1082.0)","[[2396.0, 1069.0], [2394.0, 1065.0], [2386.0, 1061.0], [2363.0, 1061.0], [2338.0, 1063.0], [2335.0, 1064.0], [2331.0, 1069.0], [2329.0, 1081.0], [2330.0, 1087.0], [2332.0, 1091.0], [2340.0, 1097.0], [2351.0, 1099.0], [2371.0, 1099.0], [2382.0, 1097.0], [2387.0, 1095.0], [2396.0, 1086.0], [2398.0, 1082.0]]"
ArduinoMega_Top,47,C19,capacitor,capacitor unknown,Capacitor_SMD,Capacitor_SMD:C_0805_2012Metric,1978,1107,2009,1173,0.923,11,"(1985.0,1108.0); (1981.0,1114.0); (1980.0,1119.0); (1978.0,1167.0); (1985.0,1181.0); (1998.0,1182.0); (2006.0,1178.0); (2011.0,1167.0); (2009.0,1126.0); (2006.0,1117.0); (2002.0,1113.0)","[[1985.0, 1108.0], [1981.0, 1114.0], [1980.0, 1119.0], [1978.0, 1167.0], [1985.0, 1181.0], [1998.0, 1182.0], [2006.0, 1178.0], [2011.0, 1167.0], [2009.0, 1126.0], [2006.0, 1117.0], [2002.0, 1113.0]]"
ArduinoMega_Top,48,J6,connector,connector unknown,Connector,Connector_PinHeader_2.54mm:PinHeader_1x04_P2.54mm_Vert,1351,763,1988,842,0.944,7,"(1355.0,776.0); (1357.0,826.0); (1374.0,844.0); (1630.0,823.0); (1981.0,834.0); (1989.0,765.0); (1371.0,763.0)","[[1355.0, 776.0], [1357.0, 826.0], [1374.0, 844.0], [1630.0, 823.0], [1981.0, 834.0], [1989.0, 765.0], [1371.0, 763.0]]"
ArduinoMega_Top,49,J7,connector,connector unknown,Connector,Connector_PinHeader_2.54mm:PinHeader_1x04_P2.54mm_Vert,2001,753,2509,838,0.951,7,"(2512.0,795.0); (2508.0,760.0); (2484.0,753.0); (2056.0,756.0); (2002.0,765.0); (2014.0,831.0); (2496.0,832.0)","[[2512.0, 795.0], [2508.0, 760.0], [2484.0, 753.0], [2056.0, 756.0], [2002.0, 765.0], [2014.0, 831.0], [2496.0, 832.0]]"
ArduinoMega_Top,50,J8,connector,connector unknown,Connector,Connector_PinHeader_2.54mm:PinHeader_1x04_P2.54mm_Vert,2545,757,3057,841,0.947,8,"(3061.0,759.0); (3047.0,748.0); (2564.0,755.0); (2553.0,764.0); (2554.0,825.0); (2563.0,836.0); (3017.0,830.0); (3056.0,812.0)","[[3061.0, 759.0], [3047.0, 748.0], [2564.0, 755.0], [2553.0, 764.0], [2554.0, 825.0], [2563.0, 836.0], [3017.0, 830.0], [3056.0, 812.0]]"
ArduinoMega_Top,51,J9,connector,connector unknown,Connector,Connector_PinHeader_2.54mm:PinHeader_1x04_P2.54mm_Vert,3162,758,3316,1869,0.959,8,"(3284.0,747.0); (3186.0,752.0); (3172.0,855.0); (3183.0,1840.0); (3195.0,1865.0); (3250.0,1872.0); (3317.0,1854.0); (3305.0,789.0)","[[3284.0, 747.0], [3186.0, 752.0], [3172.0, 855.0], [3183.0, 1840.0], [3195.0, 1865.0], [3250.0, 1872.0], [3317.0, 1854.0], [3305.0, 789.0]]"
ArduinoMega_Top,52,J10,connector,connector unknown,Connector,Connector_PinHeader_2.54mm:PinHeader_1x04_P2.54mm_Vert,2685,1919,3208,1988,0.938,7,"(3207.0,1920.0); (2708.0,1921.0); (2691.0,1934.0); (2691.0,1977.0); (2704.0,1990.0); (3142.0,1986.0); (3199.0,1974.0)","[[3207.0, 1920.0], [2708.0, 1921.0], [2691.0, 1934.0], [2691.0, 1977.0], [2704.0, 1990.0], [3142.0, 1986.0], [3199.0, 1974.0]]"
ArduinoMega_Top,53,J11,connector,connector unknown,Connector,Connector_PinHeader_2.54mm:PinHeader_1x04_P2.54mm_Vert,1575,1933,2092,2004,0.938,10,"(2090.0,1942.0); (2077.0,1929.0); (1611.0,1936.0); (1586.0,1944.0); (1585.0,1997.0); (1595.0,2004.0); (1891.0,2001.0); (1947.0,1990.0); (2079.0,1996.0); (2090.0,1985.0)","[[2090.0, 1942.0], [2077.0, 1929.0], [1611.0, 1936.0], [1586.0, 1944.0], [1585.0, 1997.0], [1595.0, 2004.0], [1891.0, 2001.0], [1947.0, 1990.0], [2079.0, 1996.0], [2090.0, 1985.0]]"
ArduinoMega_Top,54,J12,connector,connector unknown,Connector,Connector_PinHeader_2.54mm:PinHeader_1x04_P2.54mm_Vert,2134,1928,2646,1994,0.94,8,"(2645.0,1933.0); (2634.0,1925.0); (2150.0,1930.0); (2139.0,1940.0); (2138.0,1986.0); (2157.0,1998.0); (2628.0,1989.0); (2644.0,1979.0)","[[2645.0, 1933.0], [2634.0, 1925.0], [2150.0, 1930.0], [2139.0, 1940.0], [2138.0, 1986.0], [2157.0, 1998.0], [2628.0, 1989.0], [2644.0, 1979.0]]"
ArduinoMega_Top,55,U12,component,"""component text"" ""47 25S. T85""",Generic_Component,Package_SO:SOIC-8_3.9x4.9mm_P1.27mm,1343,1747,1436,1836,0.867,13,"(1424.0,1740.0); (1406.0,1739.0); (1382.0,1745.0); (1371.0,1755.0); (1359.0,1745.0); (1346.0,1760.0); (1348.0,1837.0); (1407.0,1838.0); (1434.0,1834.0); (1446.0,1825.0); (1453.0,1793.0); (1451.0,1776.0); (1440.0,1756.0)","[[1424.0, 1740.0], [1406.0, 1739.0], [1382.0, 1745.0], [1371.0, 1755.0], [1359.0, 1745.0], [1346.0, 1760.0], [1348.0, 1837.0], [1407.0, 1838.0], [1434.0, 1834.0], [1446.0, 1825.0], [1453.0, 1793.0], [1451.0, 1776.0], [1440.0, 1756.0]]"
ArduinoMega_Top,56,U13,component,"""component text"" ""47 25S. T85""",Generic_Component,Package_SO:SOIC-8_3.9x4.9mm_P1.27mm,1518,1752,1611,1841,0.864,19,"(1629.0,1776.0); (1612.0,1757.0); (1597.0,1745.0); (1585.0,1740.0); (1579.0,1740.0); (1569.0,1747.0); (1551.0,1743.0); (1536.0,1744.0); (1536.0,1757.0); (1531.0,1761.0); (1519.0,1757.0); (1509.0,1772.0); (1514.0,1809.0); (1511.0,1837.0); (1547.0,1840.0); (1615.0,1837.0); (1628.0,1825.0); (1632.0,1816.0); (1633.0,1788.0)","[[1629.0, 1776.0], [1612.0, 1757.0], [1597.0, 1745.0], [1585.0, 1740.0], [1579.0, 1740.0], [1569.0, 1747.0], [1551.0, 1743.0], [1536.0, 1744.0], [1536.0, 1757.0], [1531.0, 1761.0], [1519.0, 1757.0], [1509.0, 1772.0], [1514.0, 1809.0], [1511.0, 1837.0], [1547.0, 1840.0], [1615.0, 1837.0], [1628.0, 1825.0], [1632.0, 1816.0], [1633.0, 1788.0]]"
ArduinoMega_Top,57,F1,fuse,fuse unknown,Fuse,Fuse:Fuse_1206_3216Metric,1006,1316,1099,1475,0.941,10,"(1017.0,1322.0); (1013.0,1327.0); (1012.0,1338.0); (1016.0,1376.0); (1013.0,1439.0); (1016.0,1467.0); (1090.0,1467.0); (1096.0,1453.0); (1094.0,1326.0); (1086.0,1321.0)","[[1017.0, 1322.0], [1013.0, 1327.0], [1012.0, 1338.0], [1016.0, 1376.0], [1013.0, 1439.0], [1016.0, 1467.0], [1090.0, 1467.0], [1096.0, 1453.0], [1094.0, 1326.0], [1086.0, 1321.0]]"
ArduinoMega_Top,58,U14,component,"""component text"" 505Y",Generic_Component,Package_SO:SOIC-8_3.9x4.9mm_P1.27mm,1021,1374,1090,1412,0.923,10,"(1018.0,1380.0); (1017.0,1408.0); (1022.0,1415.0); (1086.0,1415.0); (1093.0,1409.0); (1094.0,1385.0); (1092.0,1376.0); (1087.0,1373.0); (1027.0,1373.0); (1022.0,1374.0)","[[1018.0, 1380.0], [1017.0, 1408.0], [1022.0, 1415.0], [1086.0, 1415.0], [1093.0, 1409.0], [1094.0, 1385.0], [1092.0, 1376.0], [1087.0, 1373.0], [1027.0, 1373.0], [1022.0, 1374.0]]"
ArduinoMega_Top,59,R7,resistor,"""resistor network"" unknown",Resistor_SMD,Resistor_SMD:R_0805_2012Metric,2857,1093,2904,1180,0.933,13,"(2866.0,1092.0); (2859.0,1098.0); (2857.0,1109.0); (2856.0,1141.0); (2858.0,1166.0); (2864.0,1174.0); (2869.0,1176.0); (2900.0,1177.0); (2905.0,1171.0); (2907.0,1160.0); (2908.0,1116.0); (2906.0,1096.0); (2899.0,1090.0)","[[2866.0, 1092.0], [2859.0, 1098.0], [2857.0, 1109.0], [2856.0, 1141.0], [2858.0, 1166.0], [2864.0, 1174.0], [2869.0, 1176.0], [2900.0, 1177.0], [2905.0, 1171.0], [2907.0, 1160.0], [2908.0, 1116.0], [2906.0, 1096.0], [2899.0, 1090.0]]"
ArduinoMega_Top,60,U15,component,"""component text"" 103",Generic_Component,Package_SO:SOIC-8_3.9x4.9mm_P1.27mm,2871,1115,2893,1153,0.899,19,"(2877.0,1112.0); (2869.0,1114.0); (2865.0,1118.0); (2864.0,1128.0); (2863.0,1129.0); (2864.0,1146.0); (2865.0,1147.0); (2865.0,1152.0); (2869.0,1158.0); (2884.0,1160.0); (2896.0,1156.0); (2899.0,1148.0); (2899.0,1136.0); (2900.0,1135.0); (2899.0,1133.0); (2899.0,1126.0); (2897.0,1120.0); (2892.0,1115.0); (2886.0,1112.0)","[[2877.0, 1112.0], [2869.0, 1114.0], [2865.0, 1118.0], [2864.0, 1128.0], [2863.0, 1129.0], [2864.0, 1146.0], [2865.0, 1147.0], [2865.0, 1152.0], [2869.0, 1158.0], [2884.0, 1160.0], [2896.0, 1156.0], [2899.0, 1148.0], [2899.0, 1136.0], [2900.0, 1135.0], [2899.0, 1133.0], [2899.0, 1126.0], [2897.0, 1120.0], [2892.0, 1115.0], [2886.0, 1112.0]]"
ArduinoMega_Top,61,D5,led,led ON,LED_SMD,LED_SMD:LED_0805_2012Metric,2731,1117,2814,1158,0.89,13,"(2736.0,1123.0); (2734.0,1129.0); (2734.0,1149.0); (2738.0,1154.0); (2743.0,1156.0); (2795.0,1156.0); (2800.0,1155.0); (2807.0,1146.0); (2806.0,1129.0); (2800.0,1118.0); (2790.0,1116.0); (2760.0,1115.0); (2741.0,1118.0)","[[2736.0, 1123.0], [2734.0, 1129.0], [2734.0, 1149.0], [2738.0, 1154.0], [2743.0, 1156.0], [2795.0, 1156.0], [2800.0, 1155.0], [2807.0, 1146.0], [2806.0, 1129.0], [2800.0, 1118.0], [2790.0, 1116.0], [2760.0, 1115.0], [2741.0, 1118.0]]"
ArduinoMega_Top,62,U16,component,"""component text"" ""RJ9 117-5""",Generic_Component,Package_SO:SOIC-8_3.9x4.9mm_P1.27mm,1120,1538,1183,1622,0.873,14,"(1115.0,1530.0); (1111.0,1536.0); (1118.0,1619.0); (1126.0,1616.0); (1152.0,1616.0); (1161.0,1613.0); (1174.0,1616.0); (1188.0,1615.0); (1192.0,1610.0); (1195.0,1587.0); (1195.0,1566.0); (1191.0,1554.0); (1190.0,1535.0); (1178.0,1530.0)","[[1115.0, 1530.0], [1111.0, 1536.0], [1118.0, 1619.0], [1126.0, 1616.0], [1152.0, 1616.0], [1161.0, 1613.0], [1174.0, 1616.0], [1188.0, 1615.0], [1192.0, 1610.0], [1195.0, 1587.0], [1195.0, 1566.0], [1191.0, 1554.0], [1190.0, 1535.0], [1178.0, 1530.0]]"
ArduinoMega_Top,63,U17,component,"""component text"" ""MCC 5K22""",Generic_Component,Package_SO:SOIC-8_3.9x4.9mm_P1.27mm,1420,1938,1484,2004,0.877,14,"(1489.0,1934.0); (1485.0,1931.0); (1441.0,1934.0); (1423.0,1933.0); (1416.0,1936.0); (1413.0,1944.0); (1415.0,1961.0); (1413.0,2002.0); (1422.0,2006.0); (1475.0,2006.0); (1500.0,2002.0); (1500.0,1998.0); (1494.0,1992.0); (1490.0,1981.0)","[[1489.0, 1934.0], [1485.0, 1931.0], [1441.0, 1934.0], [1423.0, 1933.0], [1416.0, 1936.0], [1413.0, 1944.0], [1415.0, 1961.0], [1413.0, 2002.0], [1422.0, 2006.0], [1475.0, 2006.0], [1500.0, 2002.0], [1500.0, 1998.0], [1494.0, 1992.0], [1490.0, 1981.0]]"
ArduinoMega_Top,64,D6,diode,diode unknown,Diode_SMD,Diode_SMD:D_SOD-123,1783,1616,1827,1743,0.922,12,"(1788.0,1616.0); (1782.0,1620.0); (1779.0,1629.0); (1781.0,1738.0); (1788.0,1743.0); (1822.0,1743.0); (1827.0,1740.0); (1830.0,1728.0); (1827.0,1684.0); (1828.0,1627.0); (1825.0,1620.0); (1820.0,1617.0)","[[1788.0, 1616.0], [1782.0, 1620.0], [1779.0, 1629.0], [1781.0, 1738.0], [1788.0, 1743.0], [1822.0, 1743.0], [1827.0, 1740.0], [1830.0, 1728.0], [1827.0, 1684.0], [1828.0, 1627.0], [1825.0, 1620.0], [1820.0, 1617.0]]"
ArduinoMega_Top,65,Y2,clock,clock unknown,Crystal,Crystal:Crystal_SMD_3225-4Pin_3.2x2.5mm,1855,1631,1892,1723,0.921,13,"(1859.0,1635.0); (1854.0,1638.0); (1851.0,1645.0); (1851.0,1709.0); (1852.0,1713.0); (1857.0,1717.0); (1879.0,1717.0); (1885.0,1715.0); (1890.0,1708.0); (1890.0,1648.0); (1887.0,1641.0); (1881.0,1636.0); (1873.0,1634.0)","[[1859.0, 1635.0], [1854.0, 1638.0], [1851.0, 1645.0], [1851.0, 1709.0], [1852.0, 1713.0], [1857.0, 1717.0], [1879.0, 1717.0], [1885.0, 1715.0], [1890.0, 1708.0], [1890.0, 1648.0], [1887.0, 1641.0], [1881.0, 1636.0], [1873.0, 1634.0]]"
ArduinoMega_Top,66,R8,resistor,resistor unknown,Resistor_SMD,Resistor_SMD:R_0805_2012Metric,1932,1081,1958,1163,0.911,12,"(1937.0,1083.0); (1933.0,1087.0); (1931.0,1095.0); (1930.0,1134.0); (1933.0,1163.0); (1938.0,1167.0); (1955.0,1167.0); (1962.0,1162.0); (1963.0,1157.0); (1964.0,1097.0); (1959.0,1086.0); (1953.0,1082.0)","[[1937.0, 1083.0], [1933.0, 1087.0], [1931.0, 1095.0], [1930.0, 1134.0], [1933.0, 1163.0], [1938.0, 1167.0], [1955.0, 1167.0], [1962.0, 1162.0], [1963.0, 1157.0], [1964.0, 1097.0], [1959.0, 1086.0], [1953.0, 1082.0]]"
Arty_Bottom,1,R1,resistor,resistor R138,Resistor_SMD,Resistor_SMD:R_0805_2012Metric,313,194,332,237,0.844,12,"(310.0,192.0); (308.0,196.0); (308.0,210.0); (309.0,211.0); (308.0,213.0); (308.0,235.0); (310.0,240.0); (317.0,242.0); (329.0,241.0); (331.0,237.0); (332.0,195.0); (330.0,192.0)","[[310.0, 192.0], [308.0, 196.0], [308.0, 210.0], [309.0, 211.0], [308.0, 213.0], [308.0, 235.0], [310.0, 240.0], [317.0, 242.0], [329.0, 241.0], [331.0, 237.0], [332.0, 195.0], [330.0, 192.0]]"
Arty_Bottom,2,R2,resistor,resistor R136,Resistor_SMD,Resistor_SMD:R_0805_2012Metric,340,195,359,236,0.87,19,"(361.0,190.0); (354.0,192.0); (341.0,192.0); (339.0,194.0); (338.0,198.0); (338.0,212.0); (339.0,213.0); (339.0,229.0); (338.0,230.0); (338.0,234.0); (340.0,239.0); (346.0,242.0); (358.0,242.0); (361.0,241.0); (363.0,238.0); (364.0,234.0); (364.0,226.0); (363.0,225.0); (363.0,194.0)","[[361.0, 190.0], [354.0, 192.0], [341.0, 192.0], [339.0, 194.0], [338.0, 198.0], [338.0, 212.0], [339.0, 213.0], [339.0, 229.0], [338.0, 230.0], [338.0, 234.0], [340.0, 239.0], [346.0, 242.0], [358.0, 242.0], [361.0, 241.0], [363.0, 238.0], [364.0, 234.0], [364.0, 226.0], [363.0, 225.0], [363.0, 194.0]]"
Arty_Bottom,3,R3,resistor,resistor R31,Resistor_SMD,Resistor_SMD:R_0805_2012Metric,460,209,478,249,0.888,22,"(462.0,205.0); (459.0,206.0); (456.0,210.0); (458.0,222.0); (459.0,223.0); (459.0,242.0); (460.0,243.0); (460.0,248.0); (462.0,252.0); (474.0,253.0); (477.0,252.0); (480.0,249.0); (480.0,244.0); (481.0,243.0); (480.0,230.0); (481.0,229.0); (481.0,214.0); (482.0,213.0); (482.0,210.0); (480.0,206.0); (476.0,206.0); (475.0,205.0)","[[462.0, 205.0], [459.0, 206.0], [456.0, 210.0], [458.0, 222.0], [459.0, 223.0], [459.0, 242.0], [460.0, 243.0], [460.0, 248.0], [462.0, 252.0], [474.0, 253.0], [477.0, 252.0], [480.0, 249.0], [480.0, 244.0], [481.0, 243.0], [480.0, 230.0], [481.0, 229.0], [481.0, 214.0], [482.0, 213.0], [482.0, 210.0], [480.0, 206.0], [476.0, 206.0], [475.0, 205.0]]"
Arty_Bottom,4,R4,resistor,resistor R32,Resistor_SMD,Resistor_SMD:R_0805_2012Metric,490,208,511,249,0.894,16,"(493.0,205.0); (491.0,207.0); (491.0,212.0); (490.0,213.0); (490.0,247.0); (491.0,250.0); (493.0,252.0); (511.0,252.0); (512.0,253.0); (513.0,252.0); (513.0,221.0); (514.0,220.0); (516.0,210.0); (513.0,206.0); (502.0,207.0); (501.0,206.0)","[[493.0, 205.0], [491.0, 207.0], [491.0, 212.0], [490.0, 213.0], [490.0, 247.0], [491.0, 250.0], [493.0, 252.0], [511.0, 252.0], [512.0, 253.0], [513.0, 252.0], [513.0, 221.0], [514.0, 220.0], [516.0, 210.0], [513.0, 206.0], [502.0, 207.0], [501.0, 206.0]]"
Arty_Bottom,5,R5,resistor,resistor R27,Resistor_SMD,Resistor_SMD:R_0805_2012Metric,523,209,544,249,0.907,15,"(528.0,206.0); (525.0,207.0); (522.0,211.0); (522.0,226.0); (523.0,227.0); (522.0,247.0); (523.0,250.0); (525.0,252.0); (538.0,252.0); (541.0,251.0); (543.0,248.0); (543.0,242.0); (544.0,241.0); (545.0,207.0); (543.0,206.0)","[[528.0, 206.0], [525.0, 207.0], [522.0, 211.0], [522.0, 226.0], [523.0, 227.0], [522.0, 247.0], [523.0, 250.0], [525.0, 252.0], [538.0, 252.0], [541.0, 251.0], [543.0, 248.0], [543.0, 242.0], [544.0, 241.0], [545.0, 207.0], [543.0, 206.0]]"
Arty_Bottom,6,R6,resistor,resistor R28,Resistor_SMD,Resistor_SMD:R_0805_2012Metric,553,209,572,249,0.933,15,"(553.0,206.0); (551.0,207.0); (550.0,209.0); (550.0,221.0); (551.0,222.0); (550.0,244.0); (551.0,245.0); (551.0,248.0); (552.0,250.0); (555.0,252.0); (570.0,252.0); (574.0,249.0); (574.0,210.0); (571.0,207.0); (568.0,206.0)","[[553.0, 206.0], [551.0, 207.0], [550.0, 209.0], [550.0, 221.0], [551.0, 222.0], [550.0, 244.0], [551.0, 245.0], [551.0, 248.0], [552.0, 250.0], [555.0, 252.0], [570.0, 252.0], [574.0, 249.0], [574.0, 210.0], [571.0, 207.0], [568.0, 206.0]]"
Arty_Bottom,7,R7,resistor,resistor R23,Resistor_SMD,Resistor_SMD:R_0805_2012Metric,585,209,604,251,0.919,12,"(587.0,206.0); (583.0,209.0); (583.0,249.0); (584.0,252.0); (587.0,253.0); (600.0,253.0); (602.0,252.0); (604.0,247.0); (604.0,228.0); (605.0,227.0); (606.0,209.0); (602.0,206.0)","[[587.0, 206.0], [583.0, 209.0], [583.0, 249.0], [584.0, 252.0], [587.0, 253.0], [600.0, 253.0], [602.0, 252.0], [604.0, 247.0], [604.0, 228.0], [605.0, 227.0], [606.0, 209.0], [602.0, 206.0]]"
Arty_Bottom,8,R8,resistor,resistor R24,Resistor_SMD,Resistor_SMD:R_0805_2012Metric,617,209,636,251,0.897,14,"(620.0,206.0); (616.0,208.0); (615.0,210.0); (615.0,247.0); (616.0,249.0); (620.0,252.0); (632.0,252.0); (634.0,251.0); (637.0,247.0); (637.0,227.0); (638.0,226.0); (637.0,212.0); (636.0,209.0); (633.0,206.0)","[[620.0, 206.0], [616.0, 208.0], [615.0, 210.0], [615.0, 247.0], [616.0, 249.0], [620.0, 252.0], [632.0, 252.0], [634.0, 251.0], [637.0, 247.0], [637.0, 227.0], [638.0, 226.0], [637.0, 212.0], [636.0, 209.0], [633.0, 206.0]]"
Arty_Bottom,9,R9,resistor,resistor R19,Resistor_SMD,Resistor_SMD:R_0805_2012Metric,649,209,668,251,0.91,18,"(667.0,207.0); (664.0,206.0); (663.0,207.0); (654.0,207.0); (653.0,208.0); (646.0,208.0); (645.0,209.0); (645.0,213.0); (646.0,214.0); (646.0,249.0); (645.0,250.0); (645.0,253.0); (665.0,253.0); (667.0,251.0); (668.0,248.0); (668.0,219.0); (669.0,218.0); (669.0,209.0)","[[667.0, 207.0], [664.0, 206.0], [663.0, 207.0], [654.0, 207.0], [653.0, 208.0], [646.0, 208.0], [645.0, 209.0], [645.0, 213.0], [646.0, 214.0], [646.0, 249.0], [645.0, 250.0], [645.0, 253.0], [665.0, 253.0], [667.0, 251.0], [668.0, 248.0], [668.0, 219.0], [669.0, 218.0], [669.0, 209.0]]"
Arty_Bottom,10,R10,resistor,resistor R20,Resistor_SMD,Resistor_SMD:R_0805_2012Metric,678,209,697,251,0.908,15,"(678.0,206.0); (676.0,209.0); (676.0,215.0); (677.0,216.0); (677.0,251.0); (679.0,253.0); (693.0,253.0); (694.0,252.0); (698.0,252.0); (700.0,249.0); (700.0,245.0); (701.0,244.0); (701.0,209.0); (699.0,207.0); (696.0,206.0)","[[678.0, 206.0], [676.0, 209.0], [676.0, 215.0], [677.0, 216.0], [677.0, 251.0], [679.0, 253.0], [693.0, 253.0], [694.0, 252.0], [698.0, 252.0], [700.0, 249.0], [700.0, 245.0], [701.0, 244.0], [701.0, 209.0], [699.0, 207.0], [696.0, 206.0]]"
Arty_Bottom,11,R11,resistor,resistor R166,Resistor_SMD,Resistor_SMD:R_0805_2012Metric,255,330,274,372,0.891,15,"(253.0,329.0); (251.0,331.0); (251.0,359.0); (250.0,360.0); (251.0,372.0); (253.0,373.0); (268.0,373.0); (269.0,372.0); (274.0,372.0); (275.0,370.0); (275.0,354.0); (274.0,353.0); (275.0,351.0); (275.0,330.0); (274.0,329.0)","[[253.0, 329.0], [251.0, 331.0], [251.0, 359.0], [250.0, 360.0], [251.0, 372.0], [253.0, 373.0], [268.0, 373.0], [269.0, 372.0], [274.0, 372.0], [275.0, 370.0], [275.0, 354.0], [274.0, 353.0], [275.0, 351.0], [275.0, 330.0], [274.0, 329.0]]"
Arty_Bottom,12,R12,resistor,resistor R167,Resistor_SMD,Resistor_SMD:R_0805_2012Metric,280,330,299,372,0.853,18,"(286.0,328.0); (285.0,329.0); (283.0,329.0); (281.0,331.0); (281.0,355.0); (282.0,356.0); (282.0,369.0); (283.0,370.0); (283.0,372.0); (286.0,374.0); (296.0,374.0); (299.0,371.0); (300.0,348.0); (301.0,347.0); (301.0,333.0); (299.0,329.0); (297.0,329.0); (296.0,328.0)","[[286.0, 328.0], [285.0, 329.0], [283.0, 329.0], [281.0, 331.0], [281.0, 355.0], [282.0, 356.0], [282.0, 369.0], [283.0, 370.0], [283.0, 372.0], [286.0, 374.0], [296.0, 374.0], [299.0, 371.0], [300.0, 348.0], [301.0, 347.0], [301.0, 333.0], [299.0, 329.0], [297.0, 329.0], [296.0, 328.0]]"
Arty_Bottom,13,R13,resistor,resistor R168,Resistor_SMD,Resistor_SMD:R_0805_2012Metric,304,330,323,372,0.886,13,"(307.0,329.0); (305.0,332.0); (306.0,333.0); (305.0,371.0); (307.0,373.0); (310.0,374.0); (324.0,373.0); (326.0,372.0); (328.0,369.0); (328.0,332.0); (325.0,329.0); (322.0,329.0); (321.0,328.0)","[[307.0, 329.0], [305.0, 332.0], [306.0, 333.0], [305.0, 371.0], [307.0, 373.0], [310.0, 374.0], [324.0, 373.0], [326.0, 372.0], [328.0, 369.0], [328.0, 332.0], [325.0, 329.0], [322.0, 329.0], [321.0, 328.0]]"
Arty_Bottom,14,R14,resistor,resistor R109,Resistor_SMD,Resistor_SMD:R_0805_2012Metric,168,453,187,495,0.913,16,"(188.0,451.0); (186.0,452.0); (170.0,453.0); (168.0,454.0); (166.0,457.0); (166.0,462.0); (165.0,463.0); (165.0,486.0); (164.0,487.0); (164.0,495.0); (166.0,498.0); (186.0,496.0); (189.0,492.0); (188.0,478.0); (189.0,477.0); (190.0,456.0)","[[188.0, 451.0], [186.0, 452.0], [170.0, 453.0], [168.0, 454.0], [166.0, 457.0], [166.0, 462.0], [165.0, 463.0], [165.0, 486.0], [164.0, 487.0], [164.0, 495.0], [166.0, 498.0], [186.0, 496.0], [189.0, 492.0], [188.0, 478.0], [189.0, 477.0], [190.0, 456.0]]"
Arty_Bottom,15,R15,resistor,resistor R108,Resistor_SMD,Resistor_SMD:R_0805_2012Metric,201,454,219,496,0.906,18,"(203.0,452.0); (201.0,453.0); (200.0,456.0); (200.0,487.0); (199.0,488.0); (200.0,495.0); (201.0,497.0); (207.0,497.0); (208.0,498.0); (212.0,498.0); (213.0,497.0); (220.0,496.0); (221.0,494.0); (221.0,480.0); (220.0,479.0); (221.0,458.0); (220.0,455.0); (217.0,453.0)","[[203.0, 452.0], [201.0, 453.0], [200.0, 456.0], [200.0, 487.0], [199.0, 488.0], [200.0, 495.0], [201.0, 497.0], [207.0, 497.0], [208.0, 498.0], [212.0, 498.0], [213.0, 497.0], [220.0, 496.0], [221.0, 494.0], [221.0, 480.0], [220.0, 479.0], [221.0, 458.0], [220.0, 455.0], [217.0, 453.0]]"
Arty_Bottom,16,R16,resistor,resistor R111,Resistor_SMD,Resistor_SMD:R_0805_2012Metric,232,453,253,494,0.877,16,"(233.0,453.0); (231.0,456.0); (231.0,479.0); (232.0,480.0); (231.0,494.0); (234.0,497.0); (237.0,498.0); (248.0,498.0); (249.0,497.0); (252.0,497.0); (254.0,495.0); (255.0,492.0); (254.0,489.0); (255.0,456.0); (253.0,452.0); (236.0,452.0)","[[233.0, 453.0], [231.0, 456.0], [231.0, 479.0], [232.0, 480.0], [231.0, 494.0], [234.0, 497.0], [237.0, 498.0], [248.0, 498.0], [249.0, 497.0], [252.0, 497.0], [254.0, 495.0], [255.0, 492.0], [254.0, 489.0], [255.0, 456.0], [253.0, 452.0], [236.0, 452.0]]"
Arty_Bottom,17,R17,resistor,resistor R110,Resistor_SMD,Resistor_SMD:R_0805_2012Metric,263,454,284,494,0.895,21,"(266.0,453.0); (263.0,457.0); (263.0,465.0); (262.0,466.0); (262.0,473.0); (263.0,474.0); (263.0,489.0); (262.0,491.0); (263.0,492.0); (263.0,495.0); (266.0,498.0); (279.0,498.0); (282.0,497.0); (285.0,494.0); (285.0,478.0); (284.0,477.0); (284.0,463.0); (285.0,461.0); (284.0,460.0); (284.0,456.0); (278.0,453.0)","[[266.0, 453.0], [263.0, 457.0], [263.0, 465.0], [262.0, 466.0], [262.0, 473.0], [263.0, 474.0], [263.0, 489.0], [262.0, 491.0], [263.0, 492.0], [263.0, 495.0], [266.0, 498.0], [279.0, 498.0], [282.0, 497.0], [285.0, 494.0], [285.0, 478.0], [284.0, 477.0], [284.0, 463.0], [285.0, 461.0], [284.0, 460.0], [284.0, 456.0], [278.0, 453.0]]"
Arty_Bottom,18,R18,resistor,resistor R113,Resistor_SMD,Resistor_SMD:R_0805_2012Metric,293,454,314,494,0.902,20,"(294.0,453.0); (291.0,457.0); (291.0,471.0); (292.0,472.0); (291.0,473.0); (290.0,494.0); (293.0,498.0); (296.0,499.0); (309.0,498.0); (311.0,497.0); (313.0,494.0); (313.0,479.0); (314.0,478.0); (314.0,464.0); (315.0,463.0); (315.0,458.0); (314.0,455.0); (311.0,452.0); (298.0,452.0); (297.0,453.0)","[[294.0, 453.0], [291.0, 457.0], [291.0, 471.0], [292.0, 472.0], [291.0, 473.0], [290.0, 494.0], [293.0, 498.0], [296.0, 499.0], [309.0, 498.0], [311.0, 497.0], [313.0, 494.0], [313.0, 479.0], [314.0, 478.0], [314.0, 464.0], [315.0, 463.0], [315.0, 458.0], [314.0, 455.0], [311.0, 452.0], [298.0, 452.0], [297.0, 453.0]]"
Arty_Bottom,19,R19,resistor,resistor R112,Resistor_SMD,Resistor_SMD:R_0805_2012Metric,325,454,345,495,0.893,13,"(329.0,452.0); (326.0,453.0); (322.0,458.0); (322.0,473.0); (324.0,478.0); (324.0,493.0); (328.0,498.0); (342.0,498.0); (344.0,497.0); (346.0,494.0); (346.0,458.0); (344.0,454.0); (341.0,452.0)","[[329.0, 452.0], [326.0, 453.0], [322.0, 458.0], [322.0, 473.0], [324.0, 478.0], [324.0, 493.0], [328.0, 498.0], [342.0, 498.0], [344.0, 497.0], [346.0, 494.0], [346.0, 458.0], [344.0, 454.0], [341.0, 452.0]]"
Arty_Bottom,20,R20,resistor,resistor R115,Resistor_SMD,Resistor_SMD:R_0805_2012Metric,354,454,374,495,0.88,16,"(373.0,452.0); (359.0,453.0); (354.0,455.0); (353.0,457.0); (353.0,485.0); (352.0,486.0); (352.0,494.0); (353.0,497.0); (355.0,499.0); (358.0,499.0); (359.0,500.0); (368.0,500.0); (369.0,499.0); (372.0,499.0); (375.0,495.0); (375.0,455.0)","[[373.0, 452.0], [359.0, 453.0], [354.0, 455.0], [353.0, 457.0], [353.0, 485.0], [352.0, 486.0], [352.0, 494.0], [353.0, 497.0], [355.0, 499.0], [358.0, 499.0], [359.0, 500.0], [368.0, 500.0], [369.0, 499.0], [372.0, 499.0], [375.0, 495.0], [375.0, 455.0]]"
Arty_Bottom,21,R21,resistor,resistor R114,Resistor_SMD,Resistor_SMD:R_0805_2012Metric,386,454,406,495,0.889,15,"(404.0,452.0); (402.0,453.0); (391.0,453.0); (385.0,455.0); (384.0,458.0); (384.0,489.0); (383.0,490.0); (383.0,493.0); (384.0,496.0); (387.0,498.0); (405.0,498.0); (407.0,495.0); (407.0,487.0); (406.0,486.0); (407.0,455.0)","[[404.0, 452.0], [402.0, 453.0], [391.0, 453.0], [385.0, 455.0], [384.0, 458.0], [384.0, 489.0], [383.0, 490.0], [383.0, 493.0], [384.0, 496.0], [387.0, 498.0], [405.0, 498.0], [407.0, 495.0], [407.0, 487.0], [406.0, 486.0], [407.0, 455.0]]"
Arty_Bottom,22,R22,resistor,resistor R117,Resistor_SMD,Resistor_SMD:R_0805_2012Metric,418,455,438,496,0.904,18,"(417.0,453.0); (415.0,457.0); (416.0,476.0); (417.0,477.0); (416.0,495.0); (418.0,499.0); (430.0,500.0); (435.0,498.0); (438.0,494.0); (438.0,484.0); (437.0,483.0); (437.0,464.0); (438.0,463.0); (438.0,460.0); (437.0,459.0); (437.0,456.0); (435.0,454.0); (432.0,453.0)","[[417.0, 453.0], [415.0, 457.0], [416.0, 476.0], [417.0, 477.0], [416.0, 495.0], [418.0, 499.0], [430.0, 500.0], [435.0, 498.0], [438.0, 494.0], [438.0, 484.0], [437.0, 483.0], [437.0, 464.0], [438.0, 463.0], [438.0, 460.0], [437.0, 459.0], [437.0, 456.0], [435.0, 454.0], [432.0, 453.0]]"
Arty_Bottom,23,R23,resistor,resistor R116,Resistor_SMD,Resistor_SMD:R_0805_2012Metric,447,454,467,495,0.887,15,"(466.0,453.0); (457.0,452.0); (456.0,453.0); (449.0,453.0); (447.0,455.0); (446.0,458.0); (446.0,489.0); (445.0,492.0); (447.0,498.0); (449.0,499.0); (462.0,499.0); (466.0,497.0); (468.0,494.0); (469.0,456.0); (468.0,454.0)","[[466.0, 453.0], [457.0, 452.0], [456.0, 453.0], [449.0, 453.0], [447.0, 455.0], [446.0, 458.0], [446.0, 489.0], [445.0, 492.0], [447.0, 498.0], [449.0, 499.0], [462.0, 499.0], [466.0, 497.0], [468.0, 494.0], [469.0, 456.0], [468.0, 454.0]]"
Arty_Bottom,24,R24,resistor,resistor R119,Resistor_SMD,Resistor_SMD:R_0805_2012Metric,479,455,499,496,0.896,24,"(483.0,453.0); (480.0,455.0); (478.0,459.0); (478.0,478.0); (479.0,479.0); (479.0,483.0); (478.0,484.0); (478.0,496.0); (481.0,499.0); (484.0,499.0); (485.0,500.0); (493.0,500.0); (494.0,499.0); (497.0,499.0); (501.0,496.0); (501.0,475.0); (500.0,474.0); (500.0,463.0); (501.0,462.0); (500.0,461.0); (500.0,457.0); (497.0,454.0); (494.0,454.0); (493.0,453.0)","[[483.0, 453.0], [480.0, 455.0], [478.0, 459.0], [478.0, 478.0], [479.0, 479.0], [479.0, 483.0], [478.0, 484.0], [478.0, 496.0], [481.0, 499.0], [484.0, 499.0], [485.0, 500.0], [493.0, 500.0], [494.0, 499.0], [497.0, 499.0], [501.0, 496.0], [501.0, 475.0], [500.0, 474.0], [500.0, 463.0], [501.0, 462.0], [500.0, 461.0], [500.0, 457.0], [497.0, 454.0], [494.0, 454.0], [493.0, 453.0]]"
Arty_Bottom,25,R25,resistor,resistor R118,Resistor_SMD,Resistor_SMD:R_0805_2012Metric,511,455,531,496,0.914,16,"(513.0,453.0); (511.0,454.0); (509.0,457.0); (509.0,484.0); (508.0,485.0); (508.0,495.0); (510.0,498.0); (512.0,499.0); (527.0,499.0); (530.0,498.0); (532.0,495.0); (532.0,471.0); (533.0,470.0); (533.0,458.0); (532.0,455.0); (529.0,453.0)","[[513.0, 453.0], [511.0, 454.0], [509.0, 457.0], [509.0, 484.0], [508.0, 485.0], [508.0, 495.0], [510.0, 498.0], [512.0, 499.0], [527.0, 499.0], [530.0, 498.0], [532.0, 495.0], [532.0, 471.0], [533.0, 470.0], [533.0, 458.0], [532.0, 455.0], [529.0, 453.0]]"
Arty_Bottom,26,R26,resistor,resistor R121,Resistor_SMD,Resistor_SMD:R_0805_2012Metric,543,456,563,497,0.892,14,"(544.0,453.0); (541.0,457.0); (541.0,472.0); (543.0,477.0); (543.0,497.0); (544.0,499.0); (546.0,500.0); (560.0,500.0); (564.0,496.0); (564.0,458.0); (560.0,453.0); (557.0,452.0); (548.0,452.0); (547.0,453.0)","[[544.0, 453.0], [541.0, 457.0], [541.0, 472.0], [543.0, 477.0], [543.0, 497.0], [544.0, 499.0], [546.0, 500.0], [560.0, 500.0], [564.0, 496.0], [564.0, 458.0], [560.0, 453.0], [557.0, 452.0], [548.0, 452.0], [547.0, 453.0]]"
Arty_Bottom,27,R27,resistor,resistor R120,Resistor_SMD,Resistor_SMD:R_0805_2012Metric,573,455,593,496,0.872,15,"(580.0,453.0); (579.0,454.0); (576.0,454.0); (572.0,458.0); (571.0,461.0); (572.0,464.0); (571.0,495.0); (574.0,499.0); (577.0,500.0); (589.0,500.0); (591.0,499.0); (593.0,494.0); (593.0,458.0); (592.0,455.0); (590.0,453.0)","[[580.0, 453.0], [579.0, 454.0], [576.0, 454.0], [572.0, 458.0], [571.0, 461.0], [572.0, 464.0], [571.0, 495.0], [574.0, 499.0], [577.0, 500.0], [589.0, 500.0], [591.0, 499.0], [593.0, 494.0], [593.0, 458.0], [592.0, 455.0], [590.0, 453.0]]"
Arty_Bottom,28,R28,resistor,resistor R129,Resistor_SMD,Resistor_SMD:R_0805_2012Metric,604,455,624,496,0.874,20,"(610.0,455.0); (605.0,457.0); (603.0,459.0); (603.0,486.0); (602.0,487.0); (602.0,495.0); (603.0,497.0); (606.0,499.0); (609.0,499.0); (610.0,500.0); (620.0,500.0); (621.0,501.0); (624.0,498.0); (624.0,495.0); (625.0,494.0); (625.0,489.0); (624.0,488.0); (624.0,458.0); (621.0,454.0); (618.0,455.0)","[[610.0, 455.0], [605.0, 457.0], [603.0, 459.0], [603.0, 486.0], [602.0, 487.0], [602.0, 495.0], [603.0, 497.0], [606.0, 499.0], [609.0, 499.0], [610.0, 500.0], [620.0, 500.0], [621.0, 501.0], [624.0, 498.0], [624.0, 495.0], [625.0, 494.0], [625.0, 489.0], [624.0, 488.0], [624.0, 458.0], [621.0, 454.0], [618.0, 455.0]]"
Arty_Bottom,29,R29,resistor,resistor R128,Resistor_SMD,Resistor_SMD:R_0805_2012Metric,636,456,656,497,0.906,14,"(656.0,454.0); (641.0,455.0); (636.0,457.0); (635.0,459.0); (635.0,465.0); (636.0,466.0); (635.0,496.0); (636.0,498.0); (641.0,500.0); (656.0,500.0); (659.0,497.0); (660.0,494.0); (660.0,459.0); (658.0,455.0)","[[656.0, 454.0], [641.0, 455.0], [636.0, 457.0], [635.0, 459.0], [635.0, 465.0], [636.0, 466.0], [635.0, 496.0], [636.0, 498.0], [641.0, 500.0], [656.0, 500.0], [659.0, 497.0], [660.0, 494.0], [660.0, 459.0], [658.0, 455.0]]"
Arty_Bottom,30,R30,resistor,resistor R86,Resistor_SMD,Resistor_SMD:R_0805_2012Metric,700,457,721,497,0.894,17,"(720.0,453.0); (716.0,453.0); (715.0,454.0); (699.0,454.0); (697.0,457.0); (697.0,467.0); (698.0,468.0); (698.0,474.0); (697.0,475.0); (697.0,495.0); (700.0,500.0); (703.0,500.0); (704.0,501.0); (718.0,501.0); (720.0,500.0); (722.0,497.0); (722.0,456.0)","[[720.0, 453.0], [716.0, 453.0], [715.0, 454.0], [699.0, 454.0], [697.0, 457.0], [697.0, 467.0], [698.0, 468.0], [698.0, 474.0], [697.0, 475.0], [697.0, 495.0], [700.0, 500.0], [703.0, 500.0], [704.0, 501.0], [718.0, 501.0], [720.0, 500.0], [722.0, 497.0], [722.0, 456.0]]"
Arty_Bottom,31,R31,resistor,resistor R88,Resistor_SMD,Resistor_SMD:R_0805_2012Metric,762,456,783,498,0.903,15,"(764.0,454.0); (762.0,458.0); (763.0,479.0); (764.0,480.0); (764.0,483.0); (763.0,484.0); (763.0,498.0); (764.0,501.0); (780.0,501.0); (784.0,498.0); (784.0,464.0); (785.0,463.0); (785.0,458.0); (784.0,456.0); (781.0,454.0)","[[764.0, 454.0], [762.0, 458.0], [763.0, 479.0], [764.0, 480.0], [764.0, 483.0], [763.0, 484.0], [763.0, 498.0], [764.0, 501.0], [780.0, 501.0], [784.0, 498.0], [784.0, 464.0], [785.0, 463.0], [785.0, 458.0], [784.0, 456.0], [781.0, 454.0]]"
Arty_Bottom,32,R32,resistor,resistor R85,Resistor_SMD,Resistor_SMD:R_0805_2012Metric,728,454,749,496,0.906,17,"(732.0,454.0); (729.0,461.0); (729.0,477.0); (730.0,478.0); (729.0,494.0); (731.0,498.0); (733.0,499.0); (750.0,499.0); (752.0,497.0); (752.0,484.0); (751.0,483.0); (751.0,478.0); (752.0,477.0); (752.0,463.0); (753.0,462.0); (752.0,455.0); (749.0,453.0)","[[732.0, 454.0], [729.0, 461.0], [729.0, 477.0], [730.0, 478.0], [729.0, 494.0], [731.0, 498.0], [733.0, 499.0], [750.0, 499.0], [752.0, 497.0], [752.0, 484.0], [751.0, 483.0], [751.0, 478.0], [752.0, 477.0], [752.0, 463.0], [753.0, 462.0], [752.0, 455.0], [749.0, 453.0]]"
Arty_Bottom,33,R33,resistor,resistor R87,Resistor_SMD,Resistor_SMD:R_0805_2012Metric,791,456,812,498,0.882,17,"(810.0,454.0); (807.0,454.0); (806.0,453.0); (804.0,454.0); (796.0,454.0); (792.0,459.0); (792.0,476.0); (791.0,477.0); (790.0,495.0); (791.0,498.0); (795.0,501.0); (805.0,501.0); (806.0,500.0); (809.0,500.0); (811.0,498.0); (812.0,495.0); (813.0,457.0)","[[810.0, 454.0], [807.0, 454.0], [806.0, 453.0], [804.0, 454.0], [796.0, 454.0], [792.0, 459.0], [792.0, 476.0], [791.0, 477.0], [790.0, 495.0], [791.0, 498.0], [795.0, 501.0], [805.0, 501.0], [806.0, 500.0], [809.0, 500.0], [811.0, 498.0], [812.0, 495.0], [813.0, 457.0]]"
Arty_Bottom,34,R34,resistor,resistor R90,Resistor_SMD,Resistor_SMD:R_0805_2012Metric,824,456,845,498,0.892,22,"(838.0,453.0); (837.0,454.0); (830.0,454.0); (825.0,456.0); (823.0,459.0); (823.0,465.0); (822.0,466.0); (822.0,470.0); (823.0,471.0); (823.0,489.0); (822.0,490.0); (822.0,494.0); (824.0,500.0); (827.0,502.0); (841.0,502.0); (844.0,500.0); (846.0,495.0); (846.0,488.0); (845.0,487.0); (845.0,463.0); (846.0,461.0); (844.0,456.0)","[[838.0, 453.0], [837.0, 454.0], [830.0, 454.0], [825.0, 456.0], [823.0, 459.0], [823.0, 465.0], [822.0, 466.0], [822.0, 470.0], [823.0, 471.0], [823.0, 489.0], [822.0, 490.0], [822.0, 494.0], [824.0, 500.0], [827.0, 502.0], [841.0, 502.0], [844.0, 500.0], [846.0, 495.0], [846.0, 488.0], [845.0, 487.0], [845.0, 463.0], [846.0, 461.0], [844.0, 456.0]]"
Arty_Bottom,35,R35,resistor,resistor R89,Resistor_SMD,Resistor_SMD:R_0805_2012Metric,853,456,874,498,0.922,16,"(857.0,454.0); (855.0,455.0); (852.0,459.0); (852.0,464.0); (853.0,465.0); (852.0,497.0); (854.0,500.0); (859.0,502.0); (873.0,502.0); (875.0,501.0); (877.0,496.0); (877.0,457.0); (876.0,455.0); (873.0,453.0); (861.0,453.0); (860.0,454.0)","[[857.0, 454.0], [855.0, 455.0], [852.0, 459.0], [852.0, 464.0], [853.0, 465.0], [852.0, 497.0], [854.0, 500.0], [859.0, 502.0], [873.0, 502.0], [875.0, 501.0], [877.0, 496.0], [877.0, 457.0], [876.0, 455.0], [873.0, 453.0], [861.0, 453.0], [860.0, 454.0]]"
Arty_Bottom,36,R36,resistor,resistor R92,Resistor_SMD,Resistor_SMD:R_0805_2012Metric,887,457,908,499,0.904,22,"(893.0,454.0); (888.0,456.0); (886.0,458.0); (885.0,461.0); (885.0,470.0); (886.0,471.0); (886.0,479.0); (887.0,480.0); (887.0,486.0); (886.0,487.0); (887.0,499.0); (889.0,501.0); (892.0,502.0); (906.0,502.0); (909.0,499.0); (910.0,496.0); (910.0,489.0); (909.0,488.0); (909.0,483.0); (908.0,482.0); (909.0,458.0); (904.0,454.0)","[[893.0, 454.0], [888.0, 456.0], [886.0, 458.0], [885.0, 461.0], [885.0, 470.0], [886.0, 471.0], [886.0, 479.0], [887.0, 480.0], [887.0, 486.0], [886.0, 487.0], [887.0, 499.0], [889.0, 501.0], [892.0, 502.0], [906.0, 502.0], [909.0, 499.0], [910.0, 496.0], [910.0, 489.0], [909.0, 488.0], [909.0, 483.0], [908.0, 482.0], [909.0, 458.0], [904.0, 454.0]]"
Arty_Bottom,37,R37,resistor,resistor R91,Resistor_SMD,Resistor_SMD:R_0805_2012Metric,918,457,939,499,0.888,23,"(935.0,454.0); (932.0,455.0); (921.0,455.0); (918.0,456.0); (916.0,458.0); (915.0,461.0); (916.0,462.0); (916.0,468.0); (917.0,469.0); (916.0,498.0); (917.0,500.0); (919.0,501.0); (935.0,502.0); (937.0,501.0); (938.0,499.0); (938.0,496.0); (939.0,495.0); (939.0,476.0); (938.0,475.0); (938.0,472.0); (939.0,471.0); (939.0,458.0); (938.0,456.0)","[[935.0, 454.0], [932.0, 455.0], [921.0, 455.0], [918.0, 456.0], [916.0, 458.0], [915.0, 461.0], [916.0, 462.0], [916.0, 468.0], [917.0, 469.0], [916.0, 498.0], [917.0, 500.0], [919.0, 501.0], [935.0, 502.0], [937.0, 501.0], [938.0, 499.0], [938.0, 496.0], [939.0, 495.0], [939.0, 476.0], [938.0, 475.0], [938.0, 472.0], [939.0, 471.0], [939.0, 458.0], [938.0, 456.0]]"
Arty_Bottom,38,R38,resistor,resistor R94,Resistor_SMD,Resistor_SMD:R_0805_2012Metric,950,457,969,499,0.906,17,"(968.0,454.0); (966.0,455.0); (949.0,456.0); (947.0,458.0); (947.0,497.0); (949.0,501.0); (952.0,501.0); (953.0,502.0); (969.0,502.0); (970.0,501.0); (970.0,498.0); (971.0,497.0); (971.0,485.0); (970.0,484.0); (970.0,481.0); (971.0,480.0); (971.0,458.0)","[[968.0, 454.0], [966.0, 455.0], [949.0, 456.0], [947.0, 458.0], [947.0, 497.0], [949.0, 501.0], [952.0, 501.0], [953.0, 502.0], [969.0, 502.0], [970.0, 501.0], [970.0, 498.0], [971.0, 497.0], [971.0, 485.0], [970.0, 484.0], [970.0, 481.0], [971.0, 480.0], [971.0, 458.0]]"
Arty_Bottom,39,R39,resistor,resistor R93,Resistor_SMD,Resistor_SMD:R_0805_2012Metric,980,457,999,499,0.911,15,"(981.0,455.0); (978.0,461.0); (978.0,464.0); (979.0,465.0); (979.0,478.0); (980.0,479.0); (980.0,483.0); (979.0,484.0); (979.0,499.0); (981.0,502.0); (997.0,502.0); (1000.0,501.0); (1002.0,497.0); (1002.0,458.0); (999.0,455.0)","[[981.0, 455.0], [978.0, 461.0], [978.0, 464.0], [979.0, 465.0], [979.0, 478.0], [980.0, 479.0], [980.0, 483.0], [979.0, 484.0], [979.0, 499.0], [981.0, 502.0], [997.0, 502.0], [1000.0, 501.0], [1002.0, 497.0], [1002.0, 458.0], [999.0, 455.0]]"
Arty_Bottom,40,R40,resistor,resistor R96,Resistor_SMD,Resistor_SMD:R_0805_2012Metric,1012,458,1031,498,0.886,17,"(1015.0,455.0); (1011.0,458.0); (1011.0,488.0); (1010.0,489.0); (1010.0,496.0); (1011.0,497.0); (1011.0,500.0); (1013.0,501.0); (1026.0,501.0); (1029.0,500.0); (1031.0,498.0); (1031.0,494.0); (1032.0,493.0); (1031.0,490.0); (1032.0,458.0); (1030.0,456.0); (1027.0,455.0)","[[1015.0, 455.0], [1011.0, 458.0], [1011.0, 488.0], [1010.0, 489.0], [1010.0, 496.0], [1011.0, 497.0], [1011.0, 500.0], [1013.0, 501.0], [1026.0, 501.0], [1029.0, 500.0], [1031.0, 498.0], [1031.0, 494.0], [1032.0, 493.0], [1031.0, 490.0], [1032.0, 458.0], [1030.0, 456.0], [1027.0, 455.0]]"
Arty_Bottom,41,R41,resistor,resistor R95,Resistor_SMD,Resistor_SMD:R_0805_2012Metric,1044,458,1064,499,0.874,13,"(1046.0,456.0); (1044.0,457.0); (1042.0,460.0); (1042.0,468.0); (1043.0,469.0); (1042.0,498.0); (1044.0,502.0); (1061.0,502.0); (1063.0,501.0); (1065.0,498.0); (1064.0,460.0); (1061.0,457.0); (1058.0,456.0)","[[1046.0, 456.0], [1044.0, 457.0], [1042.0, 460.0], [1042.0, 468.0], [1043.0, 469.0], [1042.0, 498.0], [1044.0, 502.0], [1061.0, 502.0], [1063.0, 501.0], [1065.0, 498.0], [1064.0, 460.0], [1061.0, 457.0], [1058.0, 456.0]]"
Arty_Bottom,42,R42,resistor,resistor R97,Resistor_SMD,Resistor_SMD:R_0805_2012Metric,1075,458,1095,499,0.923,20,"(1078.0,455.0); (1074.0,458.0); (1073.0,461.0); (1073.0,487.0); (1072.0,488.0); (1072.0,497.0); (1075.0,502.0); (1084.0,502.0); (1085.0,503.0); (1093.0,502.0); (1097.0,498.0); (1098.0,495.0); (1098.0,476.0); (1099.0,475.0); (1099.0,463.0); (1100.0,461.0); (1099.0,458.0); (1095.0,455.0); (1091.0,455.0); (1090.0,454.0)","[[1078.0, 455.0], [1074.0, 458.0], [1073.0, 461.0], [1073.0, 487.0], [1072.0, 488.0], [1072.0, 497.0], [1075.0, 502.0], [1084.0, 502.0], [1085.0, 503.0], [1093.0, 502.0], [1097.0, 498.0], [1098.0, 495.0], [1098.0, 476.0], [1099.0, 475.0], [1099.0, 463.0], [1100.0, 461.0], [1099.0, 458.0], [1095.0, 455.0], [1091.0, 455.0], [1090.0, 454.0]]"
Arty_Bottom,43,R43,resistor,resistor R99,Resistor_SMD,Resistor_SMD:R_0805_2012Metric,1137,459,1157,500,0.885,18,"(1135.0,457.0); (1133.0,459.0); (1134.0,467.0); (1135.0,468.0); (1134.0,502.0); (1138.0,502.0); (1139.0,503.0); (1151.0,503.0); (1152.0,502.0); (1156.0,502.0); (1158.0,497.0); (1158.0,473.0); (1157.0,472.0); (1158.0,461.0); (1157.0,458.0); (1152.0,455.0); (1143.0,455.0); (1142.0,456.0)","[[1135.0, 457.0], [1133.0, 459.0], [1134.0, 467.0], [1135.0, 468.0], [1134.0, 502.0], [1138.0, 502.0], [1139.0, 503.0], [1151.0, 503.0], [1152.0, 502.0], [1156.0, 502.0], [1158.0, 497.0], [1158.0, 473.0], [1157.0, 472.0], [1158.0, 461.0], [1157.0, 458.0], [1152.0, 455.0], [1143.0, 455.0], [1142.0, 456.0]]"
Arty_Bottom,44,R44,resistor,resistor R98,Resistor_SMD,Resistor_SMD:R_0805_2012Metric,1169,459,1189,500,0.911,14,"(1174.0,455.0); (1170.0,457.0); (1168.0,461.0); (1169.0,501.0); (1173.0,503.0); (1188.0,503.0); (1191.0,500.0); (1191.0,497.0); (1192.0,496.0); (1192.0,476.0); (1193.0,475.0); (1192.0,459.0); (1191.0,457.0); (1187.0,454.0)","[[1174.0, 455.0], [1170.0, 457.0], [1168.0, 461.0], [1169.0, 501.0], [1173.0, 503.0], [1188.0, 503.0], [1191.0, 500.0], [1191.0, 497.0], [1192.0, 496.0], [1192.0, 476.0], [1193.0, 475.0], [1192.0, 459.0], [1191.0, 457.0], [1187.0, 454.0]]"
Arty_Bottom,45,R45,resistor,resistor R15,Resistor_SMD,Resistor_SMD:R_0805_2012Metric,1069,381,1089,422,0.914,12,"(1068.0,380.0); (1065.0,384.0); (1065.0,419.0); (1066.0,422.0); (1069.0,425.0); (1072.0,425.0); (1073.0,426.0); (1088.0,426.0); (1091.0,422.0); (1091.0,383.0); (1087.0,378.0); (1074.0,378.0)","[[1068.0, 380.0], [1065.0, 384.0], [1065.0, 419.0], [1066.0, 422.0], [1069.0, 425.0], [1072.0, 425.0], [1073.0, 426.0], [1088.0, 426.0], [1091.0, 422.0], [1091.0, 383.0], [1087.0, 378.0], [1074.0, 378.0]]"
Arty_Bottom,46,R46,resistor,resistor R11,Resistor_SMD,Resistor_SMD:R_0805_2012Metric,1095,381,1115,422,0.833,17,"(1099.0,379.0); (1097.0,380.0); (1095.0,383.0); (1096.0,393.0); (1097.0,394.0); (1097.0,409.0); (1096.0,410.0); (1096.0,420.0); (1097.0,421.0); (1097.0,424.0); (1099.0,426.0); (1115.0,426.0); (1118.0,422.0); (1118.0,388.0); (1119.0,385.0); (1116.0,382.0); (1109.0,379.0)","[[1099.0, 379.0], [1097.0, 380.0], [1095.0, 383.0], [1096.0, 393.0], [1097.0, 394.0], [1097.0, 409.0], [1096.0, 410.0], [1096.0, 420.0], [1097.0, 421.0], [1097.0, 424.0], [1099.0, 426.0], [1115.0, 426.0], [1118.0, 422.0], [1118.0, 388.0], [1119.0, 385.0], [1116.0, 382.0], [1109.0, 379.0]]"
Arty_Bottom,47,R47,resistor,resistor R7,Resistor_SMD,Resistor_SMD:R_0805_2012Metric,1192,385,1212,426,0.889,15,"(1211.0,382.0); (1207.0,382.0); (1206.0,381.0); (1203.0,382.0); (1192.0,382.0); (1188.0,385.0); (1188.0,393.0); (1189.0,394.0); (1188.0,426.0); (1190.0,428.0); (1206.0,430.0); (1213.0,427.0); (1213.0,390.0); (1214.0,389.0); (1214.0,385.0)","[[1211.0, 382.0], [1207.0, 382.0], [1206.0, 381.0], [1203.0, 382.0], [1192.0, 382.0], [1188.0, 385.0], [1188.0, 393.0], [1189.0, 394.0], [1188.0, 426.0], [1190.0, 428.0], [1206.0, 430.0], [1213.0, 427.0], [1213.0, 390.0], [1214.0, 389.0], [1214.0, 385.0]]"
Arty_Bottom,48,R48,resistor,resistor R3,Resistor_SMD,Resistor_SMD:R_0805_2012Metric,1220,384,1240,425,0.89,14,"(1226.0,383.0); (1223.0,384.0); (1220.0,388.0); (1220.0,427.0); (1227.0,430.0); (1239.0,429.0); (1243.0,427.0); (1244.0,425.0); (1244.0,410.0); (1243.0,409.0); (1243.0,403.0); (1244.0,402.0); (1244.0,386.0); (1241.0,383.0)","[[1226.0, 383.0], [1223.0, 384.0], [1220.0, 388.0], [1220.0, 427.0], [1227.0, 430.0], [1239.0, 429.0], [1243.0, 427.0], [1244.0, 425.0], [1244.0, 410.0], [1243.0, 409.0], [1243.0, 403.0], [1244.0, 402.0], [1244.0, 386.0], [1241.0, 383.0]]"
Arty_Bottom,49,R49,resistor,resistor R16,Resistor_SMD,Resistor_SMD:R_0805_2012Metric,1067,214,1087,255,0.893,12,"(1067.0,209.0); (1063.0,212.0); (1063.0,251.0); (1062.0,252.0); (1063.0,255.0); (1070.0,258.0); (1082.0,258.0); (1085.0,257.0); (1089.0,254.0); (1089.0,216.0); (1086.0,212.0); (1083.0,211.0)","[[1067.0, 209.0], [1063.0, 212.0], [1063.0, 251.0], [1062.0, 252.0], [1063.0, 255.0], [1070.0, 258.0], [1082.0, 258.0], [1085.0, 257.0], [1089.0, 254.0], [1089.0, 216.0], [1086.0, 212.0], [1083.0, 211.0]]"
Arty_Bottom,50,R50,resistor,resistor R12,Resistor_SMD,Resistor_SMD:R_0805_2012Metric,1097,213,1117,254,0.861,15,"(1120.0,209.0); (1116.0,209.0); (1111.0,211.0); (1100.0,211.0); (1098.0,212.0); (1097.0,214.0); (1097.0,247.0); (1096.0,248.0); (1096.0,252.0); (1097.0,255.0); (1100.0,257.0); (1111.0,258.0); (1118.0,256.0); (1121.0,253.0); (1122.0,211.0)","[[1120.0, 209.0], [1116.0, 209.0], [1111.0, 211.0], [1100.0, 211.0], [1098.0, 212.0], [1097.0, 214.0], [1097.0, 247.0], [1096.0, 248.0], [1096.0, 252.0], [1097.0, 255.0], [1100.0, 257.0], [1111.0, 258.0], [1118.0, 256.0], [1121.0, 253.0], [1122.0, 211.0]]"
Arty_Bottom,51,R51,resistor,resistor R8,Resistor_SMD,Resistor_SMD:R_0805_2012Metric,1193,214,1213,255,0.878,19,"(1190.0,212.0); (1191.0,214.0); (1191.0,228.0); (1192.0,229.0); (1191.0,251.0); (1190.0,253.0); (1191.0,255.0); (1195.0,258.0); (1198.0,258.0); (1199.0,259.0); (1210.0,259.0); (1215.0,255.0); (1215.0,248.0); (1214.0,247.0); (1214.0,220.0); (1213.0,219.0); (1213.0,216.0); (1209.0,211.0); (1193.0,211.0)","[[1190.0, 212.0], [1191.0, 214.0], [1191.0, 228.0], [1192.0, 229.0], [1191.0, 251.0], [1190.0, 253.0], [1191.0, 255.0], [1195.0, 258.0], [1198.0, 258.0], [1199.0, 259.0], [1210.0, 259.0], [1215.0, 255.0], [1215.0, 248.0], [1214.0, 247.0], [1214.0, 220.0], [1213.0, 219.0], [1213.0, 216.0], [1209.0, 211.0], [1193.0, 211.0]]"
Arty_Bottom,52,R52,resistor,resistor R4,Resistor_SMD,Resistor_SMD:R_0805_2012Metric,1224,215,1242,255,0.847,16,"(1227.0,214.0); (1224.0,218.0); (1224.0,227.0); (1223.0,228.0); (1223.0,234.0); (1224.0,235.0); (1224.0,250.0); (1223.0,253.0); (1224.0,255.0); (1229.0,259.0); (1242.0,258.0); (1247.0,254.0); (1247.0,217.0); (1245.0,213.0); (1231.0,213.0); (1230.0,214.0)","[[1227.0, 214.0], [1224.0, 218.0], [1224.0, 227.0], [1223.0, 228.0], [1223.0, 234.0], [1224.0, 235.0], [1224.0, 250.0], [1223.0, 253.0], [1224.0, 255.0], [1229.0, 259.0], [1242.0, 258.0], [1247.0, 254.0], [1247.0, 217.0], [1245.0, 213.0], [1231.0, 213.0], [1230.0, 214.0]]"
Arty_Bottom,53,R53,resistor,resistor R144,Resistor_SMD,Resistor_SMD:R_0805_2012Metric,1302,75,1320,118,0.935,12,"(1296.0,71.0); (1295.0,72.0); (1295.0,117.0); (1296.0,120.0); (1300.0,120.0); (1301.0,121.0); (1320.0,121.0); (1325.0,117.0); (1325.0,87.0); (1326.0,86.0); (1325.0,74.0); (1321.0,71.0)","[[1296.0, 71.0], [1295.0, 72.0], [1295.0, 117.0], [1296.0, 120.0], [1300.0, 120.0], [1301.0, 121.0], [1320.0, 121.0], [1325.0, 117.0], [1325.0, 87.0], [1326.0, 86.0], [1325.0, 74.0], [1321.0, 71.0]]"
Arty_Bottom,54,R54,resistor,resistor R145,Resistor_SMD,Resistor_SMD:R_0805_2012Metric,1300,150,1321,191,0.94,13,"(1296.0,145.0); (1294.0,147.0); (1294.0,176.0); (1295.0,177.0); (1294.0,178.0); (1294.0,191.0); (1295.0,193.0); (1304.0,195.0); (1320.0,195.0); (1324.0,193.0); (1325.0,191.0); (1325.0,147.0); (1321.0,145.0)","[[1296.0, 145.0], [1294.0, 147.0], [1294.0, 176.0], [1295.0, 177.0], [1294.0, 178.0], [1294.0, 191.0], [1295.0, 193.0], [1304.0, 195.0], [1320.0, 195.0], [1324.0, 193.0], [1325.0, 191.0], [1325.0, 147.0], [1321.0, 145.0]]"
Arty_Bottom,55,R55,resistor,resistor R147,Resistor_SMD,Resistor_SMD:R_0805_2012Metric,1299,224,1320,265,0.903,18,"(1303.0,220.0); (1299.0,225.0); (1299.0,230.0); (1298.0,231.0); (1299.0,246.0); (1298.0,247.0); (1298.0,254.0); (1297.0,255.0); (1296.0,264.0); (1298.0,267.0); (1301.0,268.0); (1319.0,269.0); (1323.0,267.0); (1324.0,265.0); (1324.0,234.0); (1325.0,233.0); (1324.0,223.0); (1319.0,220.0)","[[1303.0, 220.0], [1299.0, 225.0], [1299.0, 230.0], [1298.0, 231.0], [1299.0, 246.0], [1298.0, 247.0], [1298.0, 254.0], [1297.0, 255.0], [1296.0, 264.0], [1298.0, 267.0], [1301.0, 268.0], [1319.0, 269.0], [1323.0, 267.0], [1324.0, 265.0], [1324.0, 234.0], [1325.0, 233.0], [1324.0, 223.0], [1319.0, 220.0]]"
Arty_Bottom,56,R56,resistor,resistor R146,Resistor_SMD,Resistor_SMD:R_0805_2012Metric,1299,299,1320,340,0.929,16,"(1295.0,294.0); (1293.0,296.0); (1293.0,305.0); (1294.0,306.0); (1294.0,334.0); (1293.0,335.0); (1293.0,340.0); (1295.0,342.0); (1299.0,343.0); (1310.0,343.0); (1311.0,344.0); (1317.0,344.0); (1322.0,342.0); (1324.0,339.0); (1324.0,296.0); (1319.0,293.0)","[[1295.0, 294.0], [1293.0, 296.0], [1293.0, 305.0], [1294.0, 306.0], [1294.0, 334.0], [1293.0, 335.0], [1293.0, 340.0], [1295.0, 342.0], [1299.0, 343.0], [1310.0, 343.0], [1311.0, 344.0], [1317.0, 344.0], [1322.0, 342.0], [1324.0, 339.0], [1324.0, 296.0], [1319.0, 293.0]]"
Arty_Bottom,57,R57,resistor,resistor R100,Resistor_SMD,Resistor_SMD:R_0805_2012Metric,1230,595,1251,636,0.915,13,"(1229.0,591.0); (1226.0,594.0); (1226.0,608.0); (1227.0,609.0); (1226.0,633.0); (1227.0,636.0); (1230.0,639.0); (1250.0,640.0); (1253.0,635.0); (1253.0,612.0); (1254.0,611.0); (1254.0,595.0); (1252.0,591.0)","[[1229.0, 591.0], [1226.0, 594.0], [1226.0, 608.0], [1227.0, 609.0], [1226.0, 633.0], [1227.0, 636.0], [1230.0, 639.0], [1250.0, 640.0], [1253.0, 635.0], [1253.0, 612.0], [1254.0, 611.0], [1254.0, 595.0], [1252.0, 591.0]]"
Arty_Bottom,58,R58,resistor,resistor R101,Resistor_SMD,Resistor_SMD:R_0805_2012Metric,1294,596,1315,637,0.93,15,"(1294.0,591.0); (1292.0,593.0); (1292.0,626.0); (1291.0,627.0); (1292.0,638.0); (1294.0,640.0); (1298.0,640.0); (1299.0,641.0); (1314.0,641.0); (1317.0,637.0); (1317.0,628.0); (1318.0,627.0); (1318.0,597.0); (1317.0,593.0); (1315.0,591.0)","[[1294.0, 591.0], [1292.0, 593.0], [1292.0, 626.0], [1291.0, 627.0], [1292.0, 638.0], [1294.0, 640.0], [1298.0, 640.0], [1299.0, 641.0], [1314.0, 641.0], [1317.0, 637.0], [1317.0, 628.0], [1318.0, 627.0], [1318.0, 597.0], [1317.0, 593.0], [1315.0, 591.0]]"
Arty_Bottom,59,J1,connector,connector J8,Connector,Connector_PinHeader_2.54mm:PinHeader_1x04_P2.54mm_Vert,1350,61,1403,427,0.95,8,"(1357.0,54.0); (1345.0,61.0); (1343.0,427.0); (1350.0,433.0); (1403.0,434.0); (1408.0,429.0); (1409.0,61.0); (1396.0,54.0)","[[1357.0, 54.0], [1345.0, 61.0], [1343.0, 427.0], [1350.0, 433.0], [1403.0, 434.0], [1408.0, 429.0], [1409.0, 61.0], [1396.0, 54.0]]"
Arty_Bottom,60,D1,diode,diode D1,Diode_SMD,Diode_SMD:D_SOD-123,1424,88,1480,154,0.929,16,"(1471.0,92.0); (1464.0,92.0); (1455.0,102.0); (1441.0,96.0); (1434.0,95.0); (1426.0,104.0); (1421.0,116.0); (1421.0,128.0); (1423.0,134.0); (1432.0,148.0); (1443.0,151.0); (1469.0,152.0); (1475.0,148.0); (1482.0,134.0); (1482.0,113.0); (1474.0,95.0)","[[1471.0, 92.0], [1464.0, 92.0], [1455.0, 102.0], [1441.0, 96.0], [1434.0, 95.0], [1426.0, 104.0], [1421.0, 116.0], [1421.0, 128.0], [1423.0, 134.0], [1432.0, 148.0], [1443.0, 151.0], [1469.0, 152.0], [1475.0, 148.0], [1482.0, 134.0], [1482.0, 113.0], [1474.0, 95.0]]"
Arty_Bottom,61,U1,ic,ic IC10,Package_SO,Package_SO:SOIC-8_3.9x4.9mm_P1.27mm,1909,107,2006,218,0.882,18,"(2006.0,115.0); (1989.0,108.0); (1967.0,112.0); (1958.0,117.0); (1939.0,110.0); (1918.0,109.0); (1910.0,112.0); (1910.0,148.0); (1916.0,161.0); (1916.0,168.0); (1909.0,176.0); (1911.0,190.0); (1908.0,210.0); (1912.0,216.0); (1921.0,219.0); (1953.0,214.0); (1995.0,217.0); (2008.0,226.0)","[[2006.0, 115.0], [1989.0, 108.0], [1967.0, 112.0], [1958.0, 117.0], [1939.0, 110.0], [1918.0, 109.0], [1910.0, 112.0], [1910.0, 148.0], [1916.0, 161.0], [1916.0, 168.0], [1909.0, 176.0], [1911.0, 190.0], [1908.0, 210.0], [1912.0, 216.0], [1921.0, 219.0], [1953.0, 214.0], [1995.0, 217.0], [2008.0, 226.0]]"
Arty_Bottom,62,R59,resistor,resistor R29,Resistor_SMD,Resistor_SMD:R_0805_2012Metric,1633,387,1652,427,0.914,14,"(1631.0,384.0); (1630.0,385.0); (1630.0,389.0); (1631.0,390.0); (1630.0,429.0); (1631.0,431.0); (1637.0,433.0); (1650.0,432.0); (1653.0,430.0); (1654.0,427.0); (1654.0,410.0); (1653.0,409.0); (1654.0,386.0); (1651.0,384.0)","[[1631.0, 384.0], [1630.0, 385.0], [1630.0, 389.0], [1631.0, 390.0], [1630.0, 429.0], [1631.0, 431.0], [1637.0, 433.0], [1650.0, 432.0], [1653.0, 430.0], [1654.0, 427.0], [1654.0, 410.0], [1653.0, 409.0], [1654.0, 386.0], [1651.0, 384.0]]"
Arty_Bottom,63,R60,resistor,resistor R25,Resistor_SMD,Resistor_SMD:R_0805_2012Metric,1660,387,1680,427,0.878,15,"(1661.0,384.0); (1659.0,386.0); (1659.0,395.0); (1660.0,396.0); (1659.0,429.0); (1662.0,432.0); (1675.0,432.0); (1676.0,431.0); (1680.0,431.0); (1683.0,429.0); (1684.0,426.0); (1684.0,387.0); (1685.0,386.0); (1683.0,383.0); (1664.0,383.0)","[[1661.0, 384.0], [1659.0, 386.0], [1659.0, 395.0], [1660.0, 396.0], [1659.0, 429.0], [1662.0, 432.0], [1675.0, 432.0], [1676.0, 431.0], [1680.0, 431.0], [1683.0, 429.0], [1684.0, 426.0], [1684.0, 387.0], [1685.0, 386.0], [1683.0, 383.0], [1664.0, 383.0]]"
Arty_Bottom,64,R61,resistor,resistor R21,Resistor_SMD,Resistor_SMD:R_0805_2012Metric,1757,389,1777,429,0.857,18,"(1758.0,385.0); (1756.0,387.0); (1755.0,390.0); (1755.0,403.0); (1756.0,404.0); (1756.0,408.0); (1755.0,409.0); (1754.0,426.0); (1755.0,428.0); (1759.0,431.0); (1772.0,433.0); (1777.0,431.0); (1779.0,429.0); (1779.0,418.0); (1778.0,417.0); (1779.0,390.0); (1778.0,388.0); (1774.0,386.0)","[[1758.0, 385.0], [1756.0, 387.0], [1755.0, 390.0], [1755.0, 403.0], [1756.0, 404.0], [1756.0, 408.0], [1755.0, 409.0], [1754.0, 426.0], [1755.0, 428.0], [1759.0, 431.0], [1772.0, 433.0], [1777.0, 431.0], [1779.0, 429.0], [1779.0, 418.0], [1778.0, 417.0], [1779.0, 390.0], [1778.0, 388.0], [1774.0, 386.0]]"
Arty_Bottom,65,R62,resistor,resistor R17,Resistor_SMD,Resistor_SMD:R_0805_2012Metric,1784,389,1804,429,0.878,14,"(1802.0,385.0); (1790.0,387.0); (1787.0,389.0); (1786.0,392.0); (1785.0,429.0); (1787.0,432.0); (1792.0,434.0); (1803.0,434.0); (1806.0,432.0); (1808.0,426.0); (1808.0,392.0); (1807.0,391.0); (1807.0,388.0); (1805.0,386.0)","[[1802.0, 385.0], [1790.0, 387.0], [1787.0, 389.0], [1786.0, 392.0], [1785.0, 429.0], [1787.0, 432.0], [1792.0, 434.0], [1803.0, 434.0], [1806.0, 432.0], [1808.0, 426.0], [1808.0, 392.0], [1807.0, 391.0], [1807.0, 388.0], [1805.0, 386.0]]"
Arty_Bottom,66,R63,resistor,resistor R30,Resistor_SMD,Resistor_SMD:R_0805_2012Metric,1635,220,1654,260,0.898,15,"(1653.0,214.0); (1631.0,215.0); (1631.0,227.0); (1632.0,228.0); (1631.0,263.0); (1633.0,264.0); (1651.0,263.0); (1654.0,261.0); (1654.0,258.0); (1655.0,257.0); (1655.0,226.0); (1656.0,225.0); (1656.0,220.0); (1655.0,219.0); (1655.0,216.0)","[[1653.0, 214.0], [1631.0, 215.0], [1631.0, 227.0], [1632.0, 228.0], [1631.0, 263.0], [1633.0, 264.0], [1651.0, 263.0], [1654.0, 261.0], [1654.0, 258.0], [1655.0, 257.0], [1655.0, 226.0], [1656.0, 225.0], [1656.0, 220.0], [1655.0, 219.0], [1655.0, 216.0]]"
Arty_Bottom,67,R64,resistor,resistor R26,Resistor_SMD,Resistor_SMD:R_0805_2012Metric,1662,220,1681,260,0.871,15,"(1682.0,214.0); (1680.0,215.0); (1664.0,215.0); (1663.0,216.0); (1663.0,219.0); (1662.0,220.0); (1662.0,244.0); (1661.0,245.0); (1661.0,262.0); (1662.0,263.0); (1683.0,263.0); (1685.0,257.0); (1685.0,224.0); (1684.0,223.0); (1684.0,218.0)","[[1682.0, 214.0], [1680.0, 215.0], [1664.0, 215.0], [1663.0, 216.0], [1663.0, 219.0], [1662.0, 220.0], [1662.0, 244.0], [1661.0, 245.0], [1661.0, 262.0], [1662.0, 263.0], [1683.0, 263.0], [1685.0, 257.0], [1685.0, 224.0], [1684.0, 223.0], [1684.0, 218.0]]"
Arty_Bottom,68,R65,resistor,resistor R22,Resistor_SMD,Resistor_SMD:R_0805_2012Metric,1759,222,1779,263,0.859,15,"(1761.0,220.0); (1758.0,222.0); (1758.0,244.0); (1757.0,245.0); (1757.0,255.0); (1756.0,256.0); (1755.0,264.0); (1758.0,266.0); (1774.0,266.0); (1780.0,263.0); (1780.0,258.0); (1779.0,257.0); (1779.0,229.0); (1776.0,223.0); (1772.0,221.0)","[[1761.0, 220.0], [1758.0, 222.0], [1758.0, 244.0], [1757.0, 245.0], [1757.0, 255.0], [1756.0, 256.0], [1755.0, 264.0], [1758.0, 266.0], [1774.0, 266.0], [1780.0, 263.0], [1780.0, 258.0], [1779.0, 257.0], [1779.0, 229.0], [1776.0, 223.0], [1772.0, 221.0]]"
Arty_Bottom,69,R66,resistor,resistor R18,Resistor_SMD,Resistor_SMD:R_0805_2012Metric,1785,222,1805,263,0.881,14,"(1803.0,218.0); (1792.0,219.0); (1788.0,221.0); (1785.0,225.0); (1785.0,228.0); (1784.0,229.0); (1785.0,256.0); (1783.0,261.0); (1781.0,263.0); (1783.0,266.0); (1804.0,267.0); (1808.0,263.0); (1809.0,227.0); (1807.0,221.0)","[[1803.0, 218.0], [1792.0, 219.0], [1788.0, 221.0], [1785.0, 225.0], [1785.0, 228.0], [1784.0, 229.0], [1785.0, 256.0], [1783.0, 261.0], [1781.0, 263.0], [1783.0, 266.0], [1804.0, 267.0], [1808.0, 263.0], [1809.0, 227.0], [1807.0, 221.0]]"
Arty_Bottom,70,R67,resistor,resistor R13,Resistor_SMD,Resistor_SMD:R_0805_2012Metric,2138,216,2158,257,0.91,13,"(2137.0,213.0); (2135.0,218.0); (2134.0,257.0); (2137.0,261.0); (2159.0,260.0); (2162.0,257.0); (2162.0,249.0); (2160.0,243.0); (2160.0,238.0); (2161.0,237.0); (2161.0,215.0); (2159.0,212.0); (2140.0,212.0)","[[2137.0, 213.0], [2135.0, 218.0], [2134.0, 257.0], [2137.0, 261.0], [2159.0, 260.0], [2162.0, 257.0], [2162.0, 249.0], [2160.0, 243.0], [2160.0, 238.0], [2161.0, 237.0], [2161.0, 215.0], [2159.0, 212.0], [2140.0, 212.0]]"
Arty_Bottom,71,R68,resistor,resistor R14,Resistor_SMD,Resistor_SMD:R_0805_2012Metric,2170,217,2190,258,0.91,15,"(2172.0,212.0); (2171.0,213.0); (2171.0,229.0); (2172.0,230.0); (2171.0,257.0); (2172.0,259.0); (2179.0,261.0); (2191.0,260.0); (2193.0,257.0); (2193.0,244.0); (2192.0,243.0); (2193.0,241.0); (2193.0,217.0); (2192.0,214.0); (2190.0,213.0)","[[2172.0, 212.0], [2171.0, 213.0], [2171.0, 229.0], [2172.0, 230.0], [2171.0, 257.0], [2172.0, 259.0], [2179.0, 261.0], [2191.0, 260.0], [2193.0, 257.0], [2193.0, 244.0], [2192.0, 243.0], [2193.0, 241.0], [2193.0, 217.0], [2192.0, 214.0], [2190.0, 213.0]]"
Arty_Bottom,72,R69,resistor,resistor R9,Resistor_SMD,Resistor_SMD:R_0805_2012Metric,2202,218,2222,259,0.922,16,"(2224.0,212.0); (2204.0,213.0); (2202.0,215.0); (2202.0,222.0); (2201.0,223.0); (2201.0,251.0); (2200.0,252.0); (2200.0,255.0); (2201.0,256.0); (2201.0,259.0); (2203.0,261.0); (2223.0,261.0); (2225.0,259.0); (2226.0,250.0); (2225.0,249.0); (2225.0,213.0)","[[2224.0, 212.0], [2204.0, 213.0], [2202.0, 215.0], [2202.0, 222.0], [2201.0, 223.0], [2201.0, 251.0], [2200.0, 252.0], [2200.0, 255.0], [2201.0, 256.0], [2201.0, 259.0], [2203.0, 261.0], [2223.0, 261.0], [2225.0, 259.0], [2226.0, 250.0], [2225.0, 249.0], [2225.0, 213.0]]"
Arty_Bottom,73,R70,resistor,resistor R10,Resistor_SMD,Resistor_SMD:R_0805_2012Metric,2232,218,2252,259,0.914,20,"(2234.0,213.0); (2232.0,215.0); (2232.0,218.0); (2231.0,219.0); (2232.0,237.0); (2233.0,238.0); (2232.0,258.0); (2234.0,261.0); (2237.0,262.0); (2250.0,261.0); (2252.0,260.0); (2255.0,256.0); (2255.0,250.0); (2254.0,249.0); (2255.0,219.0); (2254.0,218.0); (2254.0,215.0); (2249.0,212.0); (2238.0,212.0); (2237.0,213.0)","[[2234.0, 213.0], [2232.0, 215.0], [2232.0, 218.0], [2231.0, 219.0], [2232.0, 237.0], [2233.0, 238.0], [2232.0, 258.0], [2234.0, 261.0], [2237.0, 262.0], [2250.0, 261.0], [2252.0, 260.0], [2255.0, 256.0], [2255.0, 250.0], [2254.0, 249.0], [2255.0, 219.0], [2254.0, 218.0], [2254.0, 215.0], [2249.0, 212.0], [2238.0, 212.0], [2237.0, 213.0]]"
Arty_Bottom,74,R71,resistor,resistor R5,Resistor_SMD,Resistor_SMD:R_0805_2012Metric,2267,218,2287,259,0.907,17,"(2269.0,214.0); (2267.0,216.0); (2267.0,219.0); (2266.0,220.0); (2266.0,250.0); (2265.0,251.0); (2266.0,260.0); (2268.0,262.0); (2283.0,262.0); (2284.0,261.0); (2287.0,261.0); (2289.0,257.0); (2289.0,250.0); (2288.0,249.0); (2289.0,216.0); (2288.0,214.0); (2285.0,213.0)","[[2269.0, 214.0], [2267.0, 216.0], [2267.0, 219.0], [2266.0, 220.0], [2266.0, 250.0], [2265.0, 251.0], [2266.0, 260.0], [2268.0, 262.0], [2283.0, 262.0], [2284.0, 261.0], [2287.0, 261.0], [2289.0, 257.0], [2289.0, 250.0], [2288.0, 249.0], [2289.0, 216.0], [2288.0, 214.0], [2285.0, 213.0]]"
Arty_Bottom,75,R72,resistor,resistor R6,Resistor_SMD,Resistor_SMD:R_0805_2012Metric,2297,218,2317,259,0.909,20,"(2316.0,214.0); (2312.0,214.0); (2311.0,213.0); (2309.0,214.0); (2301.0,214.0); (2299.0,215.0); (2296.0,219.0); (2297.0,247.0); (2296.0,248.0); (2295.0,255.0); (2296.0,256.0); (2296.0,259.0); (2299.0,262.0); (2315.0,262.0); (2319.0,259.0); (2320.0,256.0); (2320.0,249.0); (2319.0,248.0); (2320.0,220.0); (2319.0,217.0)","[[2316.0, 214.0], [2312.0, 214.0], [2311.0, 213.0], [2309.0, 214.0], [2301.0, 214.0], [2299.0, 215.0], [2296.0, 219.0], [2297.0, 247.0], [2296.0, 248.0], [2295.0, 255.0], [2296.0, 256.0], [2296.0, 259.0], [2299.0, 262.0], [2315.0, 262.0], [2319.0, 259.0], [2320.0, 256.0], [2320.0, 249.0], [2319.0, 248.0], [2320.0, 220.0], [2319.0, 217.0]]"
Arty_Bottom,76,R73,resistor,resistor R1,Resistor_SMD,Resistor_SMD:R_0805_2012Metric,2329,218,2349,259,0.921,13,"(2332.0,214.0); (2330.0,215.0); (2328.0,219.0); (2328.0,250.0); (2327.0,251.0); (2328.0,261.0); (2330.0,263.0); (2347.0,263.0); (2349.0,262.0); (2351.0,259.0); (2351.0,218.0); (2350.0,216.0); (2347.0,214.0)","[[2332.0, 214.0], [2330.0, 215.0], [2328.0, 219.0], [2328.0, 250.0], [2327.0, 251.0], [2328.0, 261.0], [2330.0, 263.0], [2347.0, 263.0], [2349.0, 262.0], [2351.0, 259.0], [2351.0, 218.0], [2350.0, 216.0], [2347.0, 214.0]]"
Arty_Bottom,77,R74,resistor,resistor R2,Resistor_SMD,Resistor_SMD:R_0805_2012Metric,2359,218,2379,259,0.919,17,"(2361.0,215.0); (2358.0,218.0); (2358.0,221.0); (2357.0,222.0); (2358.0,225.0); (2358.0,237.0); (2359.0,238.0); (2358.0,257.0); (2363.0,262.0); (2379.0,263.0); (2382.0,260.0); (2383.0,257.0); (2383.0,248.0); (2382.0,247.0); (2383.0,220.0); (2382.0,217.0); (2378.0,213.0)","[[2361.0, 215.0], [2358.0, 218.0], [2358.0, 221.0], [2357.0, 222.0], [2358.0, 225.0], [2358.0, 237.0], [2359.0, 238.0], [2358.0, 257.0], [2363.0, 262.0], [2379.0, 263.0], [2382.0, 260.0], [2383.0, 257.0], [2383.0, 248.0], [2382.0, 247.0], [2383.0, 220.0], [2382.0, 217.0], [2378.0, 213.0]]"
Arty_Bottom,78,R75,resistor,resistor R161,Resistor_SMD,Resistor_SMD:R_0805_2012Metric,2480,280,2521,299,0.866,22,"(2524.0,279.0); (2522.0,277.0); (2512.0,277.0); (2507.0,279.0); (2498.0,279.0); (2497.0,278.0); (2486.0,278.0); (2480.0,281.0); (2478.0,286.0); (2479.0,297.0); (2480.0,299.0); (2484.0,302.0); (2488.0,302.0); (2496.0,299.0); (2499.0,299.0); (2500.0,300.0); (2519.0,300.0); (2522.0,299.0); (2524.0,297.0); (2525.0,294.0); (2525.0,283.0); (2524.0,282.0)","[[2524.0, 279.0], [2522.0, 277.0], [2512.0, 277.0], [2507.0, 279.0], [2498.0, 279.0], [2497.0, 278.0], [2486.0, 278.0], [2480.0, 281.0], [2478.0, 286.0], [2479.0, 297.0], [2480.0, 299.0], [2484.0, 302.0], [2488.0, 302.0], [2496.0, 299.0], [2499.0, 299.0], [2500.0, 300.0], [2519.0, 300.0], [2522.0, 299.0], [2524.0, 297.0], [2525.0, 294.0], [2525.0, 283.0], [2524.0, 282.0]]"
Arty_Bottom,79,R76,resistor,resistor R153,Resistor_SMD,Resistor_SMD:R_0805_2012Metric,2480,304,2519,325,0.903,21,"(2479.0,306.0); (2478.0,309.0); (2478.0,324.0); (2479.0,326.0); (2482.0,328.0); (2491.0,328.0); (2492.0,329.0); (2520.0,329.0); (2523.0,327.0); (2525.0,321.0); (2525.0,316.0); (2524.0,315.0); (2524.0,308.0); (2523.0,305.0); (2520.0,302.0); (2513.0,302.0); (2512.0,303.0); (2489.0,303.0); (2488.0,302.0); (2485.0,302.0); (2482.0,303.0)","[[2479.0, 306.0], [2478.0, 309.0], [2478.0, 324.0], [2479.0, 326.0], [2482.0, 328.0], [2491.0, 328.0], [2492.0, 329.0], [2520.0, 329.0], [2523.0, 327.0], [2525.0, 321.0], [2525.0, 316.0], [2524.0, 315.0], [2524.0, 308.0], [2523.0, 305.0], [2520.0, 302.0], [2513.0, 302.0], [2512.0, 303.0], [2489.0, 303.0], [2488.0, 302.0], [2485.0, 302.0], [2482.0, 303.0]]"
Arty_Bottom,80,R77,resistor,resistor R154,Resistor_SMD,Resistor_SMD:R_0805_2012Metric,2444,282,2463,321,0.913,18,"(2444.0,278.0); (2441.0,282.0); (2441.0,319.0); (2442.0,322.0); (2444.0,324.0); (2447.0,324.0); (2448.0,325.0); (2463.0,325.0); (2466.0,321.0); (2466.0,298.0); (2467.0,296.0); (2466.0,295.0); (2466.0,282.0); (2465.0,281.0); (2465.0,278.0); (2464.0,277.0); (2448.0,277.0); (2447.0,278.0)","[[2444.0, 278.0], [2441.0, 282.0], [2441.0, 319.0], [2442.0, 322.0], [2444.0, 324.0], [2447.0, 324.0], [2448.0, 325.0], [2463.0, 325.0], [2466.0, 321.0], [2466.0, 298.0], [2467.0, 296.0], [2466.0, 295.0], [2466.0, 282.0], [2465.0, 281.0], [2465.0, 278.0], [2464.0, 277.0], [2448.0, 277.0], [2447.0, 278.0]]"
Arty_Bottom,81,R78,resistor,resistor R211,Resistor_SMD,Resistor_SMD:R_0805_2012Metric,2552,367,2594,387,0.898,13,"(2549.0,364.0); (2548.0,367.0); (2548.0,383.0); (2551.0,388.0); (2558.0,388.0); (2559.0,387.0); (2585.0,387.0); (2589.0,389.0); (2595.0,389.0); (2599.0,385.0); (2599.0,371.0); (2597.0,367.0); (2594.0,365.0)","[[2549.0, 364.0], [2548.0, 367.0], [2548.0, 383.0], [2551.0, 388.0], [2558.0, 388.0], [2559.0, 387.0], [2585.0, 387.0], [2589.0, 389.0], [2595.0, 389.0], [2599.0, 385.0], [2599.0, 371.0], [2597.0, 367.0], [2594.0, 365.0]]"
Arty_Bottom,82,R79,resistor,resistor R210,Resistor_SMD,Resistor_SMD:R_0805_2012Metric,2553,392,2595,412,0.832,16,"(2598.0,396.0); (2595.0,392.0); (2590.0,392.0); (2584.0,394.0); (2551.0,393.0); (2549.0,394.0); (2548.0,405.0); (2550.0,409.0); (2552.0,410.0); (2557.0,410.0); (2558.0,411.0); (2577.0,411.0); (2578.0,410.0); (2596.0,411.0); (2598.0,409.0); (2599.0,406.0)","[[2598.0, 396.0], [2595.0, 392.0], [2590.0, 392.0], [2584.0, 394.0], [2551.0, 393.0], [2549.0, 394.0], [2548.0, 405.0], [2550.0, 409.0], [2552.0, 410.0], [2557.0, 410.0], [2558.0, 411.0], [2577.0, 411.0], [2578.0, 410.0], [2596.0, 411.0], [2598.0, 409.0], [2599.0, 406.0]]"
Arty_Bottom,83,C1,capacitor,capacitor C142,Capacitor_SMD,Capacitor_SMD:C_0805_2012Metric,2545,416,2604,438,0.928,17,"(2545.0,420.0); (2545.0,435.0); (2546.0,437.0); (2551.0,439.0); (2581.0,439.0); (2582.0,440.0); (2583.0,439.0); (2598.0,439.0); (2602.0,438.0); (2604.0,436.0); (2604.0,431.0); (2605.0,430.0); (2604.0,418.0); (2600.0,415.0); (2596.0,414.0); (2552.0,415.0); (2547.0,417.0)","[[2545.0, 420.0], [2545.0, 435.0], [2546.0, 437.0], [2551.0, 439.0], [2581.0, 439.0], [2582.0, 440.0], [2583.0, 439.0], [2598.0, 439.0], [2602.0, 438.0], [2604.0, 436.0], [2604.0, 431.0], [2605.0, 430.0], [2604.0, 418.0], [2600.0, 415.0], [2596.0, 414.0], [2552.0, 415.0], [2547.0, 417.0]]"
Arty_Bottom,84,C2,capacitor,capacitor C138,Capacitor_SMD,Capacitor_SMD:C_0805_2012Metric,2436,405,2464,420,0.891,21,"(2429.0,410.0); (2429.0,417.0); (2431.0,419.0); (2435.0,419.0); (2436.0,420.0); (2458.0,420.0); (2459.0,419.0); (2468.0,418.0); (2470.0,416.0); (2469.0,413.0); (2467.0,411.0); (2465.0,407.0); (2463.0,407.0); (2462.0,406.0); (2457.0,406.0); (2456.0,405.0); (2439.0,405.0); (2438.0,406.0); (2432.0,406.0); (2430.0,407.0); (2430.0,409.0)","[[2429.0, 410.0], [2429.0, 417.0], [2431.0, 419.0], [2435.0, 419.0], [2436.0, 420.0], [2458.0, 420.0], [2459.0, 419.0], [2468.0, 418.0], [2470.0, 416.0], [2469.0, 413.0], [2467.0, 411.0], [2465.0, 407.0], [2463.0, 407.0], [2462.0, 406.0], [2457.0, 406.0], [2456.0, 405.0], [2439.0, 405.0], [2438.0, 406.0], [2432.0, 406.0], [2430.0, 407.0], [2430.0, 409.0]]"
Arty_Bottom,85,U2,ic,ic IC9,Package_SO,Package_SO:SOIC-8_3.9x4.9mm_P1.27mm,2330,399,2422,476,0.931,14,"(2332.0,407.0); (2330.0,429.0); (2334.0,473.0); (2356.0,472.0); (2363.0,475.0); (2388.0,475.0); (2417.0,464.0); (2418.0,415.0); (2414.0,408.0); (2395.0,400.0); (2368.0,398.0); (2361.0,399.0); (2355.0,403.0); (2345.0,399.0)","[[2332.0, 407.0], [2330.0, 429.0], [2334.0, 473.0], [2356.0, 472.0], [2363.0, 475.0], [2388.0, 475.0], [2417.0, 464.0], [2418.0, 415.0], [2414.0, 408.0], [2395.0, 400.0], [2368.0, 398.0], [2361.0, 399.0], [2355.0, 403.0], [2345.0, 399.0]]"
Arty_Bottom,86,Q1,transistor,transistor Q7,Package_TO_SOT_SMD,Package_TO_SOT_SMD:SOT-23,2609,365,2691,442,0.908,23,"(2667.0,363.0); (2654.0,361.0); (2632.0,364.0); (2614.0,373.0); (2612.0,385.0); (2616.0,388.0); (2626.0,389.0); (2630.0,398.0); (2628.0,413.0); (2624.0,416.0); (2617.0,416.0); (2612.0,420.0); (2611.0,429.0); (2614.0,432.0); (2626.0,434.0); (2647.0,442.0); (2662.0,442.0); (2668.0,438.0); (2671.0,414.0); (2678.0,405.0); (2678.0,400.0); (2671.0,389.0); (2670.0,370.0)","[[2667.0, 363.0], [2654.0, 361.0], [2632.0, 364.0], [2614.0, 373.0], [2612.0, 385.0], [2616.0, 388.0], [2626.0, 389.0], [2630.0, 398.0], [2628.0, 413.0], [2624.0, 416.0], [2617.0, 416.0], [2612.0, 420.0], [2611.0, 429.0], [2614.0, 432.0], [2626.0, 434.0], [2647.0, 442.0], [2662.0, 442.0], [2668.0, 438.0], [2671.0, 414.0], [2678.0, 405.0], [2678.0, 400.0], [2671.0, 389.0], [2670.0, 370.0]]"
Arty_Bottom,87,R80,resistor,resistor R204,Resistor_SMD,Resistor_SMD:R_0805_2012Metric,2281,402,2322,423,0.928,20,"(2276.0,402.0); (2275.0,411.0); (2274.0,412.0); (2274.0,419.0); (2275.0,422.0); (2279.0,426.0); (2286.0,426.0); (2287.0,427.0); (2293.0,427.0); (2294.0,426.0); (2322.0,426.0); (2324.0,423.0); (2325.0,419.0); (2325.0,404.0); (2322.0,398.0); (2316.0,398.0); (2315.0,399.0); (2309.0,399.0); (2308.0,398.0); (2280.0,398.0)","[[2276.0, 402.0], [2275.0, 411.0], [2274.0, 412.0], [2274.0, 419.0], [2275.0, 422.0], [2279.0, 426.0], [2286.0, 426.0], [2287.0, 427.0], [2293.0, 427.0], [2294.0, 426.0], [2322.0, 426.0], [2324.0, 423.0], [2325.0, 419.0], [2325.0, 404.0], [2322.0, 398.0], [2316.0, 398.0], [2315.0, 399.0], [2309.0, 399.0], [2308.0, 398.0], [2280.0, 398.0]]"
Arty_Bottom,88,R81,resistor,resistor R203,Resistor_SMD,Resistor_SMD:R_0805_2012Metric,2279,451,2320,472,0.947,13,"(2274.0,451.0); (2274.0,472.0); (2278.0,476.0); (2281.0,477.0); (2299.0,477.0); (2300.0,476.0); (2316.0,477.0); (2317.0,476.0); (2321.0,476.0); (2324.0,472.0); (2324.0,451.0); (2321.0,447.0); (2279.0,447.0)","[[2274.0, 451.0], [2274.0, 472.0], [2278.0, 476.0], [2281.0, 477.0], [2299.0, 477.0], [2300.0, 476.0], [2316.0, 477.0], [2317.0, 476.0], [2321.0, 476.0], [2324.0, 472.0], [2324.0, 451.0], [2321.0, 447.0], [2279.0, 447.0]]"
Arty_Bottom,89,C3,capacitor,capacitor C22,Capacitor_SMD,Capacitor_SMD:C_0805_2012Metric,999,720,1022,781,0.935,9,"(1001.0,722.0); (999.0,726.0); (998.0,774.0); (1001.0,778.0); (1013.0,779.0); (1017.0,778.0); (1021.0,775.0); (1021.0,728.0); (1015.0,722.0)","[[1001.0, 722.0], [999.0, 726.0], [998.0, 774.0], [1001.0, 778.0], [1013.0, 779.0], [1017.0, 778.0], [1021.0, 775.0], [1021.0, 728.0], [1015.0, 722.0]]"
Arty_Bottom,90,C4,capacitor,capacitor C21,Capacitor_SMD,Capacitor_SMD:C_0805_2012Metric,1096,721,1119,782,0.933,17,"(1113.0,724.0); (1100.0,724.0); (1097.0,729.0); (1096.0,749.0); (1095.0,750.0); (1096.0,778.0); (1097.0,781.0); (1100.0,783.0); (1114.0,781.0); (1117.0,779.0); (1119.0,775.0); (1119.0,770.0); (1120.0,769.0); (1120.0,734.0); (1121.0,732.0); (1120.0,728.0); (1117.0,725.0)","[[1113.0, 724.0], [1100.0, 724.0], [1097.0, 729.0], [1096.0, 749.0], [1095.0, 750.0], [1096.0, 778.0], [1097.0, 781.0], [1100.0, 783.0], [1114.0, 781.0], [1117.0, 779.0], [1119.0, 775.0], [1119.0, 770.0], [1120.0, 769.0], [1120.0, 734.0], [1121.0, 732.0], [1120.0, 728.0], [1117.0, 725.0]]"
Arty_Bottom,91,C5,capacitor,capacitor C26,Capacitor_SMD,Capacitor_SMD:C_0805_2012Metric,1039,727,1079,748,0.894,13,"(1035.0,728.0); (1036.0,743.0); (1037.0,745.0); (1041.0,748.0); (1077.0,749.0); (1081.0,744.0); (1083.0,730.0); (1080.0,727.0); (1076.0,727.0); (1075.0,726.0); (1059.0,726.0); (1058.0,727.0); (1036.0,727.0)","[[1035.0, 728.0], [1036.0, 743.0], [1037.0, 745.0], [1041.0, 748.0], [1077.0, 749.0], [1081.0, 744.0], [1083.0, 730.0], [1080.0, 727.0], [1076.0, 727.0], [1075.0, 726.0], [1059.0, 726.0], [1058.0, 727.0], [1036.0, 727.0]]"
Arty_Bottom,92,C6,capacitor,capacitor C25,Capacitor_SMD,Capacitor_SMD:C_0805_2012Metric,1039,753,1079,774,0.894,19,"(1036.0,761.0); (1036.0,773.0); (1038.0,773.0); (1039.0,774.0); (1045.0,774.0); (1046.0,775.0); (1048.0,774.0); (1074.0,774.0); (1076.0,775.0); (1077.0,774.0); (1079.0,774.0); (1080.0,769.0); (1081.0,768.0); (1081.0,761.0); (1079.0,756.0); (1077.0,754.0); (1044.0,754.0); (1043.0,755.0); (1041.0,755.0)","[[1036.0, 761.0], [1036.0, 773.0], [1038.0, 773.0], [1039.0, 774.0], [1045.0, 774.0], [1046.0, 775.0], [1048.0, 774.0], [1074.0, 774.0], [1076.0, 775.0], [1077.0, 774.0], [1079.0, 774.0], [1080.0, 769.0], [1081.0, 768.0], [1081.0, 761.0], [1079.0, 756.0], [1077.0, 754.0], [1044.0, 754.0], [1043.0, 755.0], [1041.0, 755.0]]"
Arty_Bottom,93,C7,capacitor,capacitor C24,Capacitor_SMD,Capacitor_SMD:C_0805_2012Metric,1039,778,1078,799,0.85,22,"(1036.0,786.0); (1037.0,788.0); (1037.0,794.0); (1040.0,797.0); (1043.0,797.0); (1044.0,798.0); (1073.0,798.0); (1074.0,797.0); (1077.0,797.0); (1080.0,793.0); (1080.0,788.0); (1081.0,787.0); (1080.0,783.0); (1078.0,780.0); (1076.0,779.0); (1071.0,779.0); (1070.0,778.0); (1062.0,778.0); (1061.0,779.0); (1043.0,778.0); (1037.0,782.0); (1037.0,785.0)","[[1036.0, 786.0], [1037.0, 788.0], [1037.0, 794.0], [1040.0, 797.0], [1043.0, 797.0], [1044.0, 798.0], [1073.0, 798.0], [1074.0, 797.0], [1077.0, 797.0], [1080.0, 793.0], [1080.0, 788.0], [1081.0, 787.0], [1080.0, 783.0], [1078.0, 780.0], [1076.0, 779.0], [1071.0, 779.0], [1070.0, 778.0], [1062.0, 778.0], [1061.0, 779.0], [1043.0, 778.0], [1037.0, 782.0], [1037.0, 785.0]]"
Arty_Bottom,94,C8,capacitor,capacitor C23,Capacitor_SMD,Capacitor_SMD:C_0805_2012Metric,1040,803,1078,825,0.896,17,"(1036.0,807.0); (1035.0,810.0); (1035.0,825.0); (1036.0,826.0); (1041.0,826.0); (1042.0,827.0); (1078.0,827.0); (1079.0,826.0); (1079.0,823.0); (1080.0,822.0); (1080.0,808.0); (1079.0,806.0); (1075.0,803.0); (1051.0,803.0); (1050.0,804.0); (1041.0,804.0); (1038.0,805.0)","[[1036.0, 807.0], [1035.0, 810.0], [1035.0, 825.0], [1036.0, 826.0], [1041.0, 826.0], [1042.0, 827.0], [1078.0, 827.0], [1079.0, 826.0], [1079.0, 823.0], [1080.0, 822.0], [1080.0, 808.0], [1079.0, 806.0], [1075.0, 803.0], [1051.0, 803.0], [1050.0, 804.0], [1041.0, 804.0], [1038.0, 805.0]]"
Arty_Bottom,95,C9,capacitor,capacitor C29,Capacitor_SMD,Capacitor_SMD:C_0805_2012Metric,1045,831,1071,846,0.883,21,"(1047.0,830.0); (1047.0,840.0); (1049.0,843.0); (1050.0,843.0); (1051.0,844.0); (1053.0,844.0); (1054.0,845.0); (1064.0,845.0); (1065.0,844.0); (1069.0,844.0); (1070.0,843.0); (1072.0,843.0); (1074.0,841.0); (1074.0,840.0); (1075.0,839.0); (1075.0,835.0); (1074.0,834.0); (1074.0,833.0); (1072.0,831.0); (1069.0,831.0); (1068.0,830.0)","[[1047.0, 830.0], [1047.0, 840.0], [1049.0, 843.0], [1050.0, 843.0], [1051.0, 844.0], [1053.0, 844.0], [1054.0, 845.0], [1064.0, 845.0], [1065.0, 844.0], [1069.0, 844.0], [1070.0, 843.0], [1072.0, 843.0], [1074.0, 841.0], [1074.0, 840.0], [1075.0, 839.0], [1075.0, 835.0], [1074.0, 834.0], [1074.0, 833.0], [1072.0, 831.0], [1069.0, 831.0], [1068.0, 830.0]]"
Arty_Bottom,96,C10,capacitor,capacitor C28,Capacitor_SMD,Capacitor_SMD:C_0805_2012Metric,1045,854,1072,873,0.924,23,"(1077.0,858.0); (1075.0,855.0); (1074.0,855.0); (1073.0,854.0); (1069.0,854.0); (1068.0,853.0); (1064.0,853.0); (1063.0,854.0); (1050.0,854.0); (1049.0,855.0); (1048.0,855.0); (1046.0,858.0); (1046.0,865.0); (1049.0,869.0); (1051.0,869.0); (1052.0,870.0); (1068.0,870.0); (1069.0,869.0); (1071.0,869.0); (1072.0,868.0); (1075.0,867.0); (1075.0,866.0); (1077.0,863.0)","[[1077.0, 858.0], [1075.0, 855.0], [1074.0, 855.0], [1073.0, 854.0], [1069.0, 854.0], [1068.0, 853.0], [1064.0, 853.0], [1063.0, 854.0], [1050.0, 854.0], [1049.0, 855.0], [1048.0, 855.0], [1046.0, 858.0], [1046.0, 865.0], [1049.0, 869.0], [1051.0, 869.0], [1052.0, 870.0], [1068.0, 870.0], [1069.0, 869.0], [1071.0, 869.0], [1072.0, 868.0], [1075.0, 867.0], [1075.0, 866.0], [1077.0, 863.0]]"
Arty_Bottom,97,C11,capacitor,capacitor C135,Capacitor_SMD,Capacitor_SMD:C_0805_2012Metric,2372,515,2387,542,0.918,28,"(2378.0,513.0); (2377.0,514.0); (2375.0,514.0); (2375.0,515.0); (2373.0,518.0); (2373.0,533.0); (2372.0,534.0); (2373.0,535.0); (2373.0,538.0); (2374.0,539.0); (2374.0,540.0); (2375.0,541.0); (2377.0,541.0); (2378.0,542.0); (2380.0,542.0); (2381.0,541.0); (2383.0,541.0); (2386.0,539.0); (2386.0,536.0); (2387.0,535.0); (2387.0,533.0); (2386.0,532.0); (2386.0,520.0); (2385.0,519.0); (2385.0,516.0); (2382.0,514.0); (2380.0,514.0); (2379.0,513.0)","[[2378.0, 513.0], [2377.0, 514.0], [2375.0, 514.0], [2375.0, 515.0], [2373.0, 518.0], [2373.0, 533.0], [2372.0, 534.0], [2373.0, 535.0], [2373.0, 538.0], [2374.0, 539.0], [2374.0, 540.0], [2375.0, 541.0], [2377.0, 541.0], [2378.0, 542.0], [2380.0, 542.0], [2381.0, 541.0], [2383.0, 541.0], [2386.0, 539.0], [2386.0, 536.0], [2387.0, 535.0], [2387.0, 533.0], [2386.0, 532.0], [2386.0, 520.0], [2385.0, 519.0], [2385.0, 516.0], [2382.0, 514.0], [2380.0, 514.0], [2379.0, 513.0]]"
Arty_Bottom,98,C12,capacitor,capacitor C129,Capacitor_SMD,Capacitor_SMD:C_0805_2012Metric,2461,492,2476,519,0.877,20,"(2465.0,489.0); (2462.0,491.0); (2462.0,515.0); (2463.0,516.0); (2463.0,517.0); (2464.0,517.0); (2465.0,518.0); (2470.0,518.0); (2471.0,517.0); (2474.0,517.0); (2476.0,514.0); (2476.0,508.0); (2477.0,507.0); (2477.0,502.0); (2476.0,501.0); (2476.0,496.0); (2475.0,495.0); (2473.0,490.0); (2468.0,490.0); (2467.0,489.0)","[[2465.0, 489.0], [2462.0, 491.0], [2462.0, 515.0], [2463.0, 516.0], [2463.0, 517.0], [2464.0, 517.0], [2465.0, 518.0], [2470.0, 518.0], [2471.0, 517.0], [2474.0, 517.0], [2476.0, 514.0], [2476.0, 508.0], [2477.0, 507.0], [2477.0, 502.0], [2476.0, 501.0], [2476.0, 496.0], [2475.0, 495.0], [2473.0, 490.0], [2468.0, 490.0], [2467.0, 489.0]]"
Arty_Bottom,99,J2,connector,connector UNKNOWN,Connector,Connector_PinHeader_2.54mm:PinHeader_1x04_P2.54mm_Vert,2669,483,2756,697,0.913,9,"(2730.0,500.0); (2719.0,503.0); (2717.0,507.0); (2717.0,675.0); (2725.0,682.0); (2744.0,683.0); (2752.0,635.0); (2752.0,524.0); (2747.0,502.0)","[[2730.0, 500.0], [2719.0, 503.0], [2717.0, 507.0], [2717.0, 675.0], [2725.0, 682.0], [2744.0, 683.0], [2752.0, 635.0], [2752.0, 524.0], [2747.0, 502.0]]"
Arty_Bottom,100,R82,resistor,resistor R198,Resistor_SMD,Resistor_SMD:R_0805_2012Metric,2302,750,2343,771,0.888,21,"(2348.0,753.0); (2346.0,748.0); (2344.0,747.0); (2341.0,747.0); (2340.0,748.0); (2308.0,748.0); (2307.0,749.0); (2303.0,749.0); (2300.0,751.0); (2299.0,754.0); (2298.0,765.0); (2303.0,772.0); (2314.0,772.0); (2320.0,770.0); (2329.0,770.0); (2330.0,771.0); (2338.0,771.0); (2344.0,773.0); (2346.0,771.0); (2346.0,768.0); (2347.0,767.0)","[[2348.0, 753.0], [2346.0, 748.0], [2344.0, 747.0], [2341.0, 747.0], [2340.0, 748.0], [2308.0, 748.0], [2307.0, 749.0], [2303.0, 749.0], [2300.0, 751.0], [2299.0, 754.0], [2298.0, 765.0], [2303.0, 772.0], [2314.0, 772.0], [2320.0, 770.0], [2329.0, 770.0], [2330.0, 771.0], [2338.0, 771.0], [2344.0, 773.0], [2346.0, 771.0], [2346.0, 768.0], [2347.0, 767.0]]"
Arty_Bottom,101,R83,resistor,resistor R195,Resistor_SMD,Resistor_SMD:R_0805_2012Metric,2302,775,2343,796,0.826,23,"(2299.0,783.0); (2299.0,789.0); (2300.0,790.0); (2300.0,793.0); (2302.0,795.0); (2305.0,794.0); (2316.0,794.0); (2317.0,793.0); (2324.0,793.0); (2325.0,794.0); (2331.0,794.0); (2332.0,795.0); (2344.0,795.0); (2346.0,792.0); (2346.0,787.0); (2347.0,786.0); (2346.0,784.0); (2346.0,779.0); (2344.0,776.0); (2316.0,776.0); (2315.0,777.0); (2304.0,777.0); (2300.0,780.0)","[[2299.0, 783.0], [2299.0, 789.0], [2300.0, 790.0], [2300.0, 793.0], [2302.0, 795.0], [2305.0, 794.0], [2316.0, 794.0], [2317.0, 793.0], [2324.0, 793.0], [2325.0, 794.0], [2331.0, 794.0], [2332.0, 795.0], [2344.0, 795.0], [2346.0, 792.0], [2346.0, 787.0], [2347.0, 786.0], [2346.0, 784.0], [2346.0, 779.0], [2344.0, 776.0], [2316.0, 776.0], [2315.0, 777.0], [2304.0, 777.0], [2300.0, 780.0]]"
Arty_Bottom,102,R84,resistor,resistor R190,Resistor_SMD,Resistor_SMD:R_0805_2012Metric,2302,799,2343,820,0.857,19,"(2299.0,803.0); (2299.0,806.0); (2298.0,807.0); (2298.0,816.0); (2299.0,818.0); (2302.0,820.0); (2307.0,820.0); (2308.0,821.0); (2320.0,821.0); (2321.0,820.0); (2324.0,820.0); (2325.0,821.0); (2339.0,821.0); (2342.0,820.0); (2345.0,816.0); (2346.0,804.0); (2344.0,800.0); (2342.0,799.0); (2302.0,800.0)","[[2299.0, 803.0], [2299.0, 806.0], [2298.0, 807.0], [2298.0, 816.0], [2299.0, 818.0], [2302.0, 820.0], [2307.0, 820.0], [2308.0, 821.0], [2320.0, 821.0], [2321.0, 820.0], [2324.0, 820.0], [2325.0, 821.0], [2339.0, 821.0], [2342.0, 820.0], [2345.0, 816.0], [2346.0, 804.0], [2344.0, 800.0], [2342.0, 799.0], [2302.0, 800.0]]"
Arty_Bottom,103,R85,resistor,resistor R194,Resistor_SMD,Resistor_SMD:R_0805_2012Metric,2302,824,2343,845,0.832,24,"(2298.0,829.0); (2298.0,836.0); (2297.0,838.0); (2300.0,842.0); (2303.0,843.0); (2308.0,843.0); (2309.0,844.0); (2319.0,844.0); (2320.0,843.0); (2323.0,843.0); (2324.0,844.0); (2339.0,845.0); (2340.0,844.0); (2343.0,844.0); (2345.0,842.0); (2345.0,839.0); (2346.0,838.0); (2346.0,827.0); (2344.0,825.0); (2323.0,825.0); (2322.0,826.0); (2305.0,826.0); (2302.0,825.0); (2300.0,826.0)","[[2298.0, 829.0], [2298.0, 836.0], [2297.0, 838.0], [2300.0, 842.0], [2303.0, 843.0], [2308.0, 843.0], [2309.0, 844.0], [2319.0, 844.0], [2320.0, 843.0], [2323.0, 843.0], [2324.0, 844.0], [2339.0, 845.0], [2340.0, 844.0], [2343.0, 844.0], [2345.0, 842.0], [2345.0, 839.0], [2346.0, 838.0], [2346.0, 827.0], [2344.0, 825.0], [2323.0, 825.0], [2322.0, 826.0], [2305.0, 826.0], [2302.0, 825.0], [2300.0, 826.0]]"
Arty_Bottom,104,R86,resistor,resistor R189,Resistor_SMD,Resistor_SMD:R_0805_2012Metric,2301,850,2341,869,0.914,10,"(2298.0,857.0); (2297.0,871.0); (2300.0,873.0); (2344.0,873.0); (2346.0,871.0); (2345.0,854.0); (2343.0,850.0); (2321.0,850.0); (2314.0,852.0); (2301.0,851.0)","[[2298.0, 857.0], [2297.0, 871.0], [2300.0, 873.0], [2344.0, 873.0], [2346.0, 871.0], [2345.0, 854.0], [2343.0, 850.0], [2321.0, 850.0], [2314.0, 852.0], [2301.0, 851.0]]"
Arty_Bottom,105,R87,resistor,resistor R191,Resistor_SMD,Resistor_SMD:R_0805_2012Metric,2451,776,2492,796,0.867,23,"(2450.0,775.0); (2450.0,777.0); (2449.0,778.0); (2449.0,787.0); (2450.0,788.0); (2450.0,791.0); (2453.0,795.0); (2489.0,795.0); (2491.0,794.0); (2492.0,792.0); (2492.0,790.0); (2493.0,789.0); (2493.0,779.0); (2491.0,775.0); (2489.0,775.0); (2488.0,774.0); (2478.0,774.0); (2477.0,775.0); (2473.0,775.0); (2472.0,774.0); (2461.0,774.0); (2460.0,773.0); (2453.0,773.0)","[[2450.0, 775.0], [2450.0, 777.0], [2449.0, 778.0], [2449.0, 787.0], [2450.0, 788.0], [2450.0, 791.0], [2453.0, 795.0], [2489.0, 795.0], [2491.0, 794.0], [2492.0, 792.0], [2492.0, 790.0], [2493.0, 789.0], [2493.0, 779.0], [2491.0, 775.0], [2489.0, 775.0], [2488.0, 774.0], [2478.0, 774.0], [2477.0, 775.0], [2473.0, 775.0], [2472.0, 774.0], [2461.0, 774.0], [2460.0, 773.0], [2453.0, 773.0]]"
Arty_Bottom,106,R88,resistor,resistor R192,Resistor_SMD,Resistor_SMD:R_0805_2012Metric,2451,801,2492,821,0.882,13,"(2449.0,808.0); (2449.0,818.0); (2451.0,820.0); (2453.0,820.0); (2454.0,821.0); (2489.0,821.0); (2493.0,818.0); (2493.0,807.0); (2490.0,804.0); (2488.0,804.0); (2487.0,803.0); (2454.0,803.0); (2452.0,804.0)","[[2449.0, 808.0], [2449.0, 818.0], [2451.0, 820.0], [2453.0, 820.0], [2454.0, 821.0], [2489.0, 821.0], [2493.0, 818.0], [2493.0, 807.0], [2490.0, 804.0], [2488.0, 804.0], [2487.0, 803.0], [2454.0, 803.0], [2452.0, 804.0]]"
Arty_Bottom,107,R89,resistor,resistor R196,Resistor_SMD,Resistor_SMD:R_0805_2012Metric,2450,825,2491,845,0.863,22,"(2449.0,830.0); (2450.0,831.0); (2450.0,839.0); (2451.0,840.0); (2451.0,842.0); (2453.0,844.0); (2455.0,844.0); (2456.0,845.0); (2469.0,845.0); (2470.0,844.0); (2481.0,844.0); (2482.0,845.0); (2486.0,845.0); (2491.0,843.0); (2494.0,839.0); (2494.0,830.0); (2490.0,828.0); (2484.0,828.0); (2483.0,827.0); (2468.0,827.0); (2467.0,828.0); (2452.0,827.0)","[[2449.0, 830.0], [2450.0, 831.0], [2450.0, 839.0], [2451.0, 840.0], [2451.0, 842.0], [2453.0, 844.0], [2455.0, 844.0], [2456.0, 845.0], [2469.0, 845.0], [2470.0, 844.0], [2481.0, 844.0], [2482.0, 845.0], [2486.0, 845.0], [2491.0, 843.0], [2494.0, 839.0], [2494.0, 830.0], [2490.0, 828.0], [2484.0, 828.0], [2483.0, 827.0], [2468.0, 827.0], [2467.0, 828.0], [2452.0, 827.0]]"
Arty_Bottom,108,R90,resistor,resistor R193,Resistor_SMD,Resistor_SMD:R_0805_2012Metric,2450,851,2491,871,0.936,18,"(2451.0,854.0); (2450.0,863.0); (2448.0,868.0); (2448.0,871.0); (2450.0,873.0); (2461.0,873.0); (2462.0,874.0); (2487.0,874.0); (2488.0,873.0); (2492.0,873.0); (2494.0,871.0); (2493.0,855.0); (2490.0,851.0); (2467.0,851.0); (2466.0,852.0); (2456.0,852.0); (2455.0,851.0); (2452.0,852.0)","[[2451.0, 854.0], [2450.0, 863.0], [2448.0, 868.0], [2448.0, 871.0], [2450.0, 873.0], [2461.0, 873.0], [2462.0, 874.0], [2487.0, 874.0], [2488.0, 873.0], [2492.0, 873.0], [2494.0, 871.0], [2493.0, 855.0], [2490.0, 851.0], [2467.0, 851.0], [2466.0, 852.0], [2456.0, 852.0], [2455.0, 851.0], [2452.0, 852.0]]"
Arty_Bottom,109,C13,capacitor,capacitor C136,Capacitor_SMD,Capacitor_SMD:C_0805_2012Metric,2278,574,2306,588,0.912,18,"(2277.0,578.0); (2277.0,583.0); (2278.0,584.0); (2278.0,586.0); (2279.0,587.0); (2279.0,588.0); (2280.0,588.0); (2281.0,589.0); (2302.0,589.0); (2305.0,585.0); (2305.0,577.0); (2303.0,575.0); (2303.0,574.0); (2302.0,574.0); (2301.0,573.0); (2284.0,573.0); (2283.0,574.0); (2280.0,574.0)","[[2277.0, 578.0], [2277.0, 583.0], [2278.0, 584.0], [2278.0, 586.0], [2279.0, 587.0], [2279.0, 588.0], [2280.0, 588.0], [2281.0, 589.0], [2302.0, 589.0], [2305.0, 585.0], [2305.0, 577.0], [2303.0, 575.0], [2303.0, 574.0], [2302.0, 574.0], [2301.0, 573.0], [2284.0, 573.0], [2283.0, 574.0], [2280.0, 574.0]]"
Arty_Bottom,110,C14,capacitor,capacitor C128,Capacitor_SMD,Capacitor_SMD:C_0805_2012Metric,2278,636,2306,650,0.907,20,"(2276.0,642.0); (2276.0,645.0); (2277.0,646.0); (2278.0,649.0); (2279.0,649.0); (2280.0,650.0); (2285.0,650.0); (2286.0,651.0); (2296.0,651.0); (2297.0,650.0); (2301.0,650.0); (2304.0,647.0); (2304.0,644.0); (2305.0,643.0); (2304.0,642.0); (2304.0,639.0); (2302.0,636.0); (2280.0,636.0); (2277.0,639.0); (2277.0,641.0)","[[2276.0, 642.0], [2276.0, 645.0], [2277.0, 646.0], [2278.0, 649.0], [2279.0, 649.0], [2280.0, 650.0], [2285.0, 650.0], [2286.0, 651.0], [2296.0, 651.0], [2297.0, 650.0], [2301.0, 650.0], [2304.0, 647.0], [2304.0, 644.0], [2305.0, 643.0], [2304.0, 642.0], [2304.0, 639.0], [2302.0, 636.0], [2280.0, 636.0], [2277.0, 639.0], [2277.0, 641.0]]"
Arty_Bottom,111,C15,capacitor,capacitor C127,Capacitor_SMD,Capacitor_SMD:C_0805_2012Metric,2441,638,2469,652,0.878,17,"(2444.0,643.0); (2444.0,648.0); (2445.0,649.0); (2445.0,650.0); (2448.0,652.0); (2457.0,652.0); (2458.0,653.0); (2469.0,653.0); (2472.0,651.0); (2472.0,642.0); (2471.0,641.0); (2471.0,640.0); (2470.0,640.0); (2469.0,639.0); (2450.0,639.0); (2449.0,640.0); (2447.0,640.0)","[[2444.0, 643.0], [2444.0, 648.0], [2445.0, 649.0], [2445.0, 650.0], [2448.0, 652.0], [2457.0, 652.0], [2458.0, 653.0], [2469.0, 653.0], [2472.0, 651.0], [2472.0, 642.0], [2471.0, 641.0], [2471.0, 640.0], [2470.0, 640.0], [2469.0, 639.0], [2450.0, 639.0], [2449.0, 640.0], [2447.0, 640.0]]"
Arty_Bottom,112,C16,capacitor,capacitor C133,Capacitor_SMD,Capacitor_SMD:C_0805_2012Metric,2274,680,2291,707,0.898,21,"(2278.0,681.0); (2275.0,686.0); (2275.0,693.0); (2274.0,694.0); (2274.0,704.0); (2275.0,705.0); (2275.0,707.0); (2276.0,708.0); (2277.0,708.0); (2278.0,709.0); (2284.0,709.0); (2285.0,708.0); (2287.0,708.0); (2288.0,707.0); (2288.0,705.0); (2289.0,704.0); (2289.0,684.0); (2288.0,683.0); (2288.0,682.0); (2287.0,682.0); (2286.0,681.0)","[[2278.0, 681.0], [2275.0, 686.0], [2275.0, 693.0], [2274.0, 694.0], [2274.0, 704.0], [2275.0, 705.0], [2275.0, 707.0], [2276.0, 708.0], [2277.0, 708.0], [2278.0, 709.0], [2284.0, 709.0], [2285.0, 708.0], [2287.0, 708.0], [2288.0, 707.0], [2288.0, 705.0], [2289.0, 704.0], [2289.0, 684.0], [2288.0, 683.0], [2288.0, 682.0], [2287.0, 682.0], [2286.0, 681.0]]"
Arty_Bottom,113,C17,capacitor,capacitor C134,Capacitor_SMD,Capacitor_SMD:C_0805_2012Metric,2410,681,2427,708,0.914,22,"(2416.0,681.0); (2412.0,684.0); (2412.0,688.0); (2411.0,689.0); (2411.0,708.0); (2414.0,710.0); (2417.0,710.0); (2418.0,711.0); (2421.0,711.0); (2422.0,710.0); (2423.0,710.0); (2426.0,706.0); (2426.0,702.0); (2427.0,701.0); (2427.0,692.0); (2428.0,691.0); (2428.0,688.0); (2427.0,687.0); (2427.0,685.0); (2425.0,682.0); (2424.0,682.0); (2423.0,681.0)","[[2416.0, 681.0], [2412.0, 684.0], [2412.0, 688.0], [2411.0, 689.0], [2411.0, 708.0], [2414.0, 710.0], [2417.0, 710.0], [2418.0, 711.0], [2421.0, 711.0], [2422.0, 710.0], [2423.0, 710.0], [2426.0, 706.0], [2426.0, 702.0], [2427.0, 701.0], [2427.0, 692.0], [2428.0, 691.0], [2428.0, 688.0], [2427.0, 687.0], [2427.0, 685.0], [2425.0, 682.0], [2424.0, 682.0], [2423.0, 681.0]]"
Arty_Bottom,114,R91,resistor,resistor R205,Resistor_SMD,Resistor_SMD:R_0805_2012Metric,2626,751,2667,774,0.95,11,"(2618.0,753.0); (2618.0,769.0); (2619.0,773.0); (2623.0,776.0); (2661.0,778.0); (2669.0,776.0); (2671.0,772.0); (2671.0,751.0); (2668.0,748.0); (2627.0,748.0); (2621.0,750.0)","[[2618.0, 753.0], [2618.0, 769.0], [2619.0, 773.0], [2623.0, 776.0], [2661.0, 778.0], [2669.0, 776.0], [2671.0, 772.0], [2671.0, 751.0], [2668.0, 748.0], [2627.0, 748.0], [2621.0, 750.0]]"
Arty_Bottom,115,R92,resistor,resistor R206,Resistor_SMD,Resistor_SMD:R_0805_2012Metric,2624,825,2665,848,0.944,12,"(2618.0,827.0); (2618.0,846.0); (2619.0,849.0); (2625.0,852.0); (2663.0,852.0); (2669.0,850.0); (2670.0,847.0); (2670.0,826.0); (2666.0,822.0); (2662.0,821.0); (2625.0,821.0); (2621.0,823.0)","[[2618.0, 827.0], [2618.0, 846.0], [2619.0, 849.0], [2625.0, 852.0], [2663.0, 852.0], [2669.0, 850.0], [2670.0, 847.0], [2670.0, 826.0], [2666.0, 822.0], [2662.0, 821.0], [2625.0, 821.0], [2621.0, 823.0]]"
Arty_Bottom,116,U3,ic,ic IC5,Package_SO,Package_SO:SOIC-8_3.9x4.9mm_P1.27mm,2355,760,2441,860,0.96,14,"(2428.0,767.0); (2422.0,764.0); (2411.0,768.0); (2396.0,765.0); (2368.0,767.0); (2364.0,770.0); (2362.0,849.0); (2388.0,855.0); (2405.0,855.0); (2425.0,852.0); (2432.0,847.0); (2434.0,838.0); (2432.0,816.0); (2433.0,781.0)","[[2428.0, 767.0], [2422.0, 764.0], [2411.0, 768.0], [2396.0, 765.0], [2368.0, 767.0], [2364.0, 770.0], [2362.0, 849.0], [2388.0, 855.0], [2405.0, 855.0], [2425.0, 852.0], [2432.0, 847.0], [2434.0, 838.0], [2432.0, 816.0], [2433.0, 781.0]]"
Arty_Bottom,117,R93,resistor,resistor R197,Resistor_SMD,Resistor_SMD:R_0805_2012Metric,2446,665,2465,709,0.94,14,"(2444.0,661.0); (2441.0,664.0); (2441.0,708.0); (2445.0,711.0); (2465.0,712.0); (2469.0,710.0); (2470.0,708.0); (2470.0,691.0); (2471.0,690.0); (2471.0,686.0); (2470.0,685.0); (2470.0,665.0); (2467.0,662.0); (2464.0,661.0)","[[2444.0, 661.0], [2441.0, 664.0], [2441.0, 708.0], [2445.0, 711.0], [2465.0, 712.0], [2469.0, 710.0], [2470.0, 708.0], [2470.0, 691.0], [2471.0, 690.0], [2471.0, 686.0], [2470.0, 685.0], [2470.0, 665.0], [2467.0, 662.0], [2464.0, 661.0]]"
Arty_Bottom,118,C18,capacitor,capacitor C137,Capacitor_SMD,Capacitor_SMD:C_0805_2012Metric,199,862,227,879,0.925,15,"(190.0,870.0); (190.0,874.0); (192.0,877.0); (196.0,877.0); (197.0,878.0); (222.0,878.0); (225.0,875.0); (225.0,873.0); (226.0,872.0); (225.0,865.0); (223.0,862.0); (204.0,862.0); (203.0,863.0); (198.0,863.0); (194.0,865.0)","[[190.0, 870.0], [190.0, 874.0], [192.0, 877.0], [196.0, 877.0], [197.0, 878.0], [222.0, 878.0], [225.0, 875.0], [225.0, 873.0], [226.0, 872.0], [225.0, 865.0], [223.0, 862.0], [204.0, 862.0], [203.0, 863.0], [198.0, 863.0], [194.0, 865.0]]"
Arty_Bottom,119,C19,capacitor,capacitor C123,Capacitor_SMD,Capacitor_SMD:C_0805_2012Metric,323,914,345,975,0.944,16,"(331.0,914.0); (327.0,915.0); (325.0,917.0); (323.0,922.0); (323.0,931.0); (322.0,932.0); (322.0,962.0); (324.0,969.0); (329.0,972.0); (340.0,970.0); (343.0,968.0); (347.0,960.0); (347.0,924.0); (346.0,921.0); (341.0,916.0); (332.0,915.0)","[[331.0, 914.0], [327.0, 915.0], [325.0, 917.0], [323.0, 922.0], [323.0, 931.0], [322.0, 932.0], [322.0, 962.0], [324.0, 969.0], [329.0, 972.0], [340.0, 970.0], [343.0, 968.0], [347.0, 960.0], [347.0, 924.0], [346.0, 921.0], [341.0, 916.0], [332.0, 915.0]]"
Arty_Bottom,120,C20,capacitor,capacitor C112,Capacitor_SMD,Capacitor_SMD:C_0805_2012Metric,363,931,376,956,0.915,15,"(363.0,927.0); (363.0,930.0); (362.0,931.0); (362.0,952.0); (363.0,953.0); (363.0,955.0); (364.0,956.0); (372.0,956.0); (373.0,955.0); (374.0,955.0); (376.0,952.0); (376.0,931.0); (375.0,930.0); (375.0,928.0); (374.0,927.0)","[[363.0, 927.0], [363.0, 930.0], [362.0, 931.0], [362.0, 952.0], [363.0, 953.0], [363.0, 955.0], [364.0, 956.0], [372.0, 956.0], [373.0, 955.0], [374.0, 955.0], [376.0, 952.0], [376.0, 931.0], [375.0, 930.0], [375.0, 928.0], [374.0, 927.0]]"
Arty_Bottom,121,C21,capacitor,capacitor C111,Capacitor_SMD,Capacitor_SMD:C_0805_2012Metric,387,931,400,956,0.916,15,"(388.0,926.0); (387.0,927.0); (386.0,927.0); (386.0,951.0); (387.0,952.0); (387.0,953.0); (390.0,955.0); (397.0,955.0); (400.0,953.0); (400.0,951.0); (401.0,950.0); (401.0,933.0); (400.0,932.0); (400.0,928.0); (397.0,926.0)","[[388.0, 926.0], [387.0, 927.0], [386.0, 927.0], [386.0, 951.0], [387.0, 952.0], [387.0, 953.0], [390.0, 955.0], [397.0, 955.0], [400.0, 953.0], [400.0, 951.0], [401.0, 950.0], [401.0, 933.0], [400.0, 932.0], [400.0, 928.0], [397.0, 926.0]]"
Arty_Bottom,122,C22,capacitor,capacitor C110,Capacitor_SMD,Capacitor_SMD:C_0805_2012Metric,411,932,424,957,0.917,22,"(416.0,926.0); (415.0,927.0); (414.0,927.0); (412.0,930.0); (412.0,934.0); (411.0,935.0); (411.0,950.0); (412.0,951.0); (412.0,953.0); (415.0,956.0); (420.0,956.0); (421.0,955.0); (422.0,955.0); (424.0,953.0); (424.0,950.0); (425.0,949.0); (425.0,931.0); (424.0,930.0); (424.0,928.0); (423.0,927.0); (421.0,927.0); (420.0,926.0)","[[416.0, 926.0], [415.0, 927.0], [414.0, 927.0], [412.0, 930.0], [412.0, 934.0], [411.0, 935.0], [411.0, 950.0], [412.0, 951.0], [412.0, 953.0], [415.0, 956.0], [420.0, 956.0], [421.0, 955.0], [422.0, 955.0], [424.0, 953.0], [424.0, 950.0], [425.0, 949.0], [425.0, 931.0], [424.0, 930.0], [424.0, 928.0], [423.0, 927.0], [421.0, 927.0], [420.0, 926.0]]"
Arty_Bottom,123,C23,capacitor,capacitor C109,Capacitor_SMD,Capacitor_SMD:C_0805_2012Metric,436,932,449,957,0.889,16,"(440.0,926.0); (439.0,927.0); (438.0,927.0); (438.0,929.0); (437.0,930.0); (437.0,953.0); (439.0,956.0); (447.0,956.0); (450.0,953.0); (450.0,940.0); (449.0,939.0); (449.0,929.0); (448.0,928.0); (448.0,927.0); (446.0,927.0); (445.0,926.0)","[[440.0, 926.0], [439.0, 927.0], [438.0, 927.0], [438.0, 929.0], [437.0, 930.0], [437.0, 953.0], [439.0, 956.0], [447.0, 956.0], [450.0, 953.0], [450.0, 940.0], [449.0, 939.0], [449.0, 929.0], [448.0, 928.0], [448.0, 927.0], [446.0, 927.0], [445.0, 926.0]]"
Arty_Bottom,124,C24,capacitor,capacitor C108,Capacitor_SMD,Capacitor_SMD:C_0805_2012Metric,461,932,474,957,0.921,12,"(462.0,926.0); (461.0,927.0); (461.0,954.0); (465.0,957.0); (473.0,957.0); (475.0,954.0); (475.0,940.0); (474.0,939.0); (474.0,932.0); (473.0,931.0); (473.0,928.0); (470.0,926.0)","[[462.0, 926.0], [461.0, 927.0], [461.0, 954.0], [465.0, 957.0], [473.0, 957.0], [475.0, 954.0], [475.0, 940.0], [474.0, 939.0], [474.0, 932.0], [473.0, 931.0], [473.0, 928.0], [470.0, 926.0]]"
Arty_Bottom,125,C25,capacitor,capacitor C107,Capacitor_SMD,Capacitor_SMD:C_0805_2012Metric,486,933,499,959,0.917,20,"(488.0,927.0); (486.0,930.0); (486.0,935.0); (485.0,936.0); (485.0,954.0); (487.0,957.0); (490.0,957.0); (491.0,958.0); (492.0,958.0); (493.0,957.0); (497.0,957.0); (499.0,955.0); (499.0,951.0); (500.0,950.0); (500.0,944.0); (499.0,943.0); (499.0,934.0); (498.0,933.0); (498.0,930.0); (496.0,927.0)","[[488.0, 927.0], [486.0, 930.0], [486.0, 935.0], [485.0, 936.0], [485.0, 954.0], [487.0, 957.0], [490.0, 957.0], [491.0, 958.0], [492.0, 958.0], [493.0, 957.0], [497.0, 957.0], [499.0, 955.0], [499.0, 951.0], [500.0, 950.0], [500.0, 944.0], [499.0, 943.0], [499.0, 934.0], [498.0, 933.0], [498.0, 930.0], [496.0, 927.0]]"
Arty_Bottom,126,C26,capacitor,capacitor C106,Capacitor_SMD,Capacitor_SMD:C_0805_2012Metric,511,932,523,959,0.933,21,"(517.0,926.0); (514.0,926.0); (511.0,928.0); (511.0,929.0); (510.0,930.0); (510.0,940.0); (509.0,941.0); (509.0,952.0); (510.0,953.0); (510.0,956.0); (511.0,957.0); (514.0,957.0); (515.0,958.0); (516.0,957.0); (520.0,957.0); (523.0,954.0); (523.0,933.0); (522.0,932.0); (522.0,929.0); (520.0,927.0); (518.0,927.0)","[[517.0, 926.0], [514.0, 926.0], [511.0, 928.0], [511.0, 929.0], [510.0, 930.0], [510.0, 940.0], [509.0, 941.0], [509.0, 952.0], [510.0, 953.0], [510.0, 956.0], [511.0, 957.0], [514.0, 957.0], [515.0, 958.0], [516.0, 957.0], [520.0, 957.0], [523.0, 954.0], [523.0, 933.0], [522.0, 932.0], [522.0, 929.0], [520.0, 927.0], [518.0, 927.0]]"
Arty_Bottom,127,C27,capacitor,capacitor C105,Capacitor_SMD,Capacitor_SMD:C_0805_2012Metric,535,932,549,958,0.904,17,"(537.0,926.0); (536.0,927.0); (535.0,927.0); (535.0,931.0); (534.0,932.0); (534.0,950.0); (535.0,951.0); (535.0,954.0); (537.0,957.0); (546.0,957.0); (548.0,954.0); (548.0,933.0); (547.0,932.0); (547.0,930.0); (545.0,927.0); (540.0,927.0); (539.0,926.0)","[[537.0, 926.0], [536.0, 927.0], [535.0, 927.0], [535.0, 931.0], [534.0, 932.0], [534.0, 950.0], [535.0, 951.0], [535.0, 954.0], [537.0, 957.0], [546.0, 957.0], [548.0, 954.0], [548.0, 933.0], [547.0, 932.0], [547.0, 930.0], [545.0, 927.0], [540.0, 927.0], [539.0, 926.0]]"
Arty_Bottom,128,R94,resistor,resistor R265,Resistor_SMD,Resistor_SMD:R_0805_2012Metric,141,981,180,1004,0.941,17,"(184.0,981.0); (180.0,978.0); (170.0,979.0); (169.0,980.0); (155.0,980.0); (154.0,979.0); (138.0,980.0); (136.0,981.0); (135.0,1003.0); (138.0,1006.0); (143.0,1006.0); (144.0,1007.0); (150.0,1007.0); (151.0,1006.0); (178.0,1007.0); (181.0,1006.0); (184.0,1003.0)","[[184.0, 981.0], [180.0, 978.0], [170.0, 979.0], [169.0, 980.0], [155.0, 980.0], [154.0, 979.0], [138.0, 980.0], [136.0, 981.0], [135.0, 1003.0], [138.0, 1006.0], [143.0, 1006.0], [144.0, 1007.0], [150.0, 1007.0], [151.0, 1006.0], [178.0, 1007.0], [181.0, 1006.0], [184.0, 1003.0]]"
Arty_Bottom,129,R95,resistor,resistor R263,Resistor_SMD,Resistor_SMD:R_0805_2012Metric,200,982,239,1002,0.944,12,"(195.0,982.0); (195.0,996.0); (194.0,997.0); (194.0,1001.0); (197.0,1005.0); (200.0,1006.0); (237.0,1007.0); (241.0,1006.0); (244.0,1002.0); (243.0,981.0); (241.0,979.0); (198.0,979.0)","[[195.0, 982.0], [195.0, 996.0], [194.0, 997.0], [194.0, 1001.0], [197.0, 1005.0], [200.0, 1006.0], [237.0, 1007.0], [241.0, 1006.0], [244.0, 1002.0], [243.0, 981.0], [241.0, 979.0], [198.0, 979.0]]"
Arty_Bottom,130,R96,resistor,resistor R188,Resistor_SMD,Resistor_SMD:R_0805_2012Metric,389,980,426,1000,0.937,17,"(384.0,979.0); (384.0,986.0); (385.0,987.0); (384.0,1003.0); (385.0,1005.0); (403.0,1005.0); (404.0,1004.0); (405.0,1005.0); (427.0,1005.0); (429.0,1004.0); (431.0,998.0); (431.0,981.0); (429.0,978.0); (427.0,977.0); (419.0,977.0); (418.0,978.0); (386.0,977.0)","[[384.0, 979.0], [384.0, 986.0], [385.0, 987.0], [384.0, 1003.0], [385.0, 1005.0], [403.0, 1005.0], [404.0, 1004.0], [405.0, 1005.0], [427.0, 1005.0], [429.0, 1004.0], [431.0, 998.0], [431.0, 981.0], [429.0, 978.0], [427.0, 977.0], [419.0, 977.0], [418.0, 978.0], [386.0, 977.0]]"
Arty_Bottom,131,C28,capacitor,capacitor C31,Capacitor_SMD,Capacitor_SMD:C_0805_2012Metric,676,979,699,1040,0.94,16,"(678.0,980.0); (677.0,981.0); (677.0,1004.0); (676.0,1005.0); (676.0,1028.0); (677.0,1029.0); (677.0,1034.0); (682.0,1036.0); (696.0,1035.0); (698.0,1032.0); (698.0,1028.0); (699.0,1027.0); (699.0,987.0); (698.0,983.0); (696.0,981.0); (692.0,980.0)","[[678.0, 980.0], [677.0, 981.0], [677.0, 1004.0], [676.0, 1005.0], [676.0, 1028.0], [677.0, 1029.0], [677.0, 1034.0], [682.0, 1036.0], [696.0, 1035.0], [698.0, 1032.0], [698.0, 1028.0], [699.0, 1027.0], [699.0, 987.0], [698.0, 983.0], [696.0, 981.0], [692.0, 980.0]]"
Arty_Bottom,132,C29,capacitor,capacitor C34,Capacitor_SMD,Capacitor_SMD:C_0805_2012Metric,710,988,731,1025,0.917,11,"(708.0,982.0); (706.0,986.0); (706.0,1026.0); (707.0,1029.0); (711.0,1032.0); (729.0,1031.0); (730.0,1029.0); (730.0,1003.0); (733.0,992.0); (732.0,986.0); (729.0,983.0)","[[708.0, 982.0], [706.0, 986.0], [706.0, 1026.0], [707.0, 1029.0], [711.0, 1032.0], [729.0, 1031.0], [730.0, 1029.0], [730.0, 1003.0], [733.0, 992.0], [732.0, 986.0], [729.0, 983.0]]"
Arty_Bottom,133,C30,capacitor,capacitor C33,Capacitor_SMD,Capacitor_SMD:C_0805_2012Metric,740,988,759,1028,0.917,16,"(743.0,983.0); (740.0,985.0); (738.0,990.0); (738.0,998.0); (739.0,999.0); (739.0,1003.0); (738.0,1004.0); (738.0,1027.0); (739.0,1029.0); (742.0,1031.0); (759.0,1031.0); (762.0,1027.0); (762.0,994.0); (763.0,993.0); (762.0,985.0); (757.0,983.0)","[[743.0, 983.0], [740.0, 985.0], [738.0, 990.0], [738.0, 998.0], [739.0, 999.0], [739.0, 1003.0], [738.0, 1004.0], [738.0, 1027.0], [739.0, 1029.0], [742.0, 1031.0], [759.0, 1031.0], [762.0, 1027.0], [762.0, 994.0], [763.0, 993.0], [762.0, 985.0], [757.0, 983.0]]"
Arty_Bottom,134,C31,capacitor,capacitor C39,Capacitor_SMD,Capacitor_SMD:C_0805_2012Metric,767,993,784,1022,0.928,24,"(776.0,994.0); (772.0,994.0); (771.0,995.0); (770.0,995.0); (767.0,1000.0); (767.0,1019.0); (766.0,1020.0); (766.0,1023.0); (768.0,1025.0); (772.0,1025.0); (773.0,1026.0); (774.0,1026.0); (775.0,1025.0); (779.0,1025.0); (780.0,1024.0); (781.0,1024.0); (782.0,1023.0); (782.0,1019.0); (783.0,1018.0); (783.0,1000.0); (782.0,999.0); (782.0,998.0); (779.0,995.0); (777.0,995.0)","[[776.0, 994.0], [772.0, 994.0], [771.0, 995.0], [770.0, 995.0], [767.0, 1000.0], [767.0, 1019.0], [766.0, 1020.0], [766.0, 1023.0], [768.0, 1025.0], [772.0, 1025.0], [773.0, 1026.0], [774.0, 1026.0], [775.0, 1025.0], [779.0, 1025.0], [780.0, 1024.0], [781.0, 1024.0], [782.0, 1023.0], [782.0, 1019.0], [783.0, 1018.0], [783.0, 1000.0], [782.0, 999.0], [782.0, 998.0], [779.0, 995.0], [777.0, 995.0]]"
Arty_Bottom,135,C32,capacitor,capacitor C38,Capacitor_SMD,Capacitor_SMD:C_0805_2012Metric,791,993,808,1022,0.901,12,"(795.0,995.0); (792.0,998.0); (792.0,1000.0); (791.0,1001.0); (791.0,1022.0); (794.0,1025.0); (803.0,1025.0); (806.0,1023.0); (806.0,1012.0); (807.0,1011.0); (807.0,998.0); (804.0,995.0)","[[795.0, 995.0], [792.0, 998.0], [792.0, 1000.0], [791.0, 1001.0], [791.0, 1022.0], [794.0, 1025.0], [803.0, 1025.0], [806.0, 1023.0], [806.0, 1012.0], [807.0, 1011.0], [807.0, 998.0], [804.0, 995.0]]"
Arty_Bottom,136,C33,capacitor,capacitor C37,Capacitor_SMD,Capacitor_SMD:C_0805_2012Metric,816,993,833,1022,0.915,17,"(827.0,995.0); (824.0,995.0); (823.0,996.0); (819.0,996.0); (816.0,1000.0); (816.0,1023.0); (818.0,1025.0); (827.0,1025.0); (828.0,1024.0); (829.0,1024.0); (829.0,1023.0); (830.0,1022.0); (830.0,1019.0); (831.0,1018.0); (831.0,999.0); (830.0,998.0); (830.0,997.0)","[[827.0, 995.0], [824.0, 995.0], [823.0, 996.0], [819.0, 996.0], [816.0, 1000.0], [816.0, 1023.0], [818.0, 1025.0], [827.0, 1025.0], [828.0, 1024.0], [829.0, 1024.0], [829.0, 1023.0], [830.0, 1022.0], [830.0, 1019.0], [831.0, 1018.0], [831.0, 999.0], [830.0, 998.0], [830.0, 997.0]]"
Arty_Bottom,137,R97,resistor,resistor R155,Resistor_SMD,Resistor_SMD:R_0805_2012Metric,667,913,704,949,0.839,13,"(675.0,909.0); (660.0,924.0); (665.0,929.0); (669.0,936.0); (689.0,956.0); (699.0,951.0); (703.0,945.0); (711.0,937.0); (711.0,928.0); (708.0,925.0); (701.0,922.0); (694.0,915.0); (679.0,909.0)","[[675.0, 909.0], [660.0, 924.0], [665.0, 929.0], [669.0, 936.0], [689.0, 956.0], [699.0, 951.0], [703.0, 945.0], [711.0, 937.0], [711.0, 928.0], [708.0, 925.0], [701.0, 922.0], [694.0, 915.0], [679.0, 909.0]]"
Arty_Bottom,138,R98,resistor,resistor R158,Resistor_SMD,Resistor_SMD:R_0805_2012Metric,683,895,720,931,0.83,17,"(696.0,891.0); (689.0,894.0); (684.0,900.0); (680.0,903.0); (679.0,906.0); (685.0,919.0); (689.0,923.0); (700.0,926.0); (708.0,935.0); (710.0,935.0); (713.0,931.0); (719.0,928.0); (723.0,924.0); (723.0,916.0); (718.0,909.0); (705.0,896.0); (700.0,892.0)","[[696.0, 891.0], [689.0, 894.0], [684.0, 900.0], [680.0, 903.0], [679.0, 906.0], [685.0, 919.0], [689.0, 923.0], [700.0, 926.0], [708.0, 935.0], [710.0, 935.0], [713.0, 931.0], [719.0, 928.0], [723.0, 924.0], [723.0, 916.0], [718.0, 909.0], [705.0, 896.0], [700.0, 892.0]]"
Arty_Bottom,139,C34,capacitor,capacitor C67,Capacitor_SMD,Capacitor_SMD:C_0805_2012Metric,799,912,839,952,0.861,14,"(830.0,908.0); (827.0,907.0); (818.0,910.0); (794.0,935.0); (793.0,938.0); (797.0,945.0); (808.0,955.0); (816.0,955.0); (818.0,954.0); (823.0,947.0); (830.0,940.0); (838.0,935.0); (844.0,928.0); (844.0,924.0)","[[830.0, 908.0], [827.0, 907.0], [818.0, 910.0], [794.0, 935.0], [793.0, 938.0], [797.0, 945.0], [808.0, 955.0], [816.0, 955.0], [818.0, 954.0], [823.0, 947.0], [830.0, 940.0], [838.0, 935.0], [844.0, 928.0], [844.0, 924.0]]"
Arty_Bottom,140,C35,capacitor,capacitor C74,Capacitor_SMD,Capacitor_SMD:C_0805_2012Metric,820,935,860,975,0.893,16,"(850.0,930.0); (845.0,930.0); (839.0,932.0); (833.0,938.0); (831.0,942.0); (820.0,951.0); (817.0,957.0); (819.0,969.0); (828.0,979.0); (838.0,979.0); (849.0,968.0); (851.0,964.0); (862.0,955.0); (866.0,949.0); (866.0,945.0); (864.0,942.0)","[[850.0, 930.0], [845.0, 930.0], [839.0, 932.0], [833.0, 938.0], [831.0, 942.0], [820.0, 951.0], [817.0, 957.0], [819.0, 969.0], [828.0, 979.0], [838.0, 979.0], [849.0, 968.0], [851.0, 964.0], [862.0, 955.0], [866.0, 949.0], [866.0, 945.0], [864.0, 942.0]]"
Arty_Bottom,141,C36,capacitor,capacitor C65,Capacitor_SMD,Capacitor_SMD:C_0805_2012Metric,762,878,825,937,0.858,17,"(819.0,892.0); (807.0,882.0); (803.0,883.0); (792.0,893.0); (787.0,896.0); (780.0,903.0); (778.0,907.0); (772.0,912.0); (768.0,924.0); (771.0,927.0); (784.0,933.0); (787.0,933.0); (791.0,931.0); (809.0,914.0); (810.0,911.0); (814.0,907.0); (821.0,903.0)","[[819.0, 892.0], [807.0, 882.0], [803.0, 883.0], [792.0, 893.0], [787.0, 896.0], [780.0, 903.0], [778.0, 907.0], [772.0, 912.0], [768.0, 924.0], [771.0, 927.0], [784.0, 933.0], [787.0, 933.0], [791.0, 931.0], [809.0, 914.0], [810.0, 911.0], [814.0, 907.0], [821.0, 903.0]]"
Arty_Bottom,142,C37,capacitor,capacitor C64,Capacitor_SMD,Capacitor_SMD:C_0805_2012Metric,693,807,815,926,0.888,15,"(762.0,808.0); (741.0,830.0); (728.0,837.0); (713.0,853.0); (697.0,882.0); (722.0,908.0); (739.0,920.0); (771.0,912.0); (777.0,905.0); (785.0,886.0); (797.0,879.0); (800.0,870.0); (809.0,860.0); (808.0,850.0); (773.0,814.0)","[[762.0, 808.0], [741.0, 830.0], [728.0, 837.0], [713.0, 853.0], [697.0, 882.0], [722.0, 908.0], [739.0, 920.0], [771.0, 912.0], [777.0, 905.0], [785.0, 886.0], [797.0, 879.0], [800.0, 870.0], [809.0, 860.0], [808.0, 850.0], [773.0, 814.0]]"
Arty_Bottom,143,R99,resistor,resistor R262,Resistor_SMD,Resistor_SMD:R_0805_2012Metric,1294,813,1333,850,0.913,17,"(1326.0,808.0); (1317.0,806.0); (1315.0,807.0); (1309.0,814.0); (1305.0,816.0); (1292.0,829.0); (1287.0,838.0); (1287.0,840.0); (1291.0,844.0); (1296.0,852.0); (1303.0,858.0); (1305.0,858.0); (1316.0,850.0); (1339.0,827.0); (1338.0,826.0); (1338.0,819.0); (1331.0,815.0)","[[1326.0, 808.0], [1317.0, 806.0], [1315.0, 807.0], [1309.0, 814.0], [1305.0, 816.0], [1292.0, 829.0], [1287.0, 838.0], [1287.0, 840.0], [1291.0, 844.0], [1296.0, 852.0], [1303.0, 858.0], [1305.0, 858.0], [1316.0, 850.0], [1339.0, 827.0], [1338.0, 826.0], [1338.0, 819.0], [1331.0, 815.0]]"
Arty_Bottom,144,R100,resistor,resistor R150,Resistor_SMD,Resistor_SMD:R_0805_2012Metric,1377,898,1416,935,0.775,14,"(1403.0,893.0); (1398.0,894.0); (1382.0,907.0); (1377.0,916.0); (1377.0,922.0); (1376.0,924.0); (1386.0,935.0); (1391.0,936.0); (1398.0,930.0); (1404.0,928.0); (1417.0,914.0); (1415.0,905.0); (1405.0,895.0); (1405.0,894.0)","[[1403.0, 893.0], [1398.0, 894.0], [1382.0, 907.0], [1377.0, 916.0], [1377.0, 922.0], [1376.0, 924.0], [1386.0, 935.0], [1391.0, 936.0], [1398.0, 930.0], [1404.0, 928.0], [1417.0, 914.0], [1415.0, 905.0], [1405.0, 895.0], [1405.0, 894.0]]"
Arty_Bottom,145,C38,capacitor,capacitor C71,Capacitor_SMD,Capacitor_SMD:C_0805_2012Metric,1319,840,1396,913,0.857,14,"(1348.0,842.0); (1326.0,862.0); (1325.0,873.0); (1348.0,894.0); (1358.0,907.0); (1369.0,910.0); (1387.0,892.0); (1388.0,877.0); (1390.0,873.0); (1382.0,872.0); (1377.0,869.0); (1370.0,861.0); (1362.0,846.0); (1358.0,842.0)","[[1348.0, 842.0], [1326.0, 862.0], [1325.0, 873.0], [1348.0, 894.0], [1358.0, 907.0], [1369.0, 910.0], [1387.0, 892.0], [1388.0, 877.0], [1390.0, 873.0], [1382.0, 872.0], [1377.0, 869.0], [1370.0, 861.0], [1362.0, 846.0], [1358.0, 842.0]]"
Arty_Bottom,146,C39,capacitor,capacitor C72,Capacitor_SMD,Capacitor_SMD:C_0805_2012Metric,1300,879,1356,934,0.865,17,"(1306.0,885.0); (1302.0,892.0); (1303.0,898.0); (1310.0,908.0); (1318.0,914.0); (1320.0,919.0); (1335.0,932.0); (1340.0,932.0); (1347.0,929.0); (1351.0,925.0); (1355.0,914.0); (1353.0,911.0); (1345.0,905.0); (1341.0,895.0); (1334.0,887.0); (1320.0,881.0); (1315.0,881.0)","[[1306.0, 885.0], [1302.0, 892.0], [1303.0, 898.0], [1310.0, 908.0], [1318.0, 914.0], [1320.0, 919.0], [1335.0, 932.0], [1340.0, 932.0], [1347.0, 929.0], [1351.0, 925.0], [1355.0, 914.0], [1353.0, 911.0], [1345.0, 905.0], [1341.0, 895.0], [1334.0, 887.0], [1320.0, 881.0], [1315.0, 881.0]]"
Arty_Bottom,147,C40,capacitor,capacitor C73,Capacitor_SMD,Capacitor_SMD:C_0805_2012Metric,1274,901,1331,961,0.858,15,"(1279.0,910.0); (1275.0,917.0); (1275.0,927.0); (1283.0,935.0); (1292.0,940.0); (1301.0,949.0); (1306.0,957.0); (1315.0,957.0); (1318.0,956.0); (1324.0,951.0); (1326.0,947.0); (1325.0,935.0); (1305.0,915.0); (1298.0,905.0); (1292.0,904.0)","[[1279.0, 910.0], [1275.0, 917.0], [1275.0, 927.0], [1283.0, 935.0], [1292.0, 940.0], [1301.0, 949.0], [1306.0, 957.0], [1315.0, 957.0], [1318.0, 956.0], [1324.0, 951.0], [1326.0, 947.0], [1325.0, 935.0], [1305.0, 915.0], [1298.0, 905.0], [1292.0, 904.0]]"
Arty_Bottom,148,C41,capacitor,capacitor C77,Capacitor_SMD,Capacitor_SMD:C_0805_2012Metric,1263,935,1298,971,0.831,15,"(1272.0,931.0); (1265.0,937.0); (1263.0,943.0); (1263.0,948.0); (1269.0,959.0); (1277.0,968.0); (1282.0,975.0); (1285.0,976.0); (1290.0,972.0); (1298.0,968.0); (1305.0,961.0); (1306.0,957.0); (1299.0,949.0); (1294.0,947.0); (1282.0,934.0)","[[1272.0, 931.0], [1265.0, 937.0], [1263.0, 943.0], [1263.0, 948.0], [1269.0, 959.0], [1277.0, 968.0], [1282.0, 975.0], [1285.0, 976.0], [1290.0, 972.0], [1298.0, 968.0], [1305.0, 961.0], [1306.0, 957.0], [1299.0, 949.0], [1294.0, 947.0], [1282.0, 934.0]]"
Arty_Bottom,149,C42,capacitor,capacitor C76,Capacitor_SMD,Capacitor_SMD:C_0805_2012Metric,1240,952,1278,992,0.807,17,"(1249.0,951.0); (1244.0,956.0); (1240.0,966.0); (1240.0,970.0); (1246.0,976.0); (1249.0,981.0); (1253.0,983.0); (1257.0,987.0); (1260.0,996.0); (1263.0,997.0); (1268.0,994.0); (1272.0,993.0); (1277.0,986.0); (1283.0,981.0); (1283.0,978.0); (1262.0,953.0); (1255.0,951.0)","[[1249.0, 951.0], [1244.0, 956.0], [1240.0, 966.0], [1240.0, 970.0], [1246.0, 976.0], [1249.0, 981.0], [1253.0, 983.0], [1257.0, 987.0], [1260.0, 996.0], [1263.0, 997.0], [1268.0, 994.0], [1272.0, 993.0], [1277.0, 986.0], [1283.0, 981.0], [1283.0, 978.0], [1262.0, 953.0], [1255.0, 951.0]]"
Arty_Bottom,150,C43,capacitor,capacitor C75,Capacitor_SMD,Capacitor_SMD:C_0805_2012Metric,1220,972,1258,1012,0.867,16,"(1230.0,970.0); (1223.0,976.0); (1218.0,978.0); (1216.0,980.0); (1217.0,986.0); (1227.0,1001.0); (1235.0,1007.0); (1239.0,1014.0); (1241.0,1015.0); (1250.0,1015.0); (1263.0,1003.0); (1264.0,1001.0); (1263.0,995.0); (1259.0,991.0); (1255.0,989.0); (1239.0,971.0)","[[1230.0, 970.0], [1223.0, 976.0], [1218.0, 978.0], [1216.0, 980.0], [1217.0, 986.0], [1227.0, 1001.0], [1235.0, 1007.0], [1239.0, 1014.0], [1241.0, 1015.0], [1250.0, 1015.0], [1263.0, 1003.0], [1264.0, 1001.0], [1263.0, 995.0], [1259.0, 991.0], [1255.0, 989.0], [1239.0, 971.0]]"
Arty_Bottom,151,R101,resistor,resistor R181,Resistor_SMD,Resistor_SMD:R_0805_2012Metric,1922,947,1963,969,0.92,17,"(1918.0,952.0); (1917.0,961.0); (1919.0,967.0); (1922.0,969.0); (1925.0,969.0); (1926.0,970.0); (1942.0,970.0); (1943.0,971.0); (1961.0,971.0); (1964.0,970.0); (1966.0,968.0); (1967.0,965.0); (1967.0,955.0); (1964.0,948.0); (1961.0,948.0); (1960.0,947.0); (1922.0,947.0)","[[1918.0, 952.0], [1917.0, 961.0], [1919.0, 967.0], [1922.0, 969.0], [1925.0, 969.0], [1926.0, 970.0], [1942.0, 970.0], [1943.0, 971.0], [1961.0, 971.0], [1964.0, 970.0], [1966.0, 968.0], [1967.0, 965.0], [1967.0, 955.0], [1964.0, 948.0], [1961.0, 948.0], [1960.0, 947.0], [1922.0, 947.0]]"
Arty_Bottom,152,R102,resistor,resistor R180,Resistor_SMD,Resistor_SMD:R_0805_2012Metric,2177,923,2218,944,0.928,16,"(2171.0,925.0); (2170.0,938.0); (2174.0,945.0); (2182.0,946.0); (2183.0,947.0); (2185.0,946.0); (2213.0,947.0); (2214.0,946.0); (2219.0,946.0); (2222.0,942.0); (2222.0,924.0); (2217.0,920.0); (2192.0,921.0); (2191.0,920.0); (2181.0,919.0); (2173.0,922.0)","[[2171.0, 925.0], [2170.0, 938.0], [2174.0, 945.0], [2182.0, 946.0], [2183.0, 947.0], [2185.0, 946.0], [2213.0, 947.0], [2214.0, 946.0], [2219.0, 946.0], [2222.0, 942.0], [2222.0, 924.0], [2217.0, 920.0], [2192.0, 921.0], [2191.0, 920.0], [2181.0, 919.0], [2173.0, 922.0]]"
Arty_Bottom,153,C44,capacitor,capacitor C186,Capacitor_SMD,Capacitor_SMD:C_0805_2012Metric,2221,999,2250,1015,0.883,18,"(2220.0,1011.0); (2223.0,1014.0); (2251.0,1014.0); (2254.0,1012.0); (2254.0,1010.0); (2253.0,1009.0); (2253.0,1007.0); (2252.0,1006.0); (2252.0,1003.0); (2251.0,1003.0); (2247.0,1000.0); (2231.0,1000.0); (2230.0,1001.0); (2226.0,1001.0); (2224.0,1003.0); (2224.0,1004.0); (2223.0,1005.0); (2223.0,1007.0)","[[2220.0, 1011.0], [2223.0, 1014.0], [2251.0, 1014.0], [2254.0, 1012.0], [2254.0, 1010.0], [2253.0, 1009.0], [2253.0, 1007.0], [2252.0, 1006.0], [2252.0, 1003.0], [2251.0, 1003.0], [2247.0, 1000.0], [2231.0, 1000.0], [2230.0, 1001.0], [2226.0, 1001.0], [2224.0, 1003.0], [2224.0, 1004.0], [2223.0, 1005.0], [2223.0, 1007.0]]"
Arty_Bottom,154,R103,resistor,resistor R266,Resistor_SMD,Resistor_SMD:R_0805_2012Metric,175,1212,215,1235,0.925,18,"(171.0,1211.0); (170.0,1220.0); (169.0,1221.0); (169.0,1233.0); (172.0,1237.0); (174.0,1238.0); (208.0,1238.0); (209.0,1239.0); (211.0,1238.0); (219.0,1238.0); (220.0,1237.0); (220.0,1214.0); (216.0,1209.0); (212.0,1208.0); (205.0,1208.0); (204.0,1209.0); (177.0,1208.0); (173.0,1209.0)","[[171.0, 1211.0], [170.0, 1220.0], [169.0, 1221.0], [169.0, 1233.0], [172.0, 1237.0], [174.0, 1238.0], [208.0, 1238.0], [209.0, 1239.0], [211.0, 1238.0], [219.0, 1238.0], [220.0, 1237.0], [220.0, 1214.0], [216.0, 1209.0], [212.0, 1208.0], [205.0, 1208.0], [204.0, 1209.0], [177.0, 1208.0], [173.0, 1209.0]]"
Arty_Bottom,155,R104,resistor,resistor R264,Resistor_SMD,Resistor_SMD:R_0805_2012Metric,234,1192,254,1233,0.944,15,"(254.0,1187.0); (234.0,1188.0); (231.0,1190.0); (230.0,1193.0); (230.0,1218.0); (231.0,1219.0); (230.0,1230.0); (231.0,1231.0); (231.0,1237.0); (233.0,1239.0); (253.0,1239.0); (258.0,1234.0); (259.0,1231.0); (260.0,1197.0); (257.0,1189.0)","[[254.0, 1187.0], [234.0, 1188.0], [231.0, 1190.0], [230.0, 1193.0], [230.0, 1218.0], [231.0, 1219.0], [230.0, 1230.0], [231.0, 1231.0], [231.0, 1237.0], [233.0, 1239.0], [253.0, 1239.0], [258.0, 1234.0], [259.0, 1231.0], [260.0, 1197.0], [257.0, 1189.0]]"
Arty_Bottom,156,R105,resistor,resistor R184,Resistor_SMD,Resistor_SMD:R_0805_2012Metric,283,1144,304,1187,0.885,18,"(285.0,1141.0); (282.0,1143.0); (281.0,1145.0); (281.0,1151.0); (280.0,1152.0); (281.0,1154.0); (280.0,1184.0); (282.0,1187.0); (286.0,1189.0); (297.0,1189.0); (300.0,1188.0); (303.0,1184.0); (302.0,1183.0); (302.0,1156.0); (301.0,1155.0); (301.0,1144.0); (299.0,1142.0); (296.0,1141.0)","[[285.0, 1141.0], [282.0, 1143.0], [281.0, 1145.0], [281.0, 1151.0], [280.0, 1152.0], [281.0, 1154.0], [280.0, 1184.0], [282.0, 1187.0], [286.0, 1189.0], [297.0, 1189.0], [300.0, 1188.0], [303.0, 1184.0], [302.0, 1183.0], [302.0, 1156.0], [301.0, 1155.0], [301.0, 1144.0], [299.0, 1142.0], [296.0, 1141.0]]"
Arty_Bottom,157,R106,resistor,resistor R185,Resistor_SMD,Resistor_SMD:R_0805_2012Metric,307,1144,328,1187,0.843,15,"(310.0,1142.0); (308.0,1144.0); (308.0,1165.0); (307.0,1166.0); (307.0,1172.0); (306.0,1173.0); (306.0,1183.0); (307.0,1186.0); (309.0,1188.0); (324.0,1188.0); (328.0,1186.0); (328.0,1168.0); (327.0,1167.0); (326.0,1145.0); (322.0,1142.0)","[[310.0, 1142.0], [308.0, 1144.0], [308.0, 1165.0], [307.0, 1166.0], [307.0, 1172.0], [306.0, 1173.0], [306.0, 1183.0], [307.0, 1186.0], [309.0, 1188.0], [324.0, 1188.0], [328.0, 1186.0], [328.0, 1168.0], [327.0, 1167.0], [326.0, 1145.0], [322.0, 1142.0]]"
Arty_Bottom,158,C45,capacitor,capacitor C103,Capacitor_SMD,Capacitor_SMD:C_0805_2012Metric,332,1144,353,1187,0.888,19,"(350.0,1141.0); (349.0,1142.0); (340.0,1142.0); (335.0,1144.0); (333.0,1150.0); (333.0,1169.0); (332.0,1170.0); (333.0,1185.0); (335.0,1187.0); (341.0,1189.0); (351.0,1189.0); (356.0,1185.0); (356.0,1173.0); (355.0,1172.0); (355.0,1166.0); (354.0,1165.0); (354.0,1161.0); (355.0,1160.0); (355.0,1143.0)","[[350.0, 1141.0], [349.0, 1142.0], [340.0, 1142.0], [335.0, 1144.0], [333.0, 1150.0], [333.0, 1169.0], [332.0, 1170.0], [333.0, 1185.0], [335.0, 1187.0], [341.0, 1189.0], [351.0, 1189.0], [356.0, 1185.0], [356.0, 1173.0], [355.0, 1172.0], [355.0, 1166.0], [354.0, 1165.0], [354.0, 1161.0], [355.0, 1160.0], [355.0, 1143.0]]"
Arty_Bottom,159,C46,capacitor,capacitor C104,Capacitor_SMD,Capacitor_SMD:C_0805_2012Metric,360,1150,374,1179,0.865,22,"(364.0,1149.0); (361.0,1153.0); (361.0,1160.0); (360.0,1161.0); (360.0,1170.0); (361.0,1171.0); (361.0,1179.0); (362.0,1180.0); (362.0,1182.0); (364.0,1185.0); (365.0,1184.0); (368.0,1184.0); (369.0,1183.0); (371.0,1183.0); (373.0,1181.0); (373.0,1179.0); (374.0,1178.0); (374.0,1162.0); (373.0,1161.0); (373.0,1156.0); (370.0,1152.0); (368.0,1152.0)","[[364.0, 1149.0], [361.0, 1153.0], [361.0, 1160.0], [360.0, 1161.0], [360.0, 1170.0], [361.0, 1171.0], [361.0, 1179.0], [362.0, 1180.0], [362.0, 1182.0], [364.0, 1185.0], [365.0, 1184.0], [368.0, 1184.0], [369.0, 1183.0], [371.0, 1183.0], [373.0, 1181.0], [373.0, 1179.0], [374.0, 1178.0], [374.0, 1162.0], [373.0, 1161.0], [373.0, 1156.0], [370.0, 1152.0], [368.0, 1152.0]]"
Arty_Bottom,160,R107,resistor,resistor R186,Resistor_SMD,Resistor_SMD:R_0805_2012Metric,489,1121,508,1161,0.927,15,"(486.0,1117.0); (484.0,1120.0); (484.0,1149.0); (483.0,1150.0); (484.0,1162.0); (487.0,1165.0); (493.0,1167.0); (504.0,1167.0); (512.0,1164.0); (514.0,1159.0); (514.0,1121.0); (513.0,1119.0); (509.0,1117.0); (497.0,1117.0); (496.0,1116.0)","[[486.0, 1117.0], [484.0, 1120.0], [484.0, 1149.0], [483.0, 1150.0], [484.0, 1162.0], [487.0, 1165.0], [493.0, 1167.0], [504.0, 1167.0], [512.0, 1164.0], [514.0, 1159.0], [514.0, 1121.0], [513.0, 1119.0], [509.0, 1117.0], [497.0, 1117.0], [496.0, 1116.0]]"
Arty_Bottom,161,R108,resistor,resistor R187,Resistor_SMD,Resistor_SMD:R_0805_2012Metric,551,1098,590,1117,0.916,16,"(545.0,1099.0); (545.0,1116.0); (548.0,1121.0); (562.0,1121.0); (563.0,1120.0); (585.0,1120.0); (586.0,1121.0); (591.0,1121.0); (595.0,1119.0); (596.0,1115.0); (595.0,1097.0); (590.0,1093.0); (586.0,1093.0); (585.0,1094.0); (552.0,1093.0); (548.0,1094.0)","[[545.0, 1099.0], [545.0, 1116.0], [548.0, 1121.0], [562.0, 1121.0], [563.0, 1120.0], [585.0, 1120.0], [586.0, 1121.0], [591.0, 1121.0], [595.0, 1119.0], [596.0, 1115.0], [595.0, 1097.0], [590.0, 1093.0], [586.0, 1093.0], [585.0, 1094.0], [552.0, 1093.0], [548.0, 1094.0]]"
Arty_Bottom,162,C47,capacitor,capacitor C32,Capacitor_SMD,Capacitor_SMD:C_0805_2012Metric,674,1309,697,1370,0.925,14,"(677.0,1313.0); (675.0,1314.0); (674.0,1317.0); (674.0,1364.0); (677.0,1369.0); (691.0,1368.0); (694.0,1366.0); (696.0,1362.0); (696.0,1354.0); (695.0,1353.0); (695.0,1344.0); (696.0,1343.0); (695.0,1317.0); (691.0,1314.0)","[[677.0, 1313.0], [675.0, 1314.0], [674.0, 1317.0], [674.0, 1364.0], [677.0, 1369.0], [691.0, 1368.0], [694.0, 1366.0], [696.0, 1362.0], [696.0, 1354.0], [695.0, 1353.0], [695.0, 1344.0], [696.0, 1343.0], [695.0, 1317.0], [691.0, 1314.0]]"
Arty_Bottom,163,C48,capacitor,capacitor C36,Capacitor_SMD,Capacitor_SMD:C_0805_2012Metric,707,1320,727,1361,0.903,20,"(708.0,1316.0); (705.0,1318.0); (704.0,1321.0); (704.0,1351.0); (705.0,1352.0); (705.0,1360.0); (708.0,1364.0); (713.0,1364.0); (714.0,1365.0); (724.0,1364.0); (728.0,1361.0); (729.0,1358.0); (729.0,1353.0); (728.0,1352.0); (728.0,1324.0); (727.0,1323.0); (727.0,1320.0); (725.0,1317.0); (722.0,1317.0); (721.0,1316.0)","[[708.0, 1316.0], [705.0, 1318.0], [704.0, 1321.0], [704.0, 1351.0], [705.0, 1352.0], [705.0, 1360.0], [708.0, 1364.0], [713.0, 1364.0], [714.0, 1365.0], [724.0, 1364.0], [728.0, 1361.0], [729.0, 1358.0], [729.0, 1353.0], [728.0, 1352.0], [728.0, 1324.0], [727.0, 1323.0], [727.0, 1320.0], [725.0, 1317.0], [722.0, 1317.0], [721.0, 1316.0]]"
Arty_Bottom,164,C49,capacitor,capacitor C35,Capacitor_SMD,Capacitor_SMD:C_0805_2012Metric,737,1321,757,1362,0.9,18,"(741.0,1317.0); (739.0,1319.0); (737.0,1324.0); (737.0,1353.0); (736.0,1354.0); (736.0,1359.0); (740.0,1364.0); (755.0,1365.0); (759.0,1363.0); (761.0,1359.0); (761.0,1345.0); (760.0,1344.0); (761.0,1325.0); (760.0,1324.0); (760.0,1320.0); (758.0,1317.0); (755.0,1317.0); (754.0,1316.0)","[[741.0, 1317.0], [739.0, 1319.0], [737.0, 1324.0], [737.0, 1353.0], [736.0, 1354.0], [736.0, 1359.0], [740.0, 1364.0], [755.0, 1365.0], [759.0, 1363.0], [761.0, 1359.0], [761.0, 1345.0], [760.0, 1344.0], [761.0, 1325.0], [760.0, 1324.0], [760.0, 1320.0], [758.0, 1317.0], [755.0, 1317.0], [754.0, 1316.0]]"
Arty_Bottom,165,C50,capacitor,capacitor C42,Capacitor_SMD,Capacitor_SMD:C_0805_2012Metric,764,1326,781,1355,0.909,20,"(765.0,1327.0); (764.0,1328.0); (764.0,1343.0); (765.0,1344.0); (765.0,1358.0); (773.0,1358.0); (777.0,1355.0); (777.0,1354.0); (778.0,1353.0); (778.0,1351.0); (779.0,1350.0); (779.0,1345.0); (780.0,1344.0); (780.0,1334.0); (779.0,1333.0); (779.0,1332.0); (775.0,1329.0); (769.0,1329.0); (768.0,1328.0); (766.0,1328.0)","[[765.0, 1327.0], [764.0, 1328.0], [764.0, 1343.0], [765.0, 1344.0], [765.0, 1358.0], [773.0, 1358.0], [777.0, 1355.0], [777.0, 1354.0], [778.0, 1353.0], [778.0, 1351.0], [779.0, 1350.0], [779.0, 1345.0], [780.0, 1344.0], [780.0, 1334.0], [779.0, 1333.0], [779.0, 1332.0], [775.0, 1329.0], [769.0, 1329.0], [768.0, 1328.0], [766.0, 1328.0]]"
Arty_Bottom,166,C51,capacitor,capacitor C41,Capacitor_SMD,Capacitor_SMD:C_0805_2012Metric,788,1327,805,1356,0.915,22,"(794.0,1329.0); (793.0,1330.0); (792.0,1330.0); (789.0,1334.0); (789.0,1352.0); (790.0,1353.0); (790.0,1358.0); (791.0,1359.0); (793.0,1359.0); (794.0,1360.0); (798.0,1360.0); (803.0,1357.0); (803.0,1351.0); (804.0,1350.0); (804.0,1342.0); (805.0,1341.0); (805.0,1335.0); (804.0,1334.0); (804.0,1332.0); (802.0,1330.0); (800.0,1330.0); (799.0,1329.0)","[[794.0, 1329.0], [793.0, 1330.0], [792.0, 1330.0], [789.0, 1334.0], [789.0, 1352.0], [790.0, 1353.0], [790.0, 1358.0], [791.0, 1359.0], [793.0, 1359.0], [794.0, 1360.0], [798.0, 1360.0], [803.0, 1357.0], [803.0, 1351.0], [804.0, 1350.0], [804.0, 1342.0], [805.0, 1341.0], [805.0, 1335.0], [804.0, 1334.0], [804.0, 1332.0], [802.0, 1330.0], [800.0, 1330.0], [799.0, 1329.0]]"
Arty_Bottom,167,C52,capacitor,capacitor C40,Capacitor_SMD,Capacitor_SMD:C_0805_2012Metric,814,1328,829,1356,0.929,18,"(816.0,1330.0); (814.0,1333.0); (814.0,1356.0); (815.0,1357.0); (815.0,1359.0); (816.0,1360.0); (823.0,1360.0); (824.0,1359.0); (826.0,1359.0); (827.0,1358.0); (827.0,1356.0); (828.0,1355.0); (828.0,1351.0); (829.0,1350.0); (829.0,1337.0); (828.0,1336.0); (828.0,1333.0); (826.0,1330.0)","[[816.0, 1330.0], [814.0, 1333.0], [814.0, 1356.0], [815.0, 1357.0], [815.0, 1359.0], [816.0, 1360.0], [823.0, 1360.0], [824.0, 1359.0], [826.0, 1359.0], [827.0, 1358.0], [827.0, 1356.0], [828.0, 1355.0], [828.0, 1351.0], [829.0, 1350.0], [829.0, 1337.0], [828.0, 1336.0], [828.0, 1333.0], [826.0, 1330.0]]"
Arty_Bottom,168,C53,capacitor,capacitor C27,Capacitor_SMD,Capacitor_SMD:C_0805_2012Metric,1037,1055,1063,1081,0.815,27,"(1062.0,1056.0); (1059.0,1054.0); (1054.0,1054.0); (1050.0,1057.0); (1049.0,1057.0); (1047.0,1059.0); (1046.0,1059.0); (1044.0,1061.0); (1043.0,1061.0); (1039.0,1066.0); (1039.0,1068.0); (1038.0,1069.0); (1038.0,1072.0); (1035.0,1076.0); (1035.0,1079.0); (1044.0,1081.0); (1045.0,1080.0); (1046.0,1080.0); (1047.0,1079.0); (1047.0,1078.0); (1052.0,1073.0); (1053.0,1073.0); (1057.0,1070.0); (1058.0,1070.0); (1061.0,1066.0); (1061.0,1062.0); (1062.0,1061.0)","[[1062.0, 1056.0], [1059.0, 1054.0], [1054.0, 1054.0], [1050.0, 1057.0], [1049.0, 1057.0], [1047.0, 1059.0], [1046.0, 1059.0], [1044.0, 1061.0], [1043.0, 1061.0], [1039.0, 1066.0], [1039.0, 1068.0], [1038.0, 1069.0], [1038.0, 1072.0], [1035.0, 1076.0], [1035.0, 1079.0], [1044.0, 1081.0], [1045.0, 1080.0], [1046.0, 1080.0], [1047.0, 1079.0], [1047.0, 1078.0], [1052.0, 1073.0], [1053.0, 1073.0], [1057.0, 1070.0], [1058.0, 1070.0], [1061.0, 1066.0], [1061.0, 1062.0], [1062.0, 1061.0]]"
Arty_Bottom,169,C54,capacitor,capacitor C70,Capacitor_SMD,Capacitor_SMD:C_0805_2012Metric,1011,1083,1037,1109,0.823,20,"(1035.0,1082.0); (1033.0,1082.0); (1028.0,1086.0); (1023.0,1088.0); (1013.0,1098.0); (1013.0,1102.0); (1014.0,1103.0); (1014.0,1104.0); (1017.0,1107.0); (1019.0,1107.0); (1020.0,1108.0); (1022.0,1108.0); (1023.0,1107.0); (1024.0,1107.0); (1031.0,1100.0); (1031.0,1099.0); (1033.0,1097.0); (1033.0,1096.0); (1037.0,1092.0); (1039.0,1087.0)","[[1035.0, 1082.0], [1033.0, 1082.0], [1028.0, 1086.0], [1023.0, 1088.0], [1013.0, 1098.0], [1013.0, 1102.0], [1014.0, 1103.0], [1014.0, 1104.0], [1017.0, 1107.0], [1019.0, 1107.0], [1020.0, 1108.0], [1022.0, 1108.0], [1023.0, 1107.0], [1024.0, 1107.0], [1031.0, 1100.0], [1031.0, 1099.0], [1033.0, 1097.0], [1033.0, 1096.0], [1037.0, 1092.0], [1039.0, 1087.0]]"
Arty_Bottom,170,C55,capacitor,capacitor C79,Capacitor_SMD,Capacitor_SMD:C_0805_2012Metric,971,1124,997,1152,0.799,22,"(996.0,1124.0); (995.0,1124.0); (994.0,1123.0); (990.0,1123.0); (988.0,1125.0); (987.0,1125.0); (984.0,1128.0); (984.0,1129.0); (976.0,1137.0); (976.0,1138.0); (974.0,1141.0); (974.0,1144.0); (978.0,1150.0); (982.0,1150.0); (983.0,1149.0); (984.0,1149.0); (995.0,1138.0); (995.0,1137.0); (999.0,1133.0); (1000.0,1130.0); (999.0,1129.0); (999.0,1127.0)","[[996.0, 1124.0], [995.0, 1124.0], [994.0, 1123.0], [990.0, 1123.0], [988.0, 1125.0], [987.0, 1125.0], [984.0, 1128.0], [984.0, 1129.0], [976.0, 1137.0], [976.0, 1138.0], [974.0, 1141.0], [974.0, 1144.0], [978.0, 1150.0], [982.0, 1150.0], [983.0, 1149.0], [984.0, 1149.0], [995.0, 1138.0], [995.0, 1137.0], [999.0, 1133.0], [1000.0, 1130.0], [999.0, 1129.0], [999.0, 1127.0]]"
Arty_Bottom,171,C56,capacitor,capacitor C82,Capacitor_SMD,Capacitor_SMD:C_0805_2012Metric,1037,1223,1062,1249,0.83,23,"(1065.0,1220.0); (1056.0,1220.0); (1055.0,1221.0); (1054.0,1221.0); (1040.0,1234.0); (1040.0,1235.0); (1039.0,1236.0); (1039.0,1238.0); (1038.0,1239.0); (1038.0,1240.0); (1039.0,1241.0); (1039.0,1243.0); (1043.0,1246.0); (1049.0,1246.0); (1050.0,1245.0); (1052.0,1245.0); (1054.0,1243.0); (1055.0,1243.0); (1056.0,1242.0); (1056.0,1241.0); (1062.0,1235.0); (1062.0,1234.0); (1065.0,1230.0)","[[1065.0, 1220.0], [1056.0, 1220.0], [1055.0, 1221.0], [1054.0, 1221.0], [1040.0, 1234.0], [1040.0, 1235.0], [1039.0, 1236.0], [1039.0, 1238.0], [1038.0, 1239.0], [1038.0, 1240.0], [1039.0, 1241.0], [1039.0, 1243.0], [1043.0, 1246.0], [1049.0, 1246.0], [1050.0, 1245.0], [1052.0, 1245.0], [1054.0, 1243.0], [1055.0, 1243.0], [1056.0, 1242.0], [1056.0, 1241.0], [1062.0, 1235.0], [1062.0, 1234.0], [1065.0, 1230.0]]"
Arty_Bottom,172,C57,capacitor,capacitor C83,Capacitor_SMD,Capacitor_SMD:C_0805_2012Metric,1067,1224,1092,1250,0.853,28,"(1092.0,1222.0); (1091.0,1222.0); (1090.0,1221.0); (1085.0,1221.0); (1084.0,1222.0); (1082.0,1222.0); (1081.0,1223.0); (1080.0,1223.0); (1071.0,1232.0); (1071.0,1233.0); (1070.0,1234.0); (1070.0,1236.0); (1069.0,1237.0); (1069.0,1243.0); (1072.0,1247.0); (1074.0,1247.0); (1075.0,1248.0); (1078.0,1248.0); (1079.0,1247.0); (1082.0,1246.0); (1089.0,1240.0); (1089.0,1239.0); (1092.0,1236.0); (1092.0,1235.0); (1094.0,1233.0); (1094.0,1232.0); (1096.0,1229.0); (1094.0,1224.0)","[[1092.0, 1222.0], [1091.0, 1222.0], [1090.0, 1221.0], [1085.0, 1221.0], [1084.0, 1222.0], [1082.0, 1222.0], [1081.0, 1223.0], [1080.0, 1223.0], [1071.0, 1232.0], [1071.0, 1233.0], [1070.0, 1234.0], [1070.0, 1236.0], [1069.0, 1237.0], [1069.0, 1243.0], [1072.0, 1247.0], [1074.0, 1247.0], [1075.0, 1248.0], [1078.0, 1248.0], [1079.0, 1247.0], [1082.0, 1246.0], [1089.0, 1240.0], [1089.0, 1239.0], [1092.0, 1236.0], [1092.0, 1235.0], [1094.0, 1233.0], [1094.0, 1232.0], [1096.0, 1229.0], [1094.0, 1224.0]]"
Arty_Bottom,173,C58,capacitor,capacitor C69,Capacitor_SMD,Capacitor_SMD:C_0805_2012Metric,1039,1111,1063,1137,0.88,30,"(1060.0,1112.0); (1059.0,1112.0); (1058.0,1111.0); (1055.0,1111.0); (1049.0,1116.0); (1048.0,1116.0); (1042.0,1122.0); (1042.0,1124.0); (1041.0,1125.0); (1041.0,1128.0); (1040.0,1129.0); (1040.0,1133.0); (1042.0,1135.0); (1043.0,1135.0); (1044.0,1136.0); (1051.0,1136.0); (1052.0,1135.0); (1055.0,1135.0); (1056.0,1134.0); (1057.0,1134.0); (1060.0,1131.0); (1060.0,1130.0); (1062.0,1128.0); (1062.0,1126.0); (1063.0,1125.0); (1063.0,1123.0); (1064.0,1122.0); (1064.0,1118.0); (1063.0,1117.0); (1063.0,1115.0)","[[1060.0, 1112.0], [1059.0, 1112.0], [1058.0, 1111.0], [1055.0, 1111.0], [1049.0, 1116.0], [1048.0, 1116.0], [1042.0, 1122.0], [1042.0, 1124.0], [1041.0, 1125.0], [1041.0, 1128.0], [1040.0, 1129.0], [1040.0, 1133.0], [1042.0, 1135.0], [1043.0, 1135.0], [1044.0, 1136.0], [1051.0, 1136.0], [1052.0, 1135.0], [1055.0, 1135.0], [1056.0, 1134.0], [1057.0, 1134.0], [1060.0, 1131.0], [1060.0, 1130.0], [1062.0, 1128.0], [1062.0, 1126.0], [1063.0, 1125.0], [1063.0, 1123.0], [1064.0, 1122.0], [1064.0, 1118.0], [1063.0, 1117.0], [1063.0, 1115.0]]"
Arty_Bottom,174,C59,capacitor,capacitor C14,Capacitor_SMD,Capacitor_SMD:C_0805_2012Metric,1048,1142,1064,1173,0.906,22,"(1053.0,1140.0); (1052.0,1141.0); (1050.0,1141.0); (1050.0,1142.0); (1049.0,1143.0); (1049.0,1165.0); (1050.0,1166.0); (1050.0,1168.0); (1052.0,1171.0); (1053.0,1171.0); (1054.0,1172.0); (1057.0,1172.0); (1061.0,1169.0); (1061.0,1168.0); (1062.0,1167.0); (1062.0,1165.0); (1063.0,1164.0); (1063.0,1144.0); (1061.0,1142.0); (1061.0,1141.0); (1059.0,1141.0); (1058.0,1140.0)","[[1053.0, 1140.0], [1052.0, 1141.0], [1050.0, 1141.0], [1050.0, 1142.0], [1049.0, 1143.0], [1049.0, 1165.0], [1050.0, 1166.0], [1050.0, 1168.0], [1052.0, 1171.0], [1053.0, 1171.0], [1054.0, 1172.0], [1057.0, 1172.0], [1061.0, 1169.0], [1061.0, 1168.0], [1062.0, 1167.0], [1062.0, 1165.0], [1063.0, 1164.0], [1063.0, 1144.0], [1061.0, 1142.0], [1061.0, 1141.0], [1059.0, 1141.0], [1058.0, 1140.0]]"
Arty_Bottom,175,C60,capacitor,capacitor C78,Capacitor_SMD,Capacitor_SMD:C_0805_2012Metric,1105,1138,1134,1165,0.828,23,"(1108.0,1141.0); (1108.0,1143.0); (1107.0,1144.0); (1107.0,1145.0); (1108.0,1146.0); (1108.0,1151.0); (1109.0,1152.0); (1109.0,1154.0); (1110.0,1155.0); (1110.0,1156.0); (1119.0,1164.0); (1121.0,1164.0); (1122.0,1165.0); (1130.0,1165.0); (1132.0,1163.0); (1132.0,1155.0); (1131.0,1154.0); (1131.0,1153.0); (1130.0,1152.0); (1129.0,1152.0); (1119.0,1141.0); (1114.0,1141.0); (1113.0,1140.0)","[[1108.0, 1141.0], [1108.0, 1143.0], [1107.0, 1144.0], [1107.0, 1145.0], [1108.0, 1146.0], [1108.0, 1151.0], [1109.0, 1152.0], [1109.0, 1154.0], [1110.0, 1155.0], [1110.0, 1156.0], [1119.0, 1164.0], [1121.0, 1164.0], [1122.0, 1165.0], [1130.0, 1165.0], [1132.0, 1163.0], [1132.0, 1155.0], [1131.0, 1154.0], [1131.0, 1153.0], [1130.0, 1152.0], [1129.0, 1152.0], [1119.0, 1141.0], [1114.0, 1141.0], [1113.0, 1140.0]]"
Arty_Bottom,176,C61,capacitor,capacitor C86,Capacitor_SMD,Capacitor_SMD:C_0805_2012Metric,1103,1166,1130,1193,0.802,27,"(1108.0,1169.0); (1105.0,1174.0); (1105.0,1177.0); (1106.0,1178.0); (1106.0,1180.0); (1107.0,1181.0); (1107.0,1182.0); (1109.0,1184.0); (1110.0,1184.0); (1113.0,1187.0); (1114.0,1187.0); (1118.0,1191.0); (1119.0,1191.0); (1122.0,1193.0); (1123.0,1192.0); (1129.0,1192.0); (1132.0,1189.0); (1132.0,1185.0); (1126.0,1179.0); (1126.0,1178.0); (1124.0,1176.0); (1123.0,1171.0); (1121.0,1169.0); (1119.0,1169.0); (1118.0,1168.0); (1110.0,1168.0); (1109.0,1169.0)","[[1108.0, 1169.0], [1105.0, 1174.0], [1105.0, 1177.0], [1106.0, 1178.0], [1106.0, 1180.0], [1107.0, 1181.0], [1107.0, 1182.0], [1109.0, 1184.0], [1110.0, 1184.0], [1113.0, 1187.0], [1114.0, 1187.0], [1118.0, 1191.0], [1119.0, 1191.0], [1122.0, 1193.0], [1123.0, 1192.0], [1129.0, 1192.0], [1132.0, 1189.0], [1132.0, 1185.0], [1126.0, 1179.0], [1126.0, 1178.0], [1124.0, 1176.0], [1123.0, 1171.0], [1121.0, 1169.0], [1119.0, 1169.0], [1118.0, 1168.0], [1110.0, 1168.0], [1109.0, 1169.0]]"
Arty_Bottom,177,C62,capacitor,capacitor C81,Capacitor_SMD,Capacitor_SMD:C_0805_2012Metric,1117,1190,1142,1218,0.828,23,"(1133.0,1189.0); (1130.0,1189.0); (1126.0,1193.0); (1126.0,1194.0); (1124.0,1196.0); (1124.0,1197.0); (1122.0,1199.0); (1120.0,1203.0); (1117.0,1206.0); (1117.0,1208.0); (1116.0,1209.0); (1116.0,1213.0); (1117.0,1214.0); (1117.0,1217.0); (1119.0,1218.0); (1122.0,1218.0); (1123.0,1219.0); (1130.0,1219.0); (1132.0,1218.0); (1140.0,1209.0); (1141.0,1207.0); (1141.0,1198.0); (1140.0,1196.0)","[[1133.0, 1189.0], [1130.0, 1189.0], [1126.0, 1193.0], [1126.0, 1194.0], [1124.0, 1196.0], [1124.0, 1197.0], [1122.0, 1199.0], [1120.0, 1203.0], [1117.0, 1206.0], [1117.0, 1208.0], [1116.0, 1209.0], [1116.0, 1213.0], [1117.0, 1214.0], [1117.0, 1217.0], [1119.0, 1218.0], [1122.0, 1218.0], [1123.0, 1219.0], [1130.0, 1219.0], [1132.0, 1218.0], [1140.0, 1209.0], [1141.0, 1207.0], [1141.0, 1198.0], [1140.0, 1196.0]]"
Arty_Bottom,178,C63,capacitor,capacitor C62,Capacitor_SMD,Capacitor_SMD:C_0805_2012Metric,1063,1177,1089,1206,0.866,17,"(1088.0,1174.0); (1080.0,1176.0); (1067.0,1188.0); (1064.0,1194.0); (1064.0,1198.0); (1066.0,1200.0); (1072.0,1202.0); (1078.0,1209.0); (1086.0,1208.0); (1093.0,1200.0); (1095.0,1200.0); (1099.0,1198.0); (1099.0,1192.0); (1098.0,1191.0); (1098.0,1189.0); (1091.0,1180.0); (1090.0,1176.0)","[[1088.0, 1174.0], [1080.0, 1176.0], [1067.0, 1188.0], [1064.0, 1194.0], [1064.0, 1198.0], [1066.0, 1200.0], [1072.0, 1202.0], [1078.0, 1209.0], [1086.0, 1208.0], [1093.0, 1200.0], [1095.0, 1200.0], [1099.0, 1198.0], [1099.0, 1192.0], [1098.0, 1191.0], [1098.0, 1189.0], [1091.0, 1180.0], [1090.0, 1176.0]]"
Arty_Bottom,179,C64,capacitor,capacitor C63,Capacitor_SMD,Capacitor_SMD:C_0805_2012Metric,1074,1192,1102,1217,0.834,24,"(1098.0,1188.0); (1087.0,1188.0); (1081.0,1194.0); (1080.0,1197.0); (1076.0,1201.0); (1076.0,1203.0); (1075.0,1204.0); (1075.0,1207.0); (1076.0,1208.0); (1076.0,1210.0); (1080.0,1214.0); (1082.0,1214.0); (1083.0,1215.0); (1086.0,1215.0); (1087.0,1216.0); (1088.0,1215.0); (1090.0,1215.0); (1092.0,1213.0); (1095.0,1206.0); (1101.0,1201.0); (1102.0,1199.0); (1102.0,1193.0); (1101.0,1192.0); (1101.0,1190.0)","[[1098.0, 1188.0], [1087.0, 1188.0], [1081.0, 1194.0], [1080.0, 1197.0], [1076.0, 1201.0], [1076.0, 1203.0], [1075.0, 1204.0], [1075.0, 1207.0], [1076.0, 1208.0], [1076.0, 1210.0], [1080.0, 1214.0], [1082.0, 1214.0], [1083.0, 1215.0], [1086.0, 1215.0], [1087.0, 1216.0], [1088.0, 1215.0], [1090.0, 1215.0], [1092.0, 1213.0], [1095.0, 1206.0], [1101.0, 1201.0], [1102.0, 1199.0], [1102.0, 1193.0], [1101.0, 1192.0], [1101.0, 1190.0]]"
Arty_Bottom,180,C65,capacitor,capacitor C102,Capacitor_SMD,Capacitor_SMD:C_0805_2012Metric,477,1081,504,1095,0.934,21,"(509.0,1084.0); (506.0,1080.0); (504.0,1080.0); (503.0,1079.0); (497.0,1079.0); (496.0,1080.0); (481.0,1080.0); (479.0,1082.0); (479.0,1083.0); (478.0,1084.0); (478.0,1086.0); (477.0,1087.0); (478.0,1088.0); (478.0,1090.0); (481.0,1093.0); (482.0,1093.0); (483.0,1094.0); (504.0,1094.0); (505.0,1093.0); (506.0,1093.0); (509.0,1090.0)","[[509.0, 1084.0], [506.0, 1080.0], [504.0, 1080.0], [503.0, 1079.0], [497.0, 1079.0], [496.0, 1080.0], [481.0, 1080.0], [479.0, 1082.0], [479.0, 1083.0], [478.0, 1084.0], [478.0, 1086.0], [477.0, 1087.0], [478.0, 1088.0], [478.0, 1090.0], [481.0, 1093.0], [482.0, 1093.0], [483.0, 1094.0], [504.0, 1094.0], [505.0, 1093.0], [506.0, 1093.0], [509.0, 1090.0]]"
Arty_Bottom,181,C66,capacitor,capacitor C188,Capacitor_SMD,Capacitor_SMD:C_0805_2012Metric,1307,1070,1326,1108,0.916,18,"(1326.0,1065.0); (1305.0,1066.0); (1304.0,1067.0); (1303.0,1097.0); (1302.0,1098.0); (1302.0,1101.0); (1303.0,1102.0); (1303.0,1108.0); (1305.0,1110.0); (1312.0,1111.0); (1313.0,1112.0); (1323.0,1112.0); (1327.0,1110.0); (1327.0,1105.0); (1328.0,1104.0); (1328.0,1075.0); (1327.0,1074.0); (1327.0,1067.0)","[[1326.0, 1065.0], [1305.0, 1066.0], [1304.0, 1067.0], [1303.0, 1097.0], [1302.0, 1098.0], [1302.0, 1101.0], [1303.0, 1102.0], [1303.0, 1108.0], [1305.0, 1110.0], [1312.0, 1111.0], [1313.0, 1112.0], [1323.0, 1112.0], [1327.0, 1110.0], [1327.0, 1105.0], [1328.0, 1104.0], [1328.0, 1075.0], [1327.0, 1074.0], [1327.0, 1067.0]]"
Arty_Bottom,182,C67,capacitor,capacitor C46,Capacitor_SMD,Capacitor_SMD:C_0805_2012Metric,1380,1130,1401,1170,0.91,18,"(1384.0,1125.0); (1381.0,1126.0); (1379.0,1130.0); (1379.0,1158.0); (1378.0,1159.0); (1379.0,1169.0); (1381.0,1171.0); (1397.0,1170.0); (1400.0,1168.0); (1401.0,1165.0); (1401.0,1159.0); (1400.0,1158.0); (1400.0,1138.0); (1401.0,1137.0); (1401.0,1131.0); (1400.0,1128.0); (1398.0,1126.0); (1395.0,1125.0)","[[1384.0, 1125.0], [1381.0, 1126.0], [1379.0, 1130.0], [1379.0, 1158.0], [1378.0, 1159.0], [1379.0, 1169.0], [1381.0, 1171.0], [1397.0, 1170.0], [1400.0, 1168.0], [1401.0, 1165.0], [1401.0, 1159.0], [1400.0, 1158.0], [1400.0, 1138.0], [1401.0, 1137.0], [1401.0, 1131.0], [1400.0, 1128.0], [1398.0, 1126.0], [1395.0, 1125.0]]"
Arty_Bottom,183,C68,capacitor,capacitor C48,Capacitor_SMD,Capacitor_SMD:C_0805_2012Metric,1404,1130,1425,1170,0.902,14,"(1411.0,1125.0); (1406.0,1127.0); (1404.0,1129.0); (1404.0,1168.0); (1406.0,1170.0); (1409.0,1171.0); (1422.0,1171.0); (1425.0,1168.0); (1425.0,1149.0); (1426.0,1148.0); (1426.0,1134.0); (1425.0,1133.0); (1425.0,1128.0); (1422.0,1125.0)","[[1411.0, 1125.0], [1406.0, 1127.0], [1404.0, 1129.0], [1404.0, 1168.0], [1406.0, 1170.0], [1409.0, 1171.0], [1422.0, 1171.0], [1425.0, 1168.0], [1425.0, 1149.0], [1426.0, 1148.0], [1426.0, 1134.0], [1425.0, 1133.0], [1425.0, 1128.0], [1422.0, 1125.0]]"
Arty_Bottom,184,C69,capacitor,capacitor C17,Capacitor_SMD,Capacitor_SMD:C_0805_2012Metric,1429,1130,1450,1170,0.912,18,"(1435.0,1126.0); (1433.0,1127.0); (1429.0,1132.0); (1429.0,1158.0); (1428.0,1159.0); (1428.0,1167.0); (1429.0,1170.0); (1432.0,1173.0); (1436.0,1173.0); (1437.0,1174.0); (1448.0,1174.0); (1451.0,1171.0); (1452.0,1168.0); (1452.0,1151.0); (1453.0,1150.0); (1452.0,1132.0); (1450.0,1127.0); (1447.0,1125.0)","[[1435.0, 1126.0], [1433.0, 1127.0], [1429.0, 1132.0], [1429.0, 1158.0], [1428.0, 1159.0], [1428.0, 1167.0], [1429.0, 1170.0], [1432.0, 1173.0], [1436.0, 1173.0], [1437.0, 1174.0], [1448.0, 1174.0], [1451.0, 1171.0], [1452.0, 1168.0], [1452.0, 1151.0], [1453.0, 1150.0], [1452.0, 1132.0], [1450.0, 1127.0], [1447.0, 1125.0]]"
Arty_Bottom,185,C70,capacitor,capacitor C19,Capacitor_SMD,Capacitor_SMD:C_0805_2012Metric,1429,1179,1450,1219,0.922,16,"(1432.0,1181.0); (1429.0,1183.0); (1429.0,1185.0); (1428.0,1186.0); (1428.0,1191.0); (1429.0,1192.0); (1428.0,1217.0); (1430.0,1220.0); (1435.0,1221.0); (1436.0,1222.0); (1449.0,1222.0); (1452.0,1219.0); (1452.0,1184.0); (1447.0,1180.0); (1435.0,1180.0); (1434.0,1181.0)","[[1432.0, 1181.0], [1429.0, 1183.0], [1429.0, 1185.0], [1428.0, 1186.0], [1428.0, 1191.0], [1429.0, 1192.0], [1428.0, 1217.0], [1430.0, 1220.0], [1435.0, 1221.0], [1436.0, 1222.0], [1449.0, 1222.0], [1452.0, 1219.0], [1452.0, 1184.0], [1447.0, 1180.0], [1435.0, 1180.0], [1434.0, 1181.0]]"
Arty_Bottom,186,C71,capacitor,capacitor C49,Capacitor_SMD,Capacitor_SMD:C_0805_2012Metric,1404,1178,1425,1218,0.917,14,"(1405.0,1179.0); (1404.0,1180.0); (1404.0,1216.0); (1403.0,1217.0); (1404.0,1219.0); (1409.0,1221.0); (1422.0,1221.0); (1423.0,1220.0); (1425.0,1220.0); (1426.0,1219.0); (1426.0,1183.0); (1423.0,1180.0); (1421.0,1180.0); (1420.0,1179.0)","[[1405.0, 1179.0], [1404.0, 1180.0], [1404.0, 1216.0], [1403.0, 1217.0], [1404.0, 1219.0], [1409.0, 1221.0], [1422.0, 1221.0], [1423.0, 1220.0], [1425.0, 1220.0], [1426.0, 1219.0], [1426.0, 1183.0], [1423.0, 1180.0], [1421.0, 1180.0], [1420.0, 1179.0]]"
Arty_Bottom,187,C72,capacitor,capacitor C47,Capacitor_SMD,Capacitor_SMD:C_0805_2012Metric,1379,1179,1400,1219,0.921,18,"(1381.0,1177.0); (1378.0,1181.0); (1378.0,1185.0); (1377.0,1186.0); (1378.0,1189.0); (1378.0,1208.0); (1377.0,1209.0); (1378.0,1210.0); (1378.0,1218.0); (1382.0,1221.0); (1396.0,1221.0); (1401.0,1219.0); (1402.0,1217.0); (1401.0,1216.0); (1401.0,1210.0); (1400.0,1209.0); (1401.0,1183.0); (1398.0,1179.0)","[[1381.0, 1177.0], [1378.0, 1181.0], [1378.0, 1185.0], [1377.0, 1186.0], [1378.0, 1189.0], [1378.0, 1208.0], [1377.0, 1209.0], [1378.0, 1210.0], [1378.0, 1218.0], [1382.0, 1221.0], [1396.0, 1221.0], [1401.0, 1219.0], [1402.0, 1217.0], [1401.0, 1216.0], [1401.0, 1210.0], [1400.0, 1209.0], [1401.0, 1183.0], [1398.0, 1179.0]]"
Arty_Bottom,188,C73,capacitor,capacitor C189,Capacitor_SMD,Capacitor_SMD:C_0805_2012Metric,1305,1230,1326,1270,0.914,18,"(1304.0,1228.0); (1302.0,1231.0); (1303.0,1233.0); (1303.0,1246.0); (1302.0,1247.0); (1302.0,1255.0); (1301.0,1256.0); (1301.0,1266.0); (1304.0,1272.0); (1307.0,1273.0); (1320.0,1273.0); (1321.0,1274.0); (1325.0,1274.0); (1327.0,1270.0); (1327.0,1229.0); (1325.0,1226.0); (1313.0,1226.0); (1312.0,1227.0)","[[1304.0, 1228.0], [1302.0, 1231.0], [1303.0, 1233.0], [1303.0, 1246.0], [1302.0, 1247.0], [1302.0, 1255.0], [1301.0, 1256.0], [1301.0, 1266.0], [1304.0, 1272.0], [1307.0, 1273.0], [1320.0, 1273.0], [1321.0, 1274.0], [1325.0, 1274.0], [1327.0, 1270.0], [1327.0, 1229.0], [1325.0, 1226.0], [1313.0, 1226.0], [1312.0, 1227.0]]"
Arty_Bottom,189,C74,capacitor,capacitor C187,Capacitor_SMD,Capacitor_SMD:C_0805_2012Metric,1304,1299,1325,1339,0.907,17,"(1304.0,1294.0); (1302.0,1296.0); (1302.0,1338.0); (1305.0,1341.0); (1310.0,1343.0); (1316.0,1343.0); (1317.0,1344.0); (1318.0,1343.0); (1324.0,1343.0); (1326.0,1341.0); (1326.0,1337.0); (1327.0,1336.0); (1327.0,1306.0); (1326.0,1305.0); (1326.0,1297.0); (1327.0,1296.0); (1326.0,1294.0)","[[1304.0, 1294.0], [1302.0, 1296.0], [1302.0, 1338.0], [1305.0, 1341.0], [1310.0, 1343.0], [1316.0, 1343.0], [1317.0, 1344.0], [1318.0, 1343.0], [1324.0, 1343.0], [1326.0, 1341.0], [1326.0, 1337.0], [1327.0, 1336.0], [1327.0, 1306.0], [1326.0, 1305.0], [1326.0, 1297.0], [1327.0, 1296.0], [1326.0, 1294.0]]"
Arty_Bottom,190,R109,resistor,resistor R271,Resistor_SMD,Resistor_SMD:R_0805_2012Metric,1334,1067,1374,1088,0.91,15,"(1332.0,1070.0); (1332.0,1083.0); (1333.0,1084.0); (1333.0,1087.0); (1336.0,1091.0); (1342.0,1091.0); (1343.0,1090.0); (1372.0,1090.0); (1375.0,1087.0); (1375.0,1068.0); (1372.0,1065.0); (1364.0,1065.0); (1363.0,1066.0); (1337.0,1065.0); (1335.0,1066.0)","[[1332.0, 1070.0], [1332.0, 1083.0], [1333.0, 1084.0], [1333.0, 1087.0], [1336.0, 1091.0], [1342.0, 1091.0], [1343.0, 1090.0], [1372.0, 1090.0], [1375.0, 1087.0], [1375.0, 1068.0], [1372.0, 1065.0], [1364.0, 1065.0], [1363.0, 1066.0], [1337.0, 1065.0], [1335.0, 1066.0]]"
Arty_Bottom,191,R110,resistor,resistor R272,Resistor_SMD,Resistor_SMD:R_0805_2012Metric,1333,1092,1373,1113,0.903,18,"(1332.0,1097.0); (1331.0,1110.0); (1334.0,1113.0); (1337.0,1113.0); (1338.0,1114.0); (1342.0,1114.0); (1343.0,1113.0); (1371.0,1114.0); (1373.0,1113.0); (1376.0,1109.0); (1375.0,1097.0); (1373.0,1094.0); (1370.0,1092.0); (1366.0,1092.0); (1365.0,1093.0); (1345.0,1093.0); (1339.0,1090.0); (1336.0,1090.0)","[[1332.0, 1097.0], [1331.0, 1110.0], [1334.0, 1113.0], [1337.0, 1113.0], [1338.0, 1114.0], [1342.0, 1114.0], [1343.0, 1113.0], [1371.0, 1114.0], [1373.0, 1113.0], [1376.0, 1109.0], [1375.0, 1097.0], [1373.0, 1094.0], [1370.0, 1092.0], [1366.0, 1092.0], [1365.0, 1093.0], [1345.0, 1093.0], [1339.0, 1090.0], [1336.0, 1090.0]]"
Arty_Bottom,192,R111,resistor,resistor R274,Resistor_SMD,Resistor_SMD:R_0805_2012Metric,1332,1228,1372,1249,0.92,18,"(1331.0,1228.0); (1332.0,1245.0); (1333.0,1246.0); (1333.0,1249.0); (1336.0,1253.0); (1340.0,1253.0); (1349.0,1250.0); (1363.0,1250.0); (1364.0,1251.0); (1370.0,1251.0); (1373.0,1247.0); (1374.0,1236.0); (1373.0,1235.0); (1373.0,1230.0); (1370.0,1227.0); (1347.0,1227.0); (1346.0,1226.0); (1336.0,1225.0)","[[1331.0, 1228.0], [1332.0, 1245.0], [1333.0, 1246.0], [1333.0, 1249.0], [1336.0, 1253.0], [1340.0, 1253.0], [1349.0, 1250.0], [1363.0, 1250.0], [1364.0, 1251.0], [1370.0, 1251.0], [1373.0, 1247.0], [1374.0, 1236.0], [1373.0, 1235.0], [1373.0, 1230.0], [1370.0, 1227.0], [1347.0, 1227.0], [1346.0, 1226.0], [1336.0, 1225.0]]"
Arty_Bottom,193,R112,resistor,resistor R273,Resistor_SMD,Resistor_SMD:R_0805_2012Metric,1332,1252,1372,1273,0.886,19,"(1332.0,1253.0); (1332.0,1256.0); (1331.0,1257.0); (1331.0,1267.0); (1332.0,1268.0); (1332.0,1271.0); (1335.0,1274.0); (1369.0,1274.0); (1373.0,1271.0); (1373.0,1268.0); (1374.0,1267.0); (1374.0,1258.0); (1372.0,1253.0); (1370.0,1251.0); (1345.0,1251.0); (1344.0,1250.0); (1339.0,1250.0); (1338.0,1249.0); (1333.0,1251.0)","[[1332.0, 1253.0], [1332.0, 1256.0], [1331.0, 1257.0], [1331.0, 1267.0], [1332.0, 1268.0], [1332.0, 1271.0], [1335.0, 1274.0], [1369.0, 1274.0], [1373.0, 1271.0], [1373.0, 1268.0], [1374.0, 1267.0], [1374.0, 1258.0], [1372.0, 1253.0], [1370.0, 1251.0], [1345.0, 1251.0], [1344.0, 1250.0], [1339.0, 1250.0], [1338.0, 1249.0], [1333.0, 1251.0]]"
Arty_Bottom,194,R113,resistor,resistor R270,Resistor_SMD,Resistor_SMD:R_0805_2012Metric,1331,1297,1373,1318,0.881,13,"(1331.0,1296.0); (1332.0,1316.0); (1335.0,1320.0); (1338.0,1321.0); (1347.0,1318.0); (1370.0,1318.0); (1373.0,1315.0); (1374.0,1312.0); (1374.0,1306.0); (1375.0,1305.0); (1375.0,1296.0); (1372.0,1294.0); (1334.0,1294.0)","[[1331.0, 1296.0], [1332.0, 1316.0], [1335.0, 1320.0], [1338.0, 1321.0], [1347.0, 1318.0], [1370.0, 1318.0], [1373.0, 1315.0], [1374.0, 1312.0], [1374.0, 1306.0], [1375.0, 1305.0], [1375.0, 1296.0], [1372.0, 1294.0], [1334.0, 1294.0]]"
Arty_Bottom,195,R114,resistor,resistor R269,Resistor_SMD,Resistor_SMD:R_0805_2012Metric,1331,1321,1373,1342,0.904,21,"(1330.0,1330.0); (1330.0,1340.0); (1331.0,1342.0); (1335.0,1345.0); (1346.0,1345.0); (1347.0,1344.0); (1351.0,1344.0); (1352.0,1345.0); (1366.0,1345.0); (1367.0,1344.0); (1371.0,1344.0); (1375.0,1339.0); (1375.0,1327.0); (1374.0,1324.0); (1371.0,1321.0); (1364.0,1321.0); (1363.0,1322.0); (1343.0,1322.0); (1342.0,1321.0); (1335.0,1321.0); (1332.0,1324.0)","[[1330.0, 1330.0], [1330.0, 1340.0], [1331.0, 1342.0], [1335.0, 1345.0], [1346.0, 1345.0], [1347.0, 1344.0], [1351.0, 1344.0], [1352.0, 1345.0], [1366.0, 1345.0], [1367.0, 1344.0], [1371.0, 1344.0], [1375.0, 1339.0], [1375.0, 1327.0], [1374.0, 1324.0], [1371.0, 1321.0], [1364.0, 1321.0], [1363.0, 1322.0], [1343.0, 1322.0], [1342.0, 1321.0], [1335.0, 1321.0], [1332.0, 1324.0]]"
Arty_Bottom,196,C75,capacitor,capacitor C45,Capacitor_SMD,Capacitor_SMD:C_0805_2012Metric,1460,1126,1518,1151,0.919,18,"(1462.0,1130.0); (1462.0,1139.0); (1461.0,1140.0); (1462.0,1146.0); (1467.0,1151.0); (1478.0,1151.0); (1479.0,1152.0); (1507.0,1151.0); (1514.0,1149.0); (1517.0,1146.0); (1518.0,1143.0); (1517.0,1130.0); (1513.0,1126.0); (1509.0,1125.0); (1492.0,1125.0); (1491.0,1124.0); (1470.0,1125.0); (1464.0,1127.0)","[[1462.0, 1130.0], [1462.0, 1139.0], [1461.0, 1140.0], [1462.0, 1146.0], [1467.0, 1151.0], [1478.0, 1151.0], [1479.0, 1152.0], [1507.0, 1151.0], [1514.0, 1149.0], [1517.0, 1146.0], [1518.0, 1143.0], [1517.0, 1130.0], [1513.0, 1126.0], [1509.0, 1125.0], [1492.0, 1125.0], [1491.0, 1124.0], [1470.0, 1125.0], [1464.0, 1127.0]]"
Arty_Bottom,197,C76,capacitor,capacitor C18,Capacitor_SMD,Capacitor_SMD:C_0805_2012Metric,1461,1162,1519,1187,0.923,15,"(1462.0,1167.0); (1461.0,1178.0); (1463.0,1184.0); (1467.0,1187.0); (1472.0,1187.0); (1473.0,1186.0); (1482.0,1186.0); (1483.0,1187.0); (1510.0,1186.0); (1515.0,1184.0); (1518.0,1178.0); (1517.0,1167.0); (1513.0,1164.0); (1468.0,1163.0); (1463.0,1165.0)","[[1462.0, 1167.0], [1461.0, 1178.0], [1463.0, 1184.0], [1467.0, 1187.0], [1472.0, 1187.0], [1473.0, 1186.0], [1482.0, 1186.0], [1483.0, 1187.0], [1510.0, 1186.0], [1515.0, 1184.0], [1518.0, 1178.0], [1517.0, 1167.0], [1513.0, 1164.0], [1468.0, 1163.0], [1463.0, 1165.0]]"
Arty_Bottom,198,C77,capacitor,capacitor C44,Capacitor_SMD,Capacitor_SMD:C_0805_2012Metric,1459,1199,1517,1224,0.931,21,"(1460.0,1200.0); (1460.0,1216.0); (1459.0,1217.0); (1460.0,1220.0); (1463.0,1222.0); (1475.0,1223.0); (1476.0,1224.0); (1486.0,1224.0); (1487.0,1225.0); (1506.0,1224.0); (1507.0,1223.0); (1512.0,1223.0); (1515.0,1221.0); (1517.0,1216.0); (1517.0,1205.0); (1512.0,1200.0); (1500.0,1200.0); (1499.0,1199.0); (1498.0,1200.0); (1470.0,1200.0); (1469.0,1199.0)","[[1460.0, 1200.0], [1460.0, 1216.0], [1459.0, 1217.0], [1460.0, 1220.0], [1463.0, 1222.0], [1475.0, 1223.0], [1476.0, 1224.0], [1486.0, 1224.0], [1487.0, 1225.0], [1506.0, 1224.0], [1507.0, 1223.0], [1512.0, 1223.0], [1515.0, 1221.0], [1517.0, 1216.0], [1517.0, 1205.0], [1512.0, 1200.0], [1500.0, 1200.0], [1499.0, 1199.0], [1498.0, 1200.0], [1470.0, 1200.0], [1469.0, 1199.0]]"
Arty_Bottom,199,C78,capacitor,capacitor C43,Capacitor_SMD,Capacitor_SMD:C_0805_2012Metric,1528,1116,1626,1187,0.955,12,"(1530.0,1119.0); (1528.0,1164.0); (1533.0,1185.0); (1542.0,1187.0); (1586.0,1187.0); (1611.0,1184.0); (1621.0,1179.0); (1624.0,1162.0); (1624.0,1128.0); (1621.0,1120.0); (1609.0,1117.0); (1536.0,1117.0)","[[1530.0, 1119.0], [1528.0, 1164.0], [1533.0, 1185.0], [1542.0, 1187.0], [1586.0, 1187.0], [1611.0, 1184.0], [1621.0, 1179.0], [1624.0, 1162.0], [1624.0, 1128.0], [1621.0, 1120.0], [1609.0, 1117.0], [1536.0, 1117.0]]"
Arty_Bottom,200,C79,capacitor,capacitor C16,Capacitor_SMD,Capacitor_SMD:C_0805_2012Metric,1529,1193,1597,1233,0.933,14,"(1594.0,1197.0); (1587.0,1192.0); (1579.0,1191.0); (1541.0,1192.0); (1534.0,1194.0); (1531.0,1196.0); (1530.0,1199.0); (1531.0,1227.0); (1534.0,1230.0); (1540.0,1232.0); (1578.0,1233.0); (1589.0,1232.0); (1595.0,1226.0); (1596.0,1206.0)","[[1594.0, 1197.0], [1587.0, 1192.0], [1579.0, 1191.0], [1541.0, 1192.0], [1534.0, 1194.0], [1531.0, 1196.0], [1530.0, 1199.0], [1531.0, 1227.0], [1534.0, 1230.0], [1540.0, 1232.0], [1578.0, 1233.0], [1589.0, 1232.0], [1595.0, 1226.0], [1596.0, 1206.0]]"
Arty_Bottom,201,C80,capacitor,capacitor C20,Capacitor_SMD,Capacitor_SMD:C_0805_2012Metric,1334,1136,1347,1163,0.917,19,"(1347.0,1132.0); (1344.0,1132.0); (1343.0,1133.0); (1337.0,1133.0); (1334.0,1137.0); (1334.0,1140.0); (1333.0,1141.0); (1333.0,1154.0); (1334.0,1155.0); (1334.0,1158.0); (1337.0,1162.0); (1343.0,1162.0); (1344.0,1161.0); (1346.0,1161.0); (1347.0,1160.0); (1347.0,1158.0); (1348.0,1157.0); (1348.0,1135.0); (1347.0,1134.0)","[[1347.0, 1132.0], [1344.0, 1132.0], [1343.0, 1133.0], [1337.0, 1133.0], [1334.0, 1137.0], [1334.0, 1140.0], [1333.0, 1141.0], [1333.0, 1154.0], [1334.0, 1155.0], [1334.0, 1158.0], [1337.0, 1162.0], [1343.0, 1162.0], [1344.0, 1161.0], [1346.0, 1161.0], [1347.0, 1160.0], [1347.0, 1158.0], [1348.0, 1157.0], [1348.0, 1135.0], [1347.0, 1134.0]]"
Arty_Bottom,202,C81,capacitor,capacitor C50,Capacitor_SMD,Capacitor_SMD:C_0805_2012Metric,1357,1136,1370,1163,0.86,25,"(1369.0,1129.0); (1368.0,1129.0); (1367.0,1130.0); (1365.0,1130.0); (1364.0,1131.0); (1361.0,1131.0); (1358.0,1134.0); (1358.0,1135.0); (1357.0,1136.0); (1357.0,1140.0); (1356.0,1141.0); (1356.0,1155.0); (1357.0,1156.0); (1357.0,1158.0); (1360.0,1161.0); (1363.0,1161.0); (1364.0,1162.0); (1367.0,1162.0); (1368.0,1163.0); (1371.0,1160.0); (1371.0,1157.0); (1372.0,1156.0); (1372.0,1145.0); (1371.0,1144.0); (1371.0,1132.0)","[[1369.0, 1129.0], [1368.0, 1129.0], [1367.0, 1130.0], [1365.0, 1130.0], [1364.0, 1131.0], [1361.0, 1131.0], [1358.0, 1134.0], [1358.0, 1135.0], [1357.0, 1136.0], [1357.0, 1140.0], [1356.0, 1141.0], [1356.0, 1155.0], [1357.0, 1156.0], [1357.0, 1158.0], [1360.0, 1161.0], [1363.0, 1161.0], [1364.0, 1162.0], [1367.0, 1162.0], [1368.0, 1163.0], [1371.0, 1160.0], [1371.0, 1157.0], [1372.0, 1156.0], [1372.0, 1145.0], [1371.0, 1144.0], [1371.0, 1132.0]]"
Arty_Bottom,203,C82,capacitor,capacitor C51,Capacitor_SMD,Capacitor_SMD:C_0805_2012Metric,1334,1185,1347,1212,0.908,20,"(1339.0,1181.0); (1338.0,1182.0); (1336.0,1182.0); (1334.0,1184.0); (1334.0,1186.0); (1333.0,1187.0); (1333.0,1207.0); (1334.0,1208.0); (1334.0,1210.0); (1336.0,1213.0); (1345.0,1213.0); (1346.0,1212.0); (1347.0,1212.0); (1347.0,1208.0); (1348.0,1207.0); (1348.0,1187.0); (1347.0,1186.0); (1347.0,1183.0); (1346.0,1182.0); (1340.0,1182.0)","[[1339.0, 1181.0], [1338.0, 1182.0], [1336.0, 1182.0], [1334.0, 1184.0], [1334.0, 1186.0], [1333.0, 1187.0], [1333.0, 1207.0], [1334.0, 1208.0], [1334.0, 1210.0], [1336.0, 1213.0], [1345.0, 1213.0], [1346.0, 1212.0], [1347.0, 1212.0], [1347.0, 1208.0], [1348.0, 1207.0], [1348.0, 1187.0], [1347.0, 1186.0], [1347.0, 1183.0], [1346.0, 1182.0], [1340.0, 1182.0]]"
Arty_Bottom,204,C83,capacitor,capacitor C52,Capacitor_SMD,Capacitor_SMD:C_0805_2012Metric,1356,1185,1369,1212,0.866,14,"(1361.0,1181.0); (1360.0,1182.0); (1358.0,1182.0); (1355.0,1186.0); (1355.0,1193.0); (1356.0,1194.0); (1356.0,1210.0); (1359.0,1214.0); (1362.0,1214.0); (1363.0,1215.0); (1369.0,1215.0); (1371.0,1211.0); (1371.0,1184.0); (1368.0,1181.0)","[[1361.0, 1181.0], [1360.0, 1182.0], [1358.0, 1182.0], [1355.0, 1186.0], [1355.0, 1193.0], [1356.0, 1194.0], [1356.0, 1210.0], [1359.0, 1214.0], [1362.0, 1214.0], [1363.0, 1215.0], [1369.0, 1215.0], [1371.0, 1211.0], [1371.0, 1184.0], [1368.0, 1181.0]]"
Arty_Bottom,205,C84,capacitor,capacitor C172,Capacitor_SMD,Capacitor_SMD:C_0805_2012Metric,1598,1389,1618,1428,0.916,16,"(1615.0,1384.0); (1600.0,1384.0); (1597.0,1385.0); (1595.0,1388.0); (1593.0,1427.0); (1594.0,1428.0); (1594.0,1431.0); (1596.0,1433.0); (1604.0,1432.0); (1605.0,1431.0); (1614.0,1431.0); (1617.0,1429.0); (1617.0,1425.0); (1618.0,1424.0); (1618.0,1388.0); (1617.0,1385.0)","[[1615.0, 1384.0], [1600.0, 1384.0], [1597.0, 1385.0], [1595.0, 1388.0], [1593.0, 1427.0], [1594.0, 1428.0], [1594.0, 1431.0], [1596.0, 1433.0], [1604.0, 1432.0], [1605.0, 1431.0], [1614.0, 1431.0], [1617.0, 1429.0], [1617.0, 1425.0], [1618.0, 1424.0], [1618.0, 1388.0], [1617.0, 1385.0]]"
Arty_Bottom,206,C85,capacitor,capacitor C171,Capacitor_SMD,Capacitor_SMD:C_0805_2012Metric,1649,1390,1669,1429,0.906,23,"(1652.0,1385.0); (1649.0,1390.0); (1649.0,1410.0); (1650.0,1411.0); (1649.0,1427.0); (1650.0,1428.0); (1650.0,1431.0); (1652.0,1433.0); (1657.0,1433.0); (1658.0,1434.0); (1670.0,1433.0); (1671.0,1432.0); (1671.0,1426.0); (1672.0,1425.0); (1672.0,1417.0); (1671.0,1416.0); (1671.0,1412.0); (1672.0,1411.0); (1672.0,1393.0); (1671.0,1392.0); (1671.0,1389.0); (1670.0,1387.0); (1666.0,1385.0)","[[1652.0, 1385.0], [1649.0, 1390.0], [1649.0, 1410.0], [1650.0, 1411.0], [1649.0, 1427.0], [1650.0, 1428.0], [1650.0, 1431.0], [1652.0, 1433.0], [1657.0, 1433.0], [1658.0, 1434.0], [1670.0, 1433.0], [1671.0, 1432.0], [1671.0, 1426.0], [1672.0, 1425.0], [1672.0, 1417.0], [1671.0, 1416.0], [1671.0, 1412.0], [1672.0, 1411.0], [1672.0, 1393.0], [1671.0, 1392.0], [1671.0, 1389.0], [1670.0, 1387.0], [1666.0, 1385.0]]"
Arty_Bottom,207,U4,component,"""ferrite bead"" FB4",Generic_Component,Package_SO:SOIC-8_3.9x4.9mm_P1.27mm,1624,1386,1646,1432,0.905,14,"(1640.0,1382.0); (1627.0,1383.0); (1625.0,1384.0); (1624.0,1386.0); (1624.0,1431.0); (1625.0,1433.0); (1627.0,1434.0); (1644.0,1434.0); (1645.0,1433.0); (1645.0,1427.0); (1646.0,1426.0); (1645.0,1424.0); (1645.0,1388.0); (1644.0,1385.0)","[[1640.0, 1382.0], [1627.0, 1383.0], [1625.0, 1384.0], [1624.0, 1386.0], [1624.0, 1431.0], [1625.0, 1433.0], [1627.0, 1434.0], [1644.0, 1434.0], [1645.0, 1433.0], [1645.0, 1427.0], [1646.0, 1426.0], [1645.0, 1424.0], [1645.0, 1388.0], [1644.0, 1385.0]]"
Arty_Bottom,208,R115,resistor,resistor R226,Resistor_SMD,Resistor_SMD:R_0805_2012Metric,1810,1396,1829,1436,0.887,21,"(1814.0,1393.0); (1811.0,1396.0); (1811.0,1399.0); (1810.0,1400.0); (1810.0,1408.0); (1811.0,1409.0); (1810.0,1434.0); (1811.0,1436.0); (1813.0,1437.0); (1826.0,1438.0); (1830.0,1435.0); (1829.0,1427.0); (1828.0,1426.0); (1828.0,1415.0); (1829.0,1414.0); (1830.0,1400.0); (1829.0,1399.0); (1829.0,1397.0); (1826.0,1394.0); (1824.0,1394.0); (1823.0,1393.0)","[[1814.0, 1393.0], [1811.0, 1396.0], [1811.0, 1399.0], [1810.0, 1400.0], [1810.0, 1408.0], [1811.0, 1409.0], [1810.0, 1434.0], [1811.0, 1436.0], [1813.0, 1437.0], [1826.0, 1438.0], [1830.0, 1435.0], [1829.0, 1427.0], [1828.0, 1426.0], [1828.0, 1415.0], [1829.0, 1414.0], [1830.0, 1400.0], [1829.0, 1399.0], [1829.0, 1397.0], [1826.0, 1394.0], [1824.0, 1394.0], [1823.0, 1393.0]]"
Arty_Bottom,209,R116,resistor,resistor R220,Resistor_SMD,Resistor_SMD:R_0805_2012Metric,1835,1396,1854,1436,0.862,21,"(1837.0,1392.0); (1835.0,1396.0); (1835.0,1411.0); (1836.0,1412.0); (1836.0,1415.0); (1835.0,1416.0); (1835.0,1435.0); (1839.0,1438.0); (1852.0,1438.0); (1856.0,1436.0); (1856.0,1432.0); (1855.0,1431.0); (1855.0,1419.0); (1854.0,1418.0); (1854.0,1411.0); (1855.0,1410.0); (1855.0,1404.0); (1856.0,1403.0); (1855.0,1395.0); (1852.0,1394.0); (1841.0,1394.0)","[[1837.0, 1392.0], [1835.0, 1396.0], [1835.0, 1411.0], [1836.0, 1412.0], [1836.0, 1415.0], [1835.0, 1416.0], [1835.0, 1435.0], [1839.0, 1438.0], [1852.0, 1438.0], [1856.0, 1436.0], [1856.0, 1432.0], [1855.0, 1431.0], [1855.0, 1419.0], [1854.0, 1418.0], [1854.0, 1411.0], [1855.0, 1410.0], [1855.0, 1404.0], [1856.0, 1403.0], [1855.0, 1395.0], [1852.0, 1394.0], [1841.0, 1394.0]]"
Arty_Bottom,210,R117,resistor,resistor R218,Resistor_SMD,Resistor_SMD:R_0805_2012Metric,1860,1396,1879,1436,0.921,18,"(1878.0,1391.0); (1870.0,1392.0); (1869.0,1393.0); (1861.0,1393.0); (1861.0,1396.0); (1860.0,1397.0); (1860.0,1412.0); (1859.0,1413.0); (1859.0,1433.0); (1860.0,1436.0); (1862.0,1438.0); (1865.0,1439.0); (1878.0,1439.0); (1880.0,1436.0); (1880.0,1426.0); (1881.0,1425.0); (1881.0,1395.0); (1880.0,1392.0)","[[1878.0, 1391.0], [1870.0, 1392.0], [1869.0, 1393.0], [1861.0, 1393.0], [1861.0, 1396.0], [1860.0, 1397.0], [1860.0, 1412.0], [1859.0, 1413.0], [1859.0, 1433.0], [1860.0, 1436.0], [1862.0, 1438.0], [1865.0, 1439.0], [1878.0, 1439.0], [1880.0, 1436.0], [1880.0, 1426.0], [1881.0, 1425.0], [1881.0, 1395.0], [1880.0, 1392.0]]"
Arty_Bottom,211,R118,resistor,resistor R236,Resistor_SMD,Resistor_SMD:R_0805_2012Metric,1897,1397,1916,1437,0.908,18,"(1895.0,1393.0); (1893.0,1395.0); (1893.0,1435.0); (1895.0,1438.0); (1898.0,1439.0); (1913.0,1439.0); (1916.0,1437.0); (1917.0,1434.0); (1916.0,1433.0); (1916.0,1427.0); (1915.0,1426.0); (1915.0,1422.0); (1916.0,1421.0); (1916.0,1399.0); (1914.0,1395.0); (1912.0,1394.0); (1909.0,1394.0); (1908.0,1393.0)","[[1895.0, 1393.0], [1893.0, 1395.0], [1893.0, 1435.0], [1895.0, 1438.0], [1898.0, 1439.0], [1913.0, 1439.0], [1916.0, 1437.0], [1917.0, 1434.0], [1916.0, 1433.0], [1916.0, 1427.0], [1915.0, 1426.0], [1915.0, 1422.0], [1916.0, 1421.0], [1916.0, 1399.0], [1914.0, 1395.0], [1912.0, 1394.0], [1909.0, 1394.0], [1908.0, 1393.0]]"
Arty_Bottom,212,R119,resistor,resistor R233,Resistor_SMD,Resistor_SMD:R_0805_2012Metric,1922,1397,1941,1437,0.88,22,"(1923.0,1393.0); (1922.0,1394.0); (1922.0,1399.0); (1921.0,1400.0); (1921.0,1406.0); (1922.0,1407.0); (1922.0,1429.0); (1921.0,1430.0); (1921.0,1435.0); (1922.0,1438.0); (1924.0,1440.0); (1927.0,1439.0); (1939.0,1439.0); (1942.0,1437.0); (1942.0,1428.0); (1941.0,1427.0); (1941.0,1405.0); (1942.0,1404.0); (1942.0,1401.0); (1941.0,1400.0); (1941.0,1397.0); (1938.0,1395.0)","[[1923.0, 1393.0], [1922.0, 1394.0], [1922.0, 1399.0], [1921.0, 1400.0], [1921.0, 1406.0], [1922.0, 1407.0], [1922.0, 1429.0], [1921.0, 1430.0], [1921.0, 1435.0], [1922.0, 1438.0], [1924.0, 1440.0], [1927.0, 1439.0], [1939.0, 1439.0], [1942.0, 1437.0], [1942.0, 1428.0], [1941.0, 1427.0], [1941.0, 1405.0], [1942.0, 1404.0], [1942.0, 1401.0], [1941.0, 1400.0], [1941.0, 1397.0], [1938.0, 1395.0]]"
Arty_Bottom,213,R120,resistor,resistor R229,Resistor_SMD,Resistor_SMD:R_0805_2012Metric,1946,1397,1965,1437,0.886,18,"(1964.0,1394.0); (1962.0,1395.0); (1953.0,1395.0); (1948.0,1397.0); (1947.0,1399.0); (1947.0,1408.0); (1946.0,1409.0); (1946.0,1434.0); (1947.0,1435.0); (1947.0,1437.0); (1949.0,1439.0); (1951.0,1439.0); (1952.0,1440.0); (1963.0,1440.0); (1965.0,1438.0); (1965.0,1409.0); (1966.0,1408.0); (1966.0,1399.0)","[[1964.0, 1394.0], [1962.0, 1395.0], [1953.0, 1395.0], [1948.0, 1397.0], [1947.0, 1399.0], [1947.0, 1408.0], [1946.0, 1409.0], [1946.0, 1434.0], [1947.0, 1435.0], [1947.0, 1437.0], [1949.0, 1439.0], [1951.0, 1439.0], [1952.0, 1440.0], [1963.0, 1440.0], [1965.0, 1438.0], [1965.0, 1409.0], [1966.0, 1408.0], [1966.0, 1399.0]]"
Arty_Bottom,214,R121,resistor,resistor R227,Resistor_SMD,Resistor_SMD:R_0805_2012Metric,1971,1397,1990,1437,0.922,19,"(1990.0,1394.0); (1987.0,1394.0); (1986.0,1393.0); (1985.0,1394.0); (1977.0,1394.0); (1975.0,1395.0); (1972.0,1399.0); (1972.0,1425.0); (1971.0,1426.0); (1970.0,1436.0); (1973.0,1439.0); (1977.0,1439.0); (1978.0,1440.0); (1989.0,1440.0); (1993.0,1437.0); (1994.0,1434.0); (1993.0,1431.0); (1994.0,1400.0); (1993.0,1397.0)","[[1990.0, 1394.0], [1987.0, 1394.0], [1986.0, 1393.0], [1985.0, 1394.0], [1977.0, 1394.0], [1975.0, 1395.0], [1972.0, 1399.0], [1972.0, 1425.0], [1971.0, 1426.0], [1970.0, 1436.0], [1973.0, 1439.0], [1977.0, 1439.0], [1978.0, 1440.0], [1989.0, 1440.0], [1993.0, 1437.0], [1994.0, 1434.0], [1993.0, 1431.0], [1994.0, 1400.0], [1993.0, 1397.0]]"
Arty_Bottom,215,R122,resistor,resistor R172,Resistor_SMD,Resistor_SMD:R_0805_2012Metric,2214,1022,2254,1043,0.907,14,"(2209.0,1024.0); (2209.0,1037.0); (2211.0,1044.0); (2214.0,1045.0); (2240.0,1044.0); (2241.0,1045.0); (2254.0,1045.0); (2255.0,1046.0); (2258.0,1044.0); (2258.0,1022.0); (2257.0,1020.0); (2223.0,1020.0); (2222.0,1019.0); (2213.0,1019.0)","[[2209.0, 1024.0], [2209.0, 1037.0], [2211.0, 1044.0], [2214.0, 1045.0], [2240.0, 1044.0], [2241.0, 1045.0], [2254.0, 1045.0], [2255.0, 1046.0], [2258.0, 1044.0], [2258.0, 1022.0], [2257.0, 1020.0], [2223.0, 1020.0], [2222.0, 1019.0], [2213.0, 1019.0]]"
Arty_Bottom,216,R123,resistor,resistor R171,Resistor_SMD,Resistor_SMD:R_0805_2012Metric,2214,1121,2254,1142,0.929,17,"(2257.0,1116.0); (2253.0,1117.0); (2237.0,1117.0); (2236.0,1118.0); (2212.0,1118.0); (2208.0,1122.0); (2208.0,1138.0); (2207.0,1141.0); (2209.0,1143.0); (2213.0,1144.0); (2241.0,1144.0); (2242.0,1145.0); (2257.0,1144.0); (2259.0,1141.0); (2259.0,1135.0); (2258.0,1134.0); (2259.0,1122.0)","[[2257.0, 1116.0], [2253.0, 1117.0], [2237.0, 1117.0], [2236.0, 1118.0], [2212.0, 1118.0], [2208.0, 1122.0], [2208.0, 1138.0], [2207.0, 1141.0], [2209.0, 1143.0], [2213.0, 1144.0], [2241.0, 1144.0], [2242.0, 1145.0], [2257.0, 1144.0], [2259.0, 1141.0], [2259.0, 1135.0], [2258.0, 1134.0], [2259.0, 1122.0]]"
Arty_Bottom,217,R124,resistor,resistor R169,Resistor_SMD,Resistor_SMD:R_0805_2012Metric,2213,1170,2253,1191,0.898,13,"(2208.0,1173.0); (2208.0,1182.0); (2207.0,1185.0); (2209.0,1191.0); (2213.0,1194.0); (2257.0,1195.0); (2258.0,1192.0); (2258.0,1171.0); (2257.0,1168.0); (2222.0,1168.0); (2221.0,1167.0); (2215.0,1167.0); (2212.0,1168.0)","[[2208.0, 1173.0], [2208.0, 1182.0], [2207.0, 1185.0], [2209.0, 1191.0], [2213.0, 1194.0], [2257.0, 1195.0], [2258.0, 1192.0], [2258.0, 1171.0], [2257.0, 1168.0], [2222.0, 1168.0], [2221.0, 1167.0], [2215.0, 1167.0], [2212.0, 1168.0]]"
Arty_Bottom,218,C86,capacitor,capacitor C195,Capacitor_SMD,Capacitor_SMD:C_0805_2012Metric,2221,1050,2247,1064,0.813,20,"(2219.0,1054.0); (2219.0,1058.0); (2220.0,1059.0); (2220.0,1060.0); (2224.0,1063.0); (2233.0,1063.0); (2234.0,1064.0); (2250.0,1064.0); (2253.0,1061.0); (2253.0,1059.0); (2254.0,1058.0); (2254.0,1055.0); (2253.0,1054.0); (2253.0,1053.0); (2251.0,1051.0); (2247.0,1051.0); (2246.0,1050.0); (2227.0,1050.0); (2226.0,1051.0); (2223.0,1051.0)","[[2219.0, 1054.0], [2219.0, 1058.0], [2220.0, 1059.0], [2220.0, 1060.0], [2224.0, 1063.0], [2233.0, 1063.0], [2234.0, 1064.0], [2250.0, 1064.0], [2253.0, 1061.0], [2253.0, 1059.0], [2254.0, 1058.0], [2254.0, 1055.0], [2253.0, 1054.0], [2253.0, 1053.0], [2251.0, 1051.0], [2247.0, 1051.0], [2246.0, 1050.0], [2227.0, 1050.0], [2226.0, 1051.0], [2223.0, 1051.0]]"
Arty_Bottom,219,C87,capacitor,capacitor C94,Capacitor_SMD,Capacitor_SMD:C_0805_2012Metric,2220,1149,2247,1164,0.835,24,"(2214.0,1163.0); (2216.0,1163.0); (2217.0,1164.0); (2223.0,1164.0); (2224.0,1165.0); (2232.0,1165.0); (2233.0,1164.0); (2238.0,1164.0); (2239.0,1165.0); (2249.0,1165.0); (2250.0,1164.0); (2254.0,1163.0); (2252.0,1160.0); (2252.0,1157.0); (2251.0,1156.0); (2250.0,1152.0); (2247.0,1150.0); (2244.0,1150.0); (2243.0,1149.0); (2227.0,1149.0); (2226.0,1150.0); (2224.0,1150.0); (2220.0,1153.0); (2218.0,1159.0)","[[2214.0, 1163.0], [2216.0, 1163.0], [2217.0, 1164.0], [2223.0, 1164.0], [2224.0, 1165.0], [2232.0, 1165.0], [2233.0, 1164.0], [2238.0, 1164.0], [2239.0, 1165.0], [2249.0, 1165.0], [2250.0, 1164.0], [2254.0, 1163.0], [2252.0, 1160.0], [2252.0, 1157.0], [2251.0, 1156.0], [2250.0, 1152.0], [2247.0, 1150.0], [2244.0, 1150.0], [2243.0, 1149.0], [2227.0, 1149.0], [2226.0, 1150.0], [2224.0, 1150.0], [2220.0, 1153.0], [2218.0, 1159.0]]"
Arty_Bottom,220,C88,capacitor,capacitor C185,Capacitor_SMD,Capacitor_SMD:C_0805_2012Metric,2219,1199,2246,1214,0.889,23,"(2219.0,1205.0); (2219.0,1206.0); (2220.0,1207.0); (2220.0,1209.0); (2223.0,1212.0); (2225.0,1212.0); (2226.0,1213.0); (2230.0,1213.0); (2231.0,1212.0); (2243.0,1212.0); (2244.0,1211.0); (2246.0,1211.0); (2247.0,1210.0); (2248.0,1210.0); (2248.0,1209.0); (2249.0,1208.0); (2249.0,1202.0); (2246.0,1199.0); (2225.0,1199.0); (2224.0,1200.0); (2221.0,1200.0); (2220.0,1201.0); (2220.0,1204.0)","[[2219.0, 1205.0], [2219.0, 1206.0], [2220.0, 1207.0], [2220.0, 1209.0], [2223.0, 1212.0], [2225.0, 1212.0], [2226.0, 1213.0], [2230.0, 1213.0], [2231.0, 1212.0], [2243.0, 1212.0], [2244.0, 1211.0], [2246.0, 1211.0], [2247.0, 1210.0], [2248.0, 1210.0], [2248.0, 1209.0], [2249.0, 1208.0], [2249.0, 1202.0], [2246.0, 1199.0], [2225.0, 1199.0], [2224.0, 1200.0], [2221.0, 1200.0], [2220.0, 1201.0], [2220.0, 1204.0]]"
Arty_Bottom,221,R125,resistor,resistor R179,Resistor_SMD,Resistor_SMD:R_0805_2012Metric,2174,1270,2215,1290,0.917,19,"(2217.0,1268.0); (2215.0,1266.0); (2208.0,1266.0); (2207.0,1267.0); (2176.0,1267.0); (2173.0,1268.0); (2170.0,1271.0); (2169.0,1275.0); (2169.0,1286.0); (2170.0,1290.0); (2173.0,1293.0); (2177.0,1293.0); (2178.0,1294.0); (2186.0,1294.0); (2187.0,1293.0); (2215.0,1294.0); (2218.0,1291.0); (2218.0,1286.0); (2219.0,1285.0)","[[2217.0, 1268.0], [2215.0, 1266.0], [2208.0, 1266.0], [2207.0, 1267.0], [2176.0, 1267.0], [2173.0, 1268.0], [2170.0, 1271.0], [2169.0, 1275.0], [2169.0, 1286.0], [2170.0, 1290.0], [2173.0, 1293.0], [2177.0, 1293.0], [2178.0, 1294.0], [2186.0, 1294.0], [2187.0, 1293.0], [2215.0, 1294.0], [2218.0, 1291.0], [2218.0, 1286.0], [2219.0, 1285.0]]"
Arty_Bottom,222,R126,resistor,resistor R260,Resistor_SMD,Resistor_SMD:R_0805_2012Metric,2197,1384,2216,1424,0.875,19,"(2202.0,1382.0); (2200.0,1384.0); (2200.0,1390.0); (2199.0,1391.0); (2199.0,1423.0); (2200.0,1425.0); (2203.0,1427.0); (2210.0,1427.0); (2211.0,1426.0); (2213.0,1426.0); (2216.0,1422.0); (2216.0,1413.0); (2217.0,1412.0); (2217.0,1410.0); (2216.0,1409.0); (2216.0,1402.0); (2217.0,1401.0); (2217.0,1386.0); (2215.0,1382.0)","[[2202.0, 1382.0], [2200.0, 1384.0], [2200.0, 1390.0], [2199.0, 1391.0], [2199.0, 1423.0], [2200.0, 1425.0], [2203.0, 1427.0], [2210.0, 1427.0], [2211.0, 1426.0], [2213.0, 1426.0], [2216.0, 1422.0], [2216.0, 1413.0], [2217.0, 1412.0], [2217.0, 1410.0], [2216.0, 1409.0], [2216.0, 1402.0], [2217.0, 1401.0], [2217.0, 1386.0], [2215.0, 1382.0]]"
Arty_Bottom,223,R127,resistor,resistor R258,Resistor_SMD,Resistor_SMD:R_0805_2012Metric,2170,1382,2189,1422,0.855,21,"(2169.0,1380.0); (2167.0,1382.0); (2167.0,1385.0); (2168.0,1386.0); (2168.0,1424.0); (2171.0,1426.0); (2176.0,1426.0); (2177.0,1427.0); (2189.0,1426.0); (2191.0,1425.0); (2192.0,1423.0); (2190.0,1417.0); (2190.0,1397.0); (2191.0,1396.0); (2191.0,1385.0); (2190.0,1382.0); (2187.0,1380.0); (2183.0,1380.0); (2182.0,1379.0); (2173.0,1379.0); (2172.0,1380.0)","[[2169.0, 1380.0], [2167.0, 1382.0], [2167.0, 1385.0], [2168.0, 1386.0], [2168.0, 1424.0], [2171.0, 1426.0], [2176.0, 1426.0], [2177.0, 1427.0], [2189.0, 1426.0], [2191.0, 1425.0], [2192.0, 1423.0], [2190.0, 1417.0], [2190.0, 1397.0], [2191.0, 1396.0], [2191.0, 1385.0], [2190.0, 1382.0], [2187.0, 1380.0], [2183.0, 1380.0], [2182.0, 1379.0], [2173.0, 1379.0], [2172.0, 1380.0]]"
Arty_Bottom,224,C89,capacitor,capacitor C183,Capacitor_SMD,Capacitor_SMD:C_0805_2012Metric,2223,1384,2241,1425,0.884,14,"(2227.0,1381.0); (2224.0,1383.0); (2224.0,1386.0); (2223.0,1387.0); (2223.0,1423.0); (2226.0,1426.0); (2238.0,1426.0); (2239.0,1425.0); (2241.0,1425.0); (2243.0,1423.0); (2243.0,1418.0); (2244.0,1417.0); (2244.0,1383.0); (2239.0,1381.0)","[[2227.0, 1381.0], [2224.0, 1383.0], [2224.0, 1386.0], [2223.0, 1387.0], [2223.0, 1423.0], [2226.0, 1426.0], [2238.0, 1426.0], [2239.0, 1425.0], [2241.0, 1425.0], [2243.0, 1423.0], [2243.0, 1418.0], [2244.0, 1417.0], [2244.0, 1383.0], [2239.0, 1381.0]]"
Arty_Bottom,225,C90,capacitor,capacitor C181,Capacitor_SMD,Capacitor_SMD:C_0805_2012Metric,2222,1433,2241,1474,0.902,15,"(2226.0,1432.0); (2221.0,1434.0); (2219.0,1437.0); (2218.0,1477.0); (2238.0,1477.0); (2242.0,1474.0); (2244.0,1469.0); (2244.0,1463.0); (2243.0,1462.0); (2243.0,1448.0); (2244.0,1447.0); (2243.0,1446.0); (2243.0,1436.0); (2242.0,1434.0); (2238.0,1432.0)","[[2226.0, 1432.0], [2221.0, 1434.0], [2219.0, 1437.0], [2218.0, 1477.0], [2238.0, 1477.0], [2242.0, 1474.0], [2244.0, 1469.0], [2244.0, 1463.0], [2243.0, 1462.0], [2243.0, 1448.0], [2244.0, 1447.0], [2243.0, 1446.0], [2243.0, 1436.0], [2242.0, 1434.0], [2238.0, 1432.0]]"
Arty_Bottom,226,R128,resistor,resistor R277,Resistor_SMD,Resistor_SMD:R_0805_2012Metric,2322,1348,2361,1368,0.909,11,"(2315.0,1348.0); (2315.0,1366.0); (2316.0,1369.0); (2320.0,1371.0); (2359.0,1371.0); (2362.0,1368.0); (2362.0,1365.0); (2363.0,1364.0); (2363.0,1349.0); (2357.0,1345.0); (2320.0,1344.0)","[[2315.0, 1348.0], [2315.0, 1366.0], [2316.0, 1369.0], [2320.0, 1371.0], [2359.0, 1371.0], [2362.0, 1368.0], [2362.0, 1365.0], [2363.0, 1364.0], [2363.0, 1349.0], [2357.0, 1345.0], [2320.0, 1344.0]]"
Arty_Bottom,227,R129,resistor,resistor R256,Resistor_SMD,Resistor_SMD:R_0805_2012Metric,2396,1349,2417,1388,0.874,12,"(2401.0,1345.0); (2397.0,1348.0); (2397.0,1379.0); (2396.0,1380.0); (2396.0,1391.0); (2399.0,1392.0); (2413.0,1392.0); (2416.0,1391.0); (2418.0,1387.0); (2419.0,1349.0); (2418.0,1347.0); (2415.0,1345.0)","[[2401.0, 1345.0], [2397.0, 1348.0], [2397.0, 1379.0], [2396.0, 1380.0], [2396.0, 1391.0], [2399.0, 1392.0], [2413.0, 1392.0], [2416.0, 1391.0], [2418.0, 1387.0], [2419.0, 1349.0], [2418.0, 1347.0], [2415.0, 1345.0]]"
Arty_Bottom,228,R130,resistor,resistor R254,Resistor_SMD,Resistor_SMD:R_0805_2012Metric,2423,1371,2464,1392,0.939,17,"(2467.0,1371.0); (2463.0,1367.0); (2427.0,1368.0); (2422.0,1370.0); (2422.0,1373.0); (2421.0,1374.0); (2421.0,1392.0); (2423.0,1394.0); (2426.0,1394.0); (2427.0,1395.0); (2443.0,1395.0); (2444.0,1396.0); (2461.0,1396.0); (2464.0,1395.0); (2467.0,1392.0); (2467.0,1386.0); (2468.0,1385.0)","[[2467.0, 1371.0], [2463.0, 1367.0], [2427.0, 1368.0], [2422.0, 1370.0], [2422.0, 1373.0], [2421.0, 1374.0], [2421.0, 1392.0], [2423.0, 1394.0], [2426.0, 1394.0], [2427.0, 1395.0], [2443.0, 1395.0], [2444.0, 1396.0], [2461.0, 1396.0], [2464.0, 1395.0], [2467.0, 1392.0], [2467.0, 1386.0], [2468.0, 1385.0]]"
Arty_Bottom,229,U5,ic,ic IC14,Package_SO,Package_SO:SOIC-8_3.9x4.9mm_P1.27mm,2260,1400,2328,1459,0.934,16,"(2265.0,1402.0); (2261.0,1411.0); (2260.0,1422.0); (2261.0,1447.0); (2265.0,1452.0); (2279.0,1459.0); (2297.0,1460.0); (2311.0,1457.0); (2322.0,1451.0); (2326.0,1439.0); (2326.0,1413.0); (2324.0,1409.0); (2314.0,1406.0); (2306.0,1401.0); (2294.0,1398.0); (2270.0,1398.0)","[[2265.0, 1402.0], [2261.0, 1411.0], [2260.0, 1422.0], [2261.0, 1447.0], [2265.0, 1452.0], [2279.0, 1459.0], [2297.0, 1460.0], [2311.0, 1457.0], [2322.0, 1451.0], [2326.0, 1439.0], [2326.0, 1413.0], [2324.0, 1409.0], [2314.0, 1406.0], [2306.0, 1401.0], [2294.0, 1398.0], [2270.0, 1398.0]]"
Arty_Bottom,230,R131,resistor,resistor R247,Resistor_SMD,Resistor_SMD:R_0805_2012Metric,2347,1439,2464,1496,0.934,15,"(2349.0,1447.0); (2351.0,1470.0); (2348.0,1487.0); (2351.0,1491.0); (2365.0,1494.0); (2412.0,1495.0); (2420.0,1493.0); (2453.0,1494.0); (2461.0,1489.0); (2463.0,1448.0); (2461.0,1445.0); (2444.0,1441.0); (2428.0,1443.0); (2364.0,1441.0); (2352.0,1444.0)","[[2349.0, 1447.0], [2351.0, 1470.0], [2348.0, 1487.0], [2351.0, 1491.0], [2365.0, 1494.0], [2412.0, 1495.0], [2420.0, 1493.0], [2453.0, 1494.0], [2461.0, 1489.0], [2463.0, 1448.0], [2461.0, 1445.0], [2444.0, 1441.0], [2428.0, 1443.0], [2364.0, 1441.0], [2352.0, 1444.0]]"
Arty_Bottom,231,C91,capacitor,capacitor C141,Capacitor_SMD,Capacitor_SMD:C_0805_2012Metric,2592,1612,2664,1653,0.947,12,"(2593.0,1615.0); (2592.0,1644.0); (2596.0,1648.0); (2620.0,1652.0); (2647.0,1652.0); (2657.0,1648.0); (2660.0,1644.0); (2661.0,1620.0); (2659.0,1614.0); (2656.0,1612.0); (2601.0,1611.0); (2596.0,1612.0)","[[2593.0, 1615.0], [2592.0, 1644.0], [2596.0, 1648.0], [2620.0, 1652.0], [2647.0, 1652.0], [2657.0, 1648.0], [2660.0, 1644.0], [2661.0, 1620.0], [2659.0, 1614.0], [2656.0, 1612.0], [2601.0, 1611.0], [2596.0, 1612.0]]"
Arty_Bottom,232,R132,resistor,resistor R209,Resistor_SMD,Resistor_SMD:R_0805_2012Metric,2606,1670,2646,1692,0.933,14,"(2650.0,1666.0); (2647.0,1664.0); (2639.0,1666.0); (2603.0,1666.0); (2598.0,1671.0); (2598.0,1686.0); (2602.0,1694.0); (2606.0,1695.0); (2607.0,1694.0); (2645.0,1695.0); (2646.0,1696.0); (2649.0,1695.0); (2651.0,1692.0); (2651.0,1668.0)","[[2650.0, 1666.0], [2647.0, 1664.0], [2639.0, 1666.0], [2603.0, 1666.0], [2598.0, 1671.0], [2598.0, 1686.0], [2602.0, 1694.0], [2606.0, 1695.0], [2607.0, 1694.0], [2645.0, 1695.0], [2646.0, 1696.0], [2649.0, 1695.0], [2651.0, 1692.0], [2651.0, 1668.0]]"
Arty_Bottom,233,U6,ic,ic IC2,Package_SO,Package_SO:SOIC-8_3.9x4.9mm_P1.27mm,121,1354,221,1467,0.931,7,"(220.0,1343.0); (190.0,1350.0); (121.0,1346.0); (115.0,1466.0); (118.0,1477.0); (222.0,1477.0); (223.0,1347.0)","[[220.0, 1343.0], [190.0, 1350.0], [121.0, 1346.0], [115.0, 1466.0], [118.0, 1477.0], [222.0, 1477.0], [223.0, 1347.0]]"
Arty_Bottom,234,C92,capacitor,capacitor C10,Capacitor_SMD,Capacitor_SMD:C_0805_2012Metric,249,1398,262,1424,0.918,24,"(252.0,1394.0); (249.0,1397.0); (249.0,1400.0); (248.0,1401.0); (248.0,1405.0); (249.0,1406.0); (249.0,1416.0); (250.0,1417.0); (250.0,1420.0); (251.0,1421.0); (251.0,1422.0); (252.0,1423.0); (254.0,1423.0); (255.0,1424.0); (256.0,1424.0); (257.0,1423.0); (260.0,1423.0); (262.0,1420.0); (262.0,1412.0); (263.0,1411.0); (263.0,1398.0); (261.0,1395.0); (259.0,1395.0); (258.0,1394.0)","[[252.0, 1394.0], [249.0, 1397.0], [249.0, 1400.0], [248.0, 1401.0], [248.0, 1405.0], [249.0, 1406.0], [249.0, 1416.0], [250.0, 1417.0], [250.0, 1420.0], [251.0, 1421.0], [251.0, 1422.0], [252.0, 1423.0], [254.0, 1423.0], [255.0, 1424.0], [256.0, 1424.0], [257.0, 1423.0], [260.0, 1423.0], [262.0, 1420.0], [262.0, 1412.0], [263.0, 1411.0], [263.0, 1398.0], [261.0, 1395.0], [259.0, 1395.0], [258.0, 1394.0]]"
Arty_Bottom,235,C93,capacitor,capacitor C122,Capacitor_SMD,Capacitor_SMD:C_0805_2012Metric,315,1368,333,1406,0.897,15,"(324.0,1363.0); (323.0,1364.0); (315.0,1365.0); (311.0,1369.0); (310.0,1401.0); (311.0,1402.0); (311.0,1407.0); (313.0,1410.0); (315.0,1411.0); (329.0,1412.0); (332.0,1411.0); (335.0,1406.0); (335.0,1369.0); (332.0,1364.0); (330.0,1363.0)","[[324.0, 1363.0], [323.0, 1364.0], [315.0, 1365.0], [311.0, 1369.0], [310.0, 1401.0], [311.0, 1402.0], [311.0, 1407.0], [313.0, 1410.0], [315.0, 1411.0], [329.0, 1412.0], [332.0, 1411.0], [335.0, 1406.0], [335.0, 1369.0], [332.0, 1364.0], [330.0, 1363.0]]"
Arty_Bottom,236,C94,capacitor,capacitor C121,Capacitor_SMD,Capacitor_SMD:C_0805_2012Metric,346,1368,366,1406,0.927,16,"(349.0,1364.0); (346.0,1366.0); (344.0,1370.0); (344.0,1407.0); (346.0,1410.0); (349.0,1411.0); (365.0,1411.0); (369.0,1409.0); (371.0,1404.0); (371.0,1397.0); (370.0,1396.0); (370.0,1368.0); (369.0,1366.0); (365.0,1363.0); (353.0,1363.0); (352.0,1364.0)","[[349.0, 1364.0], [346.0, 1366.0], [344.0, 1370.0], [344.0, 1407.0], [346.0, 1410.0], [349.0, 1411.0], [365.0, 1411.0], [369.0, 1409.0], [371.0, 1404.0], [371.0, 1397.0], [370.0, 1396.0], [370.0, 1368.0], [369.0, 1366.0], [365.0, 1363.0], [353.0, 1363.0], [352.0, 1364.0]]"
Arty_Bottom,237,C95,capacitor,capacitor C120,Capacitor_SMD,Capacitor_SMD:C_0805_2012Metric,379,1374,393,1402,0.917,20,"(383.0,1369.0); (379.0,1372.0); (379.0,1376.0); (378.0,1377.0); (378.0,1394.0); (379.0,1395.0); (379.0,1397.0); (380.0,1398.0); (380.0,1399.0); (382.0,1401.0); (388.0,1401.0); (389.0,1400.0); (390.0,1400.0); (393.0,1396.0); (393.0,1376.0); (392.0,1375.0); (392.0,1373.0); (389.0,1370.0); (387.0,1370.0); (386.0,1369.0)","[[383.0, 1369.0], [379.0, 1372.0], [379.0, 1376.0], [378.0, 1377.0], [378.0, 1394.0], [379.0, 1395.0], [379.0, 1397.0], [380.0, 1398.0], [380.0, 1399.0], [382.0, 1401.0], [388.0, 1401.0], [389.0, 1400.0], [390.0, 1400.0], [393.0, 1396.0], [393.0, 1376.0], [392.0, 1375.0], [392.0, 1373.0], [389.0, 1370.0], [387.0, 1370.0], [386.0, 1369.0]]"
Arty_Bottom,238,C96,capacitor,capacitor C119,Capacitor_SMD,Capacitor_SMD:C_0805_2012Metric,403,1374,419,1403,0.876,22,"(406.0,1369.0); (404.0,1371.0); (404.0,1375.0); (403.0,1376.0); (403.0,1395.0); (404.0,1396.0); (404.0,1398.0); (407.0,1401.0); (411.0,1401.0); (412.0,1400.0); (415.0,1400.0); (415.0,1399.0); (416.0,1398.0); (416.0,1396.0); (417.0,1395.0); (417.0,1381.0); (416.0,1380.0); (416.0,1372.0); (415.0,1371.0); (415.0,1370.0); (413.0,1370.0); (412.0,1369.0)","[[406.0, 1369.0], [404.0, 1371.0], [404.0, 1375.0], [403.0, 1376.0], [403.0, 1395.0], [404.0, 1396.0], [404.0, 1398.0], [407.0, 1401.0], [411.0, 1401.0], [412.0, 1400.0], [415.0, 1400.0], [415.0, 1399.0], [416.0, 1398.0], [416.0, 1396.0], [417.0, 1395.0], [417.0, 1381.0], [416.0, 1380.0], [416.0, 1372.0], [415.0, 1371.0], [415.0, 1370.0], [413.0, 1370.0], [412.0, 1369.0]]"
Arty_Bottom,239,C97,capacitor,capacitor C118,Capacitor_SMD,Capacitor_SMD:C_0805_2012Metric,428,1374,444,1403,0.906,23,"(429.0,1369.0); (428.0,1370.0); (428.0,1375.0); (427.0,1376.0); (427.0,1395.0); (428.0,1396.0); (428.0,1398.0); (429.0,1399.0); (429.0,1400.0); (439.0,1400.0); (442.0,1397.0); (442.0,1393.0); (443.0,1392.0); (443.0,1390.0); (442.0,1389.0); (442.0,1379.0); (441.0,1378.0); (441.0,1372.0); (440.0,1371.0); (440.0,1370.0); (437.0,1368.0); (433.0,1368.0); (432.0,1369.0)","[[429.0, 1369.0], [428.0, 1370.0], [428.0, 1375.0], [427.0, 1376.0], [427.0, 1395.0], [428.0, 1396.0], [428.0, 1398.0], [429.0, 1399.0], [429.0, 1400.0], [439.0, 1400.0], [442.0, 1397.0], [442.0, 1393.0], [443.0, 1392.0], [443.0, 1390.0], [442.0, 1389.0], [442.0, 1379.0], [441.0, 1378.0], [441.0, 1372.0], [440.0, 1371.0], [440.0, 1370.0], [437.0, 1368.0], [433.0, 1368.0], [432.0, 1369.0]]"
Arty_Bottom,240,C98,capacitor,capacitor C117,Capacitor_SMD,Capacitor_SMD:C_0805_2012Metric,452,1374,468,1403,0.908,19,"(462.0,1369.0); (456.0,1369.0); (453.0,1372.0); (453.0,1380.0); (452.0,1381.0); (452.0,1397.0); (454.0,1400.0); (458.0,1400.0); (459.0,1401.0); (460.0,1400.0); (464.0,1400.0); (466.0,1398.0); (466.0,1396.0); (467.0,1395.0); (467.0,1388.0); (466.0,1387.0); (466.0,1379.0); (465.0,1378.0); (465.0,1372.0)","[[462.0, 1369.0], [456.0, 1369.0], [453.0, 1372.0], [453.0, 1380.0], [452.0, 1381.0], [452.0, 1397.0], [454.0, 1400.0], [458.0, 1400.0], [459.0, 1401.0], [460.0, 1400.0], [464.0, 1400.0], [466.0, 1398.0], [466.0, 1396.0], [467.0, 1395.0], [467.0, 1388.0], [466.0, 1387.0], [466.0, 1379.0], [465.0, 1378.0], [465.0, 1372.0]]"
Arty_Bottom,241,C99,capacitor,capacitor C116,Capacitor_SMD,Capacitor_SMD:C_0805_2012Metric,477,1375,493,1404,0.9,21,"(482.0,1369.0); (481.0,1370.0); (479.0,1370.0); (477.0,1373.0); (477.0,1377.0); (476.0,1378.0); (476.0,1396.0); (479.0,1399.0); (480.0,1399.0); (481.0,1400.0); (485.0,1400.0); (486.0,1399.0); (488.0,1399.0); (489.0,1398.0); (490.0,1398.0); (490.0,1397.0); (491.0,1396.0); (491.0,1377.0); (490.0,1376.0); (490.0,1374.0); (488.0,1371.0)","[[482.0, 1369.0], [481.0, 1370.0], [479.0, 1370.0], [477.0, 1373.0], [477.0, 1377.0], [476.0, 1378.0], [476.0, 1396.0], [479.0, 1399.0], [480.0, 1399.0], [481.0, 1400.0], [485.0, 1400.0], [486.0, 1399.0], [488.0, 1399.0], [489.0, 1398.0], [490.0, 1398.0], [490.0, 1397.0], [491.0, 1396.0], [491.0, 1377.0], [490.0, 1376.0], [490.0, 1374.0], [488.0, 1371.0]]"
Arty_Bottom,242,C100,capacitor,capacitor C115,Capacitor_SMD,Capacitor_SMD:C_0805_2012Metric,501,1375,517,1404,0.883,23,"(505.0,1370.0); (503.0,1372.0); (503.0,1375.0); (502.0,1376.0); (502.0,1385.0); (501.0,1386.0); (501.0,1395.0); (502.0,1396.0); (502.0,1398.0); (504.0,1400.0); (512.0,1400.0); (515.0,1397.0); (515.0,1394.0); (516.0,1393.0); (516.0,1382.0); (515.0,1381.0); (515.0,1376.0); (514.0,1375.0); (514.0,1373.0); (513.0,1372.0); (513.0,1371.0); (507.0,1371.0); (506.0,1370.0)","[[505.0, 1370.0], [503.0, 1372.0], [503.0, 1375.0], [502.0, 1376.0], [502.0, 1385.0], [501.0, 1386.0], [501.0, 1395.0], [502.0, 1396.0], [502.0, 1398.0], [504.0, 1400.0], [512.0, 1400.0], [515.0, 1397.0], [515.0, 1394.0], [516.0, 1393.0], [516.0, 1382.0], [515.0, 1381.0], [515.0, 1376.0], [514.0, 1375.0], [514.0, 1373.0], [513.0, 1372.0], [513.0, 1371.0], [507.0, 1371.0], [506.0, 1370.0]]"
Arty_Bottom,243,C101,capacitor,capacitor C114,Capacitor_SMD,Capacitor_SMD:C_0805_2012Metric,526,1375,542,1404,0.892,16,"(528.0,1372.0); (527.0,1373.0); (527.0,1398.0); (529.0,1400.0); (530.0,1400.0); (531.0,1401.0); (536.0,1401.0); (538.0,1399.0); (538.0,1397.0); (539.0,1396.0); (539.0,1390.0); (540.0,1389.0); (540.0,1378.0); (539.0,1377.0); (539.0,1375.0); (537.0,1372.0)","[[528.0, 1372.0], [527.0, 1373.0], [527.0, 1398.0], [529.0, 1400.0], [530.0, 1400.0], [531.0, 1401.0], [536.0, 1401.0], [538.0, 1399.0], [538.0, 1397.0], [539.0, 1396.0], [539.0, 1390.0], [540.0, 1389.0], [540.0, 1378.0], [539.0, 1377.0], [539.0, 1375.0], [537.0, 1372.0]]"
Arty_Bottom,244,C102,capacitor,capacitor C113,Capacitor_SMD,Capacitor_SMD:C_0805_2012Metric,551,1375,567,1404,0.91,22,"(555.0,1372.0); (554.0,1373.0); (553.0,1373.0); (551.0,1376.0); (551.0,1398.0); (553.0,1401.0); (555.0,1401.0); (556.0,1402.0); (559.0,1402.0); (560.0,1401.0); (562.0,1401.0); (563.0,1400.0); (563.0,1399.0); (564.0,1398.0); (564.0,1396.0); (565.0,1395.0); (565.0,1377.0); (564.0,1376.0); (564.0,1375.0); (562.0,1373.0); (561.0,1373.0); (560.0,1372.0)","[[555.0, 1372.0], [554.0, 1373.0], [553.0, 1373.0], [551.0, 1376.0], [551.0, 1398.0], [553.0, 1401.0], [555.0, 1401.0], [556.0, 1402.0], [559.0, 1402.0], [560.0, 1401.0], [562.0, 1401.0], [563.0, 1400.0], [563.0, 1399.0], [564.0, 1398.0], [564.0, 1396.0], [565.0, 1395.0], [565.0, 1377.0], [564.0, 1376.0], [564.0, 1375.0], [562.0, 1373.0], [561.0, 1373.0], [560.0, 1372.0]]"
Arty_Bottom,245,C103,capacitor,capacitor C54,Capacitor_SMD,Capacitor_SMD:C_0805_2012Metric,993,1562,1016,1621,0.935,12,"(1000.0,1562.0); (994.0,1566.0); (994.0,1570.0); (993.0,1571.0); (992.0,1615.0); (994.0,1618.0); (1003.0,1619.0); (1011.0,1616.0); (1015.0,1610.0); (1016.0,1572.0); (1013.0,1565.0); (1009.0,1563.0)","[[1000.0, 1562.0], [994.0, 1566.0], [994.0, 1570.0], [993.0, 1571.0], [992.0, 1615.0], [994.0, 1618.0], [1003.0, 1619.0], [1011.0, 1616.0], [1015.0, 1610.0], [1016.0, 1572.0], [1013.0, 1565.0], [1009.0, 1563.0]]"
Arty_Bottom,246,C104,capacitor,capacitor C53,Capacitor_SMD,Capacitor_SMD:C_0805_2012Metric,1091,1564,1114,1623,0.94,14,"(1096.0,1563.0); (1091.0,1566.0); (1090.0,1610.0); (1092.0,1618.0); (1097.0,1620.0); (1102.0,1620.0); (1110.0,1618.0); (1113.0,1610.0); (1113.0,1603.0); (1114.0,1602.0); (1114.0,1571.0); (1113.0,1567.0); (1110.0,1564.0); (1107.0,1563.0)","[[1096.0, 1563.0], [1091.0, 1566.0], [1090.0, 1610.0], [1092.0, 1618.0], [1097.0, 1620.0], [1102.0, 1620.0], [1110.0, 1618.0], [1113.0, 1610.0], [1113.0, 1603.0], [1114.0, 1602.0], [1114.0, 1571.0], [1113.0, 1567.0], [1110.0, 1564.0], [1107.0, 1563.0]]"
Arty_Bottom,247,C105,capacitor,capacitor C59,Capacitor_SMD,Capacitor_SMD:C_0805_2012Metric,1042,1448,1068,1464,0.941,18,"(1042.0,1452.0); (1042.0,1459.0); (1043.0,1460.0); (1043.0,1461.0); (1046.0,1463.0); (1069.0,1463.0); (1072.0,1460.0); (1072.0,1459.0); (1073.0,1458.0); (1073.0,1452.0); (1072.0,1451.0); (1072.0,1449.0); (1071.0,1448.0); (1069.0,1448.0); (1068.0,1447.0); (1046.0,1447.0); (1043.0,1450.0); (1043.0,1451.0)","[[1042.0, 1452.0], [1042.0, 1459.0], [1043.0, 1460.0], [1043.0, 1461.0], [1046.0, 1463.0], [1069.0, 1463.0], [1072.0, 1460.0], [1072.0, 1459.0], [1073.0, 1458.0], [1073.0, 1452.0], [1072.0, 1451.0], [1072.0, 1449.0], [1071.0, 1448.0], [1069.0, 1448.0], [1068.0, 1447.0], [1046.0, 1447.0], [1043.0, 1450.0], [1043.0, 1451.0]]"
Arty_Bottom,248,C106,capacitor,capacitor C60,Capacitor_SMD,Capacitor_SMD:C_0805_2012Metric,1042,1472,1068,1488,0.929,17,"(1041.0,1475.0); (1041.0,1481.0); (1042.0,1482.0); (1043.0,1485.0); (1044.0,1485.0); (1045.0,1486.0); (1048.0,1486.0); (1049.0,1487.0); (1068.0,1487.0); (1069.0,1486.0); (1070.0,1486.0); (1072.0,1483.0); (1072.0,1476.0); (1071.0,1475.0); (1071.0,1474.0); (1067.0,1471.0); (1044.0,1471.0)","[[1041.0, 1475.0], [1041.0, 1481.0], [1042.0, 1482.0], [1043.0, 1485.0], [1044.0, 1485.0], [1045.0, 1486.0], [1048.0, 1486.0], [1049.0, 1487.0], [1068.0, 1487.0], [1069.0, 1486.0], [1070.0, 1486.0], [1072.0, 1483.0], [1072.0, 1476.0], [1071.0, 1475.0], [1071.0, 1474.0], [1067.0, 1471.0], [1044.0, 1471.0]]"
Arty_Bottom,249,C107,capacitor,capacitor C61,Capacitor_SMD,Capacitor_SMD:C_0805_2012Metric,1042,1496,1068,1512,0.901,25,"(1040.0,1508.0); (1040.0,1509.0); (1041.0,1510.0); (1043.0,1510.0); (1044.0,1511.0); (1049.0,1511.0); (1050.0,1512.0); (1062.0,1512.0); (1063.0,1511.0); (1068.0,1511.0); (1069.0,1510.0); (1071.0,1510.0); (1072.0,1509.0); (1072.0,1501.0); (1071.0,1500.0); (1071.0,1499.0); (1068.0,1497.0); (1051.0,1497.0); (1050.0,1498.0); (1045.0,1498.0); (1044.0,1499.0); (1043.0,1499.0); (1043.0,1500.0); (1041.0,1503.0); (1041.0,1507.0)","[[1040.0, 1508.0], [1040.0, 1509.0], [1041.0, 1510.0], [1043.0, 1510.0], [1044.0, 1511.0], [1049.0, 1511.0], [1050.0, 1512.0], [1062.0, 1512.0], [1063.0, 1511.0], [1068.0, 1511.0], [1069.0, 1510.0], [1071.0, 1510.0], [1072.0, 1509.0], [1072.0, 1501.0], [1071.0, 1500.0], [1071.0, 1499.0], [1068.0, 1497.0], [1051.0, 1497.0], [1050.0, 1498.0], [1045.0, 1498.0], [1044.0, 1499.0], [1043.0, 1499.0], [1043.0, 1500.0], [1041.0, 1503.0], [1041.0, 1507.0]]"
Arty_Bottom,250,C108,capacitor,capacitor C55,Capacitor_SMD,Capacitor_SMD:C_0805_2012Metric,1034,1519,1073,1540,0.865,20,"(1076.0,1518.0); (1074.0,1516.0); (1070.0,1516.0); (1069.0,1515.0); (1059.0,1516.0); (1058.0,1517.0); (1052.0,1517.0); (1051.0,1516.0); (1033.0,1516.0); (1030.0,1520.0); (1032.0,1538.0); (1033.0,1540.0); (1038.0,1542.0); (1058.0,1542.0); (1065.0,1540.0); (1071.0,1540.0); (1074.0,1542.0); (1076.0,1542.0); (1076.0,1527.0); (1077.0,1526.0)","[[1076.0, 1518.0], [1074.0, 1516.0], [1070.0, 1516.0], [1069.0, 1515.0], [1059.0, 1516.0], [1058.0, 1517.0], [1052.0, 1517.0], [1051.0, 1516.0], [1033.0, 1516.0], [1030.0, 1520.0], [1032.0, 1538.0], [1033.0, 1540.0], [1038.0, 1542.0], [1058.0, 1542.0], [1065.0, 1540.0], [1071.0, 1540.0], [1074.0, 1542.0], [1076.0, 1542.0], [1076.0, 1527.0], [1077.0, 1526.0]]"
Arty_Bottom,251,C109,capacitor,capacitor C56,Capacitor_SMD,Capacitor_SMD:C_0805_2012Metric,1034,1546,1073,1564,0.85,19,"(1031.0,1546.0); (1030.0,1559.0); (1031.0,1560.0); (1031.0,1564.0); (1033.0,1565.0); (1047.0,1564.0); (1048.0,1565.0); (1064.0,1565.0); (1065.0,1566.0); (1068.0,1566.0); (1069.0,1565.0); (1076.0,1564.0); (1076.0,1554.0); (1075.0,1551.0); (1072.0,1548.0); (1069.0,1547.0); (1042.0,1547.0); (1037.0,1545.0); (1032.0,1545.0)","[[1031.0, 1546.0], [1030.0, 1559.0], [1031.0, 1560.0], [1031.0, 1564.0], [1033.0, 1565.0], [1047.0, 1564.0], [1048.0, 1565.0], [1064.0, 1565.0], [1065.0, 1566.0], [1068.0, 1566.0], [1069.0, 1565.0], [1076.0, 1564.0], [1076.0, 1554.0], [1075.0, 1551.0], [1072.0, 1548.0], [1069.0, 1547.0], [1042.0, 1547.0], [1037.0, 1545.0], [1032.0, 1545.0]]"
Arty_Bottom,252,C110,capacitor,capacitor C57,Capacitor_SMD,Capacitor_SMD:C_0805_2012Metric,1034,1570,1071,1589,0.851,19,"(1031.0,1575.0); (1031.0,1586.0); (1032.0,1588.0); (1034.0,1589.0); (1038.0,1589.0); (1039.0,1590.0); (1071.0,1590.0); (1072.0,1589.0); (1074.0,1589.0); (1076.0,1587.0); (1076.0,1579.0); (1075.0,1578.0); (1075.0,1575.0); (1071.0,1571.0); (1069.0,1571.0); (1068.0,1570.0); (1035.0,1570.0); (1032.0,1572.0); (1032.0,1574.0)","[[1031.0, 1575.0], [1031.0, 1586.0], [1032.0, 1588.0], [1034.0, 1589.0], [1038.0, 1589.0], [1039.0, 1590.0], [1071.0, 1590.0], [1072.0, 1589.0], [1074.0, 1589.0], [1076.0, 1587.0], [1076.0, 1579.0], [1075.0, 1578.0], [1075.0, 1575.0], [1071.0, 1571.0], [1069.0, 1571.0], [1068.0, 1570.0], [1035.0, 1570.0], [1032.0, 1572.0], [1032.0, 1574.0]]"
Arty_Bottom,253,C111,capacitor,capacitor C58,Capacitor_SMD,Capacitor_SMD:C_0805_2012Metric,1034,1594,1072,1614,0.882,17,"(1031.0,1597.0); (1031.0,1612.0); (1033.0,1615.0); (1035.0,1615.0); (1036.0,1616.0); (1069.0,1616.0); (1070.0,1615.0); (1073.0,1615.0); (1076.0,1612.0); (1076.0,1601.0); (1075.0,1600.0); (1075.0,1598.0); (1072.0,1596.0); (1070.0,1596.0); (1069.0,1595.0); (1036.0,1595.0); (1035.0,1594.0)","[[1031.0, 1597.0], [1031.0, 1612.0], [1033.0, 1615.0], [1035.0, 1615.0], [1036.0, 1616.0], [1069.0, 1616.0], [1070.0, 1615.0], [1073.0, 1615.0], [1076.0, 1612.0], [1076.0, 1601.0], [1075.0, 1600.0], [1075.0, 1598.0], [1072.0, 1596.0], [1070.0, 1596.0], [1069.0, 1595.0], [1036.0, 1595.0], [1035.0, 1594.0]]"
Arty_Bottom,254,C112,capacitor,capacitor C68,Capacitor_SMD,Capacitor_SMD:C_0805_2012Metric,1234,1352,1270,1393,0.873,22,"(1261.0,1344.0); (1252.0,1346.0); (1249.0,1349.0); (1248.0,1352.0); (1244.0,1356.0); (1241.0,1357.0); (1235.0,1365.0); (1230.0,1369.0); (1228.0,1374.0); (1229.0,1381.0); (1244.0,1392.0); (1249.0,1400.0); (1252.0,1399.0); (1254.0,1392.0); (1261.0,1382.0); (1267.0,1376.0); (1273.0,1373.0); (1276.0,1370.0); (1275.0,1359.0); (1268.0,1351.0); (1267.0,1348.0); (1264.0,1345.0)","[[1261.0, 1344.0], [1252.0, 1346.0], [1249.0, 1349.0], [1248.0, 1352.0], [1244.0, 1356.0], [1241.0, 1357.0], [1235.0, 1365.0], [1230.0, 1369.0], [1228.0, 1374.0], [1229.0, 1381.0], [1244.0, 1392.0], [1249.0, 1400.0], [1252.0, 1399.0], [1254.0, 1392.0], [1261.0, 1382.0], [1267.0, 1376.0], [1273.0, 1373.0], [1276.0, 1370.0], [1275.0, 1359.0], [1268.0, 1351.0], [1267.0, 1348.0], [1264.0, 1345.0]]"
Arty_Bottom,255,C113,capacitor,capacitor C85,Capacitor_SMD,Capacitor_SMD:C_0805_2012Metric,1254,1373,1298,1413,0.854,13,"(1286.0,1369.0); (1281.0,1368.0); (1275.0,1371.0); (1261.0,1385.0); (1257.0,1391.0); (1253.0,1402.0); (1261.0,1414.0); (1271.0,1413.0); (1282.0,1404.0); (1288.0,1397.0); (1294.0,1394.0); (1297.0,1391.0); (1299.0,1382.0)","[[1286.0, 1369.0], [1281.0, 1368.0], [1275.0, 1371.0], [1261.0, 1385.0], [1257.0, 1391.0], [1253.0, 1402.0], [1261.0, 1414.0], [1271.0, 1413.0], [1282.0, 1404.0], [1288.0, 1397.0], [1294.0, 1394.0], [1297.0, 1391.0], [1299.0, 1382.0]]"
Arty_Bottom,256,C114,capacitor,capacitor C66,Capacitor_SMD,Capacitor_SMD:C_0805_2012Metric,1268,1387,1328,1445,0.88,15,"(1314.0,1392.0); (1308.0,1390.0); (1301.0,1391.0); (1289.0,1401.0); (1272.0,1420.0); (1271.0,1428.0); (1274.0,1435.0); (1277.0,1438.0); (1284.0,1441.0); (1290.0,1440.0); (1307.0,1425.0); (1313.0,1424.0); (1318.0,1420.0); (1323.0,1412.0); (1324.0,1404.0)","[[1314.0, 1392.0], [1308.0, 1390.0], [1301.0, 1391.0], [1289.0, 1401.0], [1272.0, 1420.0], [1271.0, 1428.0], [1274.0, 1435.0], [1277.0, 1438.0], [1284.0, 1441.0], [1290.0, 1440.0], [1307.0, 1425.0], [1313.0, 1424.0], [1318.0, 1420.0], [1323.0, 1412.0], [1324.0, 1404.0]]"
Arty_Bottom,257,C115,capacitor,capacitor C84,Capacitor_SMD,Capacitor_SMD:C_0805_2012Metric,1289,1408,1365,1483,0.89,19,"(1338.0,1410.0); (1331.0,1411.0); (1315.0,1428.0); (1307.0,1432.0); (1302.0,1437.0); (1296.0,1440.0); (1293.0,1444.0); (1291.0,1454.0); (1292.0,1458.0); (1307.0,1475.0); (1317.0,1479.0); (1325.0,1477.0); (1330.0,1467.0); (1335.0,1462.0); (1344.0,1457.0); (1354.0,1447.0); (1359.0,1439.0); (1359.0,1433.0); (1354.0,1425.0)","[[1338.0, 1410.0], [1331.0, 1411.0], [1315.0, 1428.0], [1307.0, 1432.0], [1302.0, 1437.0], [1296.0, 1440.0], [1293.0, 1444.0], [1291.0, 1454.0], [1292.0, 1458.0], [1307.0, 1475.0], [1317.0, 1479.0], [1325.0, 1477.0], [1330.0, 1467.0], [1335.0, 1462.0], [1344.0, 1457.0], [1354.0, 1447.0], [1359.0, 1439.0], [1359.0, 1433.0], [1354.0, 1425.0]]"
Arty_Bottom,258,C116,capacitor,capacitor C190,Capacitor_SMD,Capacitor_SMD:C_0805_2012Metric,1318,1510,1358,1530,0.899,20,"(1313.0,1510.0); (1314.0,1525.0); (1317.0,1529.0); (1320.0,1530.0); (1342.0,1530.0); (1343.0,1531.0); (1351.0,1531.0); (1352.0,1530.0); (1358.0,1530.0); (1362.0,1524.0); (1362.0,1512.0); (1361.0,1509.0); (1357.0,1506.0); (1352.0,1506.0); (1351.0,1505.0); (1344.0,1505.0); (1343.0,1506.0); (1320.0,1506.0); (1317.0,1505.0); (1314.0,1507.0)","[[1313.0, 1510.0], [1314.0, 1525.0], [1317.0, 1529.0], [1320.0, 1530.0], [1342.0, 1530.0], [1343.0, 1531.0], [1351.0, 1531.0], [1352.0, 1530.0], [1358.0, 1530.0], [1362.0, 1524.0], [1362.0, 1512.0], [1361.0, 1509.0], [1357.0, 1506.0], [1352.0, 1506.0], [1351.0, 1505.0], [1344.0, 1505.0], [1343.0, 1506.0], [1320.0, 1506.0], [1317.0, 1505.0], [1314.0, 1507.0]]"
Arty_Bottom,259,R133,resistor,resistor R275,Resistor_SMD,Resistor_SMD:R_0805_2012Metric,1316,1536,1335,1577,0.851,16,"(1319.0,1535.0); (1316.0,1536.0); (1314.0,1538.0); (1312.0,1544.0); (1312.0,1561.0); (1311.0,1562.0); (1312.0,1576.0); (1317.0,1579.0); (1330.0,1580.0); (1335.0,1578.0); (1337.0,1576.0); (1336.0,1560.0); (1335.0,1559.0); (1335.0,1541.0); (1333.0,1537.0); (1329.0,1535.0)","[[1319.0, 1535.0], [1316.0, 1536.0], [1314.0, 1538.0], [1312.0, 1544.0], [1312.0, 1561.0], [1311.0, 1562.0], [1312.0, 1576.0], [1317.0, 1579.0], [1330.0, 1580.0], [1335.0, 1578.0], [1337.0, 1576.0], [1336.0, 1560.0], [1335.0, 1559.0], [1335.0, 1541.0], [1333.0, 1537.0], [1329.0, 1535.0]]"
Arty_Bottom,260,R134,resistor,resistor R276,Resistor_SMD,Resistor_SMD:R_0805_2012Metric,1340,1537,1359,1578,0.884,19,"(1354.0,1534.0); (1346.0,1537.0); (1342.0,1544.0); (1342.0,1547.0); (1341.0,1548.0); (1341.0,1563.0); (1342.0,1564.0); (1341.0,1567.0); (1341.0,1576.0); (1346.0,1580.0); (1359.0,1581.0); (1361.0,1580.0); (1363.0,1577.0); (1363.0,1557.0); (1362.0,1556.0); (1362.0,1546.0); (1361.0,1545.0); (1361.0,1538.0); (1359.0,1534.0)","[[1354.0, 1534.0], [1346.0, 1537.0], [1342.0, 1544.0], [1342.0, 1547.0], [1341.0, 1548.0], [1341.0, 1563.0], [1342.0, 1564.0], [1341.0, 1567.0], [1341.0, 1576.0], [1346.0, 1580.0], [1359.0, 1581.0], [1361.0, 1580.0], [1363.0, 1577.0], [1363.0, 1557.0], [1362.0, 1556.0], [1362.0, 1546.0], [1361.0, 1545.0], [1361.0, 1538.0], [1359.0, 1534.0]]"
Arty_Bottom,261,Q2,transistor,transistor Q8,Package_TO_SOT_SMD,Package_TO_SOT_SMD:SOT-23,1538,1582,1698,1716,0.788,20,"(1537.0,1596.0); (1543.0,1618.0); (1537.0,1635.0); (1544.0,1650.0); (1537.0,1661.0); (1541.0,1684.0); (1536.0,1697.0); (1542.0,1705.0); (1572.0,1711.0); (1655.0,1713.0); (1697.0,1700.0); (1698.0,1657.0); (1671.0,1651.0); (1698.0,1647.0); (1698.0,1599.0); (1665.0,1592.0); (1653.0,1583.0); (1575.0,1583.0); (1566.0,1591.0); (1545.0,1590.0)","[[1537.0, 1596.0], [1543.0, 1618.0], [1537.0, 1635.0], [1544.0, 1650.0], [1537.0, 1661.0], [1541.0, 1684.0], [1536.0, 1697.0], [1542.0, 1705.0], [1572.0, 1711.0], [1655.0, 1713.0], [1697.0, 1700.0], [1698.0, 1657.0], [1671.0, 1651.0], [1698.0, 1647.0], [1698.0, 1599.0], [1665.0, 1592.0], [1653.0, 1583.0], [1575.0, 1583.0], [1566.0, 1591.0], [1545.0, 1590.0]]"
Arty_Bottom,262,R135,resistor,resistor R224,Resistor_SMD,Resistor_SMD:R_0805_2012Metric,1708,1652,1732,1702,0.947,15,"(1708.0,1652.0); (1706.0,1654.0); (1705.0,1658.0); (1705.0,1699.0); (1707.0,1702.0); (1713.0,1702.0); (1714.0,1703.0); (1730.0,1702.0); (1734.0,1700.0); (1736.0,1697.0); (1736.0,1658.0); (1735.0,1655.0); (1732.0,1652.0); (1729.0,1651.0); (1712.0,1651.0)","[[1708.0, 1652.0], [1706.0, 1654.0], [1705.0, 1658.0], [1705.0, 1699.0], [1707.0, 1702.0], [1713.0, 1702.0], [1714.0, 1703.0], [1730.0, 1702.0], [1734.0, 1700.0], [1736.0, 1697.0], [1736.0, 1658.0], [1735.0, 1655.0], [1732.0, 1652.0], [1729.0, 1651.0], [1712.0, 1651.0]]"
Arty_Bottom,263,R136,resistor,resistor R214,Resistor_SMD,Resistor_SMD:R_0805_2012Metric,1838,1475,1858,1516,0.918,16,"(1837.0,1467.0); (1834.0,1469.0); (1834.0,1516.0); (1837.0,1520.0); (1855.0,1520.0); (1856.0,1521.0); (1860.0,1520.0); (1863.0,1513.0); (1863.0,1490.0); (1864.0,1489.0); (1863.0,1486.0); (1863.0,1471.0); (1862.0,1469.0); (1856.0,1467.0); (1855.0,1468.0); (1838.0,1468.0)","[[1837.0, 1467.0], [1834.0, 1469.0], [1834.0, 1516.0], [1837.0, 1520.0], [1855.0, 1520.0], [1856.0, 1521.0], [1860.0, 1520.0], [1863.0, 1513.0], [1863.0, 1490.0], [1864.0, 1489.0], [1863.0, 1486.0], [1863.0, 1471.0], [1862.0, 1469.0], [1856.0, 1467.0], [1855.0, 1468.0], [1838.0, 1468.0]]"
Arty_Bottom,264,R137,resistor,resistor R212,Resistor_SMD,Resistor_SMD:R_0805_2012Metric,1885,1498,1925,1519,0.942,17,"(1880.0,1494.0); (1879.0,1498.0); (1880.0,1520.0); (1886.0,1522.0); (1904.0,1522.0); (1905.0,1523.0); (1918.0,1523.0); (1919.0,1522.0); (1925.0,1522.0); (1929.0,1520.0); (1930.0,1500.0); (1929.0,1497.0); (1926.0,1494.0); (1923.0,1493.0); (1898.0,1494.0); (1891.0,1492.0); (1886.0,1492.0)","[[1880.0, 1494.0], [1879.0, 1498.0], [1880.0, 1520.0], [1886.0, 1522.0], [1904.0, 1522.0], [1905.0, 1523.0], [1918.0, 1523.0], [1919.0, 1522.0], [1925.0, 1522.0], [1929.0, 1520.0], [1930.0, 1500.0], [1929.0, 1497.0], [1926.0, 1494.0], [1923.0, 1493.0], [1898.0, 1494.0], [1891.0, 1492.0], [1886.0, 1492.0]]"
Arty_Bottom,265,R138,resistor,resistor R237,Resistor_SMD,Resistor_SMD:R_0805_2012Metric,1869,1749,1909,1771,0.861,22,"(1913.0,1750.0); (1910.0,1746.0); (1907.0,1746.0); (1906.0,1747.0); (1868.0,1747.0); (1865.0,1748.0); (1864.0,1750.0); (1864.0,1756.0); (1865.0,1757.0); (1866.0,1768.0); (1869.0,1771.0); (1874.0,1771.0); (1875.0,1772.0); (1881.0,1772.0); (1887.0,1770.0); (1892.0,1770.0); (1898.0,1772.0); (1910.0,1772.0); (1911.0,1770.0); (1911.0,1762.0); (1912.0,1761.0); (1912.0,1753.0)","[[1913.0, 1750.0], [1910.0, 1746.0], [1907.0, 1746.0], [1906.0, 1747.0], [1868.0, 1747.0], [1865.0, 1748.0], [1864.0, 1750.0], [1864.0, 1756.0], [1865.0, 1757.0], [1866.0, 1768.0], [1869.0, 1771.0], [1874.0, 1771.0], [1875.0, 1772.0], [1881.0, 1772.0], [1887.0, 1770.0], [1892.0, 1770.0], [1898.0, 1772.0], [1910.0, 1772.0], [1911.0, 1770.0], [1911.0, 1762.0], [1912.0, 1761.0], [1912.0, 1753.0]]"
Arty_Bottom,266,C117,capacitor,capacitor C161,Capacitor_SMD,Capacitor_SMD:C_0805_2012Metric,1868,1775,1909,1796,0.854,18,"(1863.0,1784.0); (1863.0,1794.0); (1868.0,1797.0); (1873.0,1797.0); (1874.0,1798.0); (1887.0,1798.0); (1888.0,1799.0); (1899.0,1799.0); (1900.0,1798.0); (1908.0,1798.0); (1910.0,1797.0); (1912.0,1794.0); (1912.0,1780.0); (1910.0,1776.0); (1868.0,1776.0); (1866.0,1777.0); (1864.0,1780.0); (1864.0,1783.0)","[[1863.0, 1784.0], [1863.0, 1794.0], [1868.0, 1797.0], [1873.0, 1797.0], [1874.0, 1798.0], [1887.0, 1798.0], [1888.0, 1799.0], [1899.0, 1799.0], [1900.0, 1798.0], [1908.0, 1798.0], [1910.0, 1797.0], [1912.0, 1794.0], [1912.0, 1780.0], [1910.0, 1776.0], [1868.0, 1776.0], [1866.0, 1777.0], [1864.0, 1780.0], [1864.0, 1783.0]]"
Arty_Bottom,267,C118,capacitor,capacitor C174,Capacitor_SMD,Capacitor_SMD:C_0805_2012Metric,637,1592,707,1634,0.927,13,"(639.0,1595.0); (638.0,1618.0); (640.0,1625.0); (643.0,1628.0); (651.0,1631.0); (692.0,1632.0); (700.0,1628.0); (704.0,1615.0); (703.0,1600.0); (700.0,1594.0); (694.0,1592.0); (656.0,1591.0); (643.0,1592.0)","[[639.0, 1595.0], [638.0, 1618.0], [640.0, 1625.0], [643.0, 1628.0], [651.0, 1631.0], [692.0, 1632.0], [700.0, 1628.0], [704.0, 1615.0], [703.0, 1600.0], [700.0, 1594.0], [694.0, 1592.0], [656.0, 1591.0], [643.0, 1592.0]]"
Arty_Bottom,268,R139,resistor,resistor R165,Resistor_SMD,Resistor_SMD:R_0805_2012Metric,788,1595,806,1635,0.835,17,"(792.0,1591.0); (787.0,1593.0); (786.0,1598.0); (785.0,1599.0); (785.0,1604.0); (784.0,1605.0); (784.0,1634.0); (787.0,1637.0); (799.0,1637.0); (800.0,1636.0); (802.0,1636.0); (804.0,1634.0); (804.0,1631.0); (805.0,1630.0); (805.0,1599.0); (803.0,1595.0); (797.0,1591.0)","[[792.0, 1591.0], [787.0, 1593.0], [786.0, 1598.0], [785.0, 1599.0], [785.0, 1604.0], [784.0, 1605.0], [784.0, 1634.0], [787.0, 1637.0], [799.0, 1637.0], [800.0, 1636.0], [802.0, 1636.0], [804.0, 1634.0], [804.0, 1631.0], [805.0, 1630.0], [805.0, 1599.0], [803.0, 1595.0], [797.0, 1591.0]]"
Arty_Bottom,269,R140,resistor,resistor R164,Resistor_SMD,Resistor_SMD:R_0805_2012Metric,813,1594,831,1634,0.886,16,"(828.0,1592.0); (817.0,1593.0); (813.0,1595.0); (811.0,1598.0); (812.0,1605.0); (813.0,1606.0); (811.0,1631.0); (813.0,1635.0); (818.0,1637.0); (830.0,1637.0); (832.0,1636.0); (833.0,1634.0); (833.0,1630.0); (834.0,1629.0); (834.0,1601.0); (832.0,1595.0)","[[828.0, 1592.0], [817.0, 1593.0], [813.0, 1595.0], [811.0, 1598.0], [812.0, 1605.0], [813.0, 1606.0], [811.0, 1631.0], [813.0, 1635.0], [818.0, 1637.0], [830.0, 1637.0], [832.0, 1636.0], [833.0, 1634.0], [833.0, 1630.0], [834.0, 1629.0], [834.0, 1601.0], [832.0, 1595.0]]"
Arty_Bottom,270,C119,capacitor,capacitor C15,Capacitor_SMD,Capacitor_SMD:C_0805_2012Metric,795,1574,823,1589,0.861,27,"(796.0,1585.0); (798.0,1587.0); (798.0,1588.0); (800.0,1588.0); (801.0,1589.0); (804.0,1589.0); (805.0,1590.0); (810.0,1590.0); (811.0,1589.0); (821.0,1589.0); (822.0,1588.0); (825.0,1588.0); (827.0,1586.0); (827.0,1579.0); (826.0,1578.0); (826.0,1577.0); (823.0,1575.0); (815.0,1575.0); (814.0,1574.0); (805.0,1574.0); (804.0,1575.0); (802.0,1575.0); (801.0,1576.0); (798.0,1577.0); (798.0,1579.0); (797.0,1580.0); (797.0,1584.0)","[[796.0, 1585.0], [798.0, 1587.0], [798.0, 1588.0], [800.0, 1588.0], [801.0, 1589.0], [804.0, 1589.0], [805.0, 1590.0], [810.0, 1590.0], [811.0, 1589.0], [821.0, 1589.0], [822.0, 1588.0], [825.0, 1588.0], [827.0, 1586.0], [827.0, 1579.0], [826.0, 1578.0], [826.0, 1577.0], [823.0, 1575.0], [815.0, 1575.0], [814.0, 1574.0], [805.0, 1574.0], [804.0, 1575.0], [802.0, 1575.0], [801.0, 1576.0], [798.0, 1577.0], [798.0, 1579.0], [797.0, 1580.0], [797.0, 1584.0]]"
Arty_Bottom,271,R141,resistor,resistor R143,Resistor_SMD,Resistor_SMD:R_0805_2012Metric,213,1588,232,1628,0.845,18,"(212.0,1588.0); (210.0,1590.0); (210.0,1592.0); (209.0,1593.0); (209.0,1608.0); (210.0,1609.0); (209.0,1611.0); (209.0,1629.0); (212.0,1631.0); (226.0,1631.0); (227.0,1630.0); (229.0,1630.0); (231.0,1629.0); (231.0,1601.0); (230.0,1600.0); (230.0,1596.0); (227.0,1592.0); (222.0,1589.0)","[[212.0, 1588.0], [210.0, 1590.0], [210.0, 1592.0], [209.0, 1593.0], [209.0, 1608.0], [210.0, 1609.0], [209.0, 1611.0], [209.0, 1629.0], [212.0, 1631.0], [226.0, 1631.0], [227.0, 1630.0], [229.0, 1630.0], [231.0, 1629.0], [231.0, 1601.0], [230.0, 1600.0], [230.0, 1596.0], [227.0, 1592.0], [222.0, 1589.0]]"
Arty_Bottom,272,R142,resistor,resistor R142,Resistor_SMD,Resistor_SMD:R_0805_2012Metric,238,1588,257,1628,0.854,17,"(245.0,1588.0); (242.0,1590.0); (240.0,1595.0); (239.0,1626.0); (238.0,1628.0); (241.0,1631.0); (244.0,1631.0); (245.0,1632.0); (254.0,1632.0); (255.0,1631.0); (258.0,1631.0); (261.0,1628.0); (261.0,1604.0); (262.0,1603.0); (262.0,1596.0); (260.0,1591.0); (257.0,1588.0)","[[245.0, 1588.0], [242.0, 1590.0], [240.0, 1595.0], [239.0, 1626.0], [238.0, 1628.0], [241.0, 1631.0], [244.0, 1631.0], [245.0, 1632.0], [254.0, 1632.0], [255.0, 1631.0], [258.0, 1631.0], [261.0, 1628.0], [261.0, 1604.0], [262.0, 1603.0], [262.0, 1596.0], [260.0, 1591.0], [257.0, 1588.0]]"
Arty_Bottom,273,R143,resistor,resistor R141,Resistor_SMD,Resistor_SMD:R_0805_2012Metric,336,1589,355,1629,0.884,18,"(340.0,1588.0); (336.0,1590.0); (332.0,1596.0); (332.0,1626.0); (331.0,1627.0); (331.0,1629.0); (335.0,1632.0); (349.0,1632.0); (350.0,1631.0); (353.0,1631.0); (355.0,1629.0); (355.0,1610.0); (356.0,1609.0); (356.0,1606.0); (355.0,1605.0); (355.0,1597.0); (353.0,1592.0); (351.0,1590.0)","[[340.0, 1588.0], [336.0, 1590.0], [332.0, 1596.0], [332.0, 1626.0], [331.0, 1627.0], [331.0, 1629.0], [335.0, 1632.0], [349.0, 1632.0], [350.0, 1631.0], [353.0, 1631.0], [355.0, 1629.0], [355.0, 1610.0], [356.0, 1609.0], [356.0, 1606.0], [355.0, 1605.0], [355.0, 1597.0], [353.0, 1592.0], [351.0, 1590.0]]"
Arty_Bottom,274,R144,resistor,resistor R140,Resistor_SMD,Resistor_SMD:R_0805_2012Metric,360,1590,379,1630,0.869,16,"(363.0,1588.0); (361.0,1590.0); (361.0,1592.0); (359.0,1595.0); (359.0,1600.0); (360.0,1601.0); (360.0,1628.0); (361.0,1630.0); (365.0,1632.0); (376.0,1633.0); (382.0,1630.0); (382.0,1596.0); (380.0,1592.0); (376.0,1589.0); (374.0,1589.0); (373.0,1588.0)","[[363.0, 1588.0], [361.0, 1590.0], [361.0, 1592.0], [359.0, 1595.0], [359.0, 1600.0], [360.0, 1601.0], [360.0, 1628.0], [361.0, 1630.0], [365.0, 1632.0], [376.0, 1633.0], [382.0, 1630.0], [382.0, 1596.0], [380.0, 1592.0], [376.0, 1589.0], [374.0, 1589.0], [373.0, 1588.0]]"
Arty_Bottom,275,R145,resistor,resistor R138,Resistor_SMD,Resistor_SMD:R_0805_2012Metric,464,1592,483,1632,0.888,14,"(469.0,1589.0); (463.0,1592.0); (461.0,1596.0); (461.0,1631.0); (467.0,1634.0); (474.0,1634.0); (482.0,1631.0); (483.0,1629.0); (483.0,1606.0); (484.0,1605.0); (484.0,1596.0); (483.0,1595.0); (483.0,1593.0); (478.0,1589.0)","[[469.0, 1589.0], [463.0, 1592.0], [461.0, 1596.0], [461.0, 1631.0], [467.0, 1634.0], [474.0, 1634.0], [482.0, 1631.0], [483.0, 1629.0], [483.0, 1606.0], [484.0, 1605.0], [484.0, 1596.0], [483.0, 1595.0], [483.0, 1593.0], [478.0, 1589.0]]"
Arty_Bottom,276,R146,resistor,resistor R137,Resistor_SMD,Resistor_SMD:R_0805_2012Metric,487,1591,506,1631,0.883,18,"(493.0,1589.0); (491.0,1590.0); (486.0,1596.0); (487.0,1604.0); (488.0,1605.0); (488.0,1625.0); (487.0,1626.0); (487.0,1629.0); (493.0,1633.0); (496.0,1633.0); (497.0,1634.0); (506.0,1634.0); (510.0,1631.0); (510.0,1600.0); (509.0,1599.0); (509.0,1595.0); (507.0,1591.0); (504.0,1588.0)","[[493.0, 1589.0], [491.0, 1590.0], [486.0, 1596.0], [487.0, 1604.0], [488.0, 1605.0], [488.0, 1625.0], [487.0, 1626.0], [487.0, 1629.0], [493.0, 1633.0], [496.0, 1633.0], [497.0, 1634.0], [506.0, 1634.0], [510.0, 1631.0], [510.0, 1600.0], [509.0, 1599.0], [509.0, 1595.0], [507.0, 1591.0], [504.0, 1588.0]]"
Arty_Bottom,277,R147,resistor,resistor R102,Resistor_SMD,Resistor_SMD:R_0805_2012Metric,141,1776,180,1796,0.883,20,"(138.0,1777.0); (138.0,1780.0); (137.0,1781.0); (137.0,1793.0); (140.0,1798.0); (143.0,1799.0); (149.0,1799.0); (150.0,1798.0); (165.0,1798.0); (166.0,1799.0); (169.0,1798.0); (178.0,1798.0); (181.0,1797.0); (184.0,1793.0); (184.0,1779.0); (182.0,1774.0); (180.0,1773.0); (150.0,1772.0); (149.0,1773.0); (140.0,1774.0)","[[138.0, 1777.0], [138.0, 1780.0], [137.0, 1781.0], [137.0, 1793.0], [140.0, 1798.0], [143.0, 1799.0], [149.0, 1799.0], [150.0, 1798.0], [165.0, 1798.0], [166.0, 1799.0], [169.0, 1798.0], [178.0, 1798.0], [181.0, 1797.0], [184.0, 1793.0], [184.0, 1779.0], [182.0, 1774.0], [180.0, 1773.0], [150.0, 1772.0], [149.0, 1773.0], [140.0, 1774.0]]"
Arty_Bottom,278,R148,resistor,resistor R122,Resistor_SMD,Resistor_SMD:R_0805_2012Metric,140,1804,179,1824,0.863,15,"(182.0,1810.0); (180.0,1806.0); (176.0,1806.0); (171.0,1808.0); (144.0,1808.0); (139.0,1812.0); (139.0,1814.0); (138.0,1815.0); (138.0,1823.0); (140.0,1824.0); (171.0,1824.0); (172.0,1825.0); (179.0,1825.0); (180.0,1824.0); (182.0,1824.0)","[[182.0, 1810.0], [180.0, 1806.0], [176.0, 1806.0], [171.0, 1808.0], [144.0, 1808.0], [139.0, 1812.0], [139.0, 1814.0], [138.0, 1815.0], [138.0, 1823.0], [140.0, 1824.0], [171.0, 1824.0], [172.0, 1825.0], [179.0, 1825.0], [180.0, 1824.0], [182.0, 1824.0]]"
Arty_Bottom,279,R149,resistor,resistor R135,Resistor_SMD,Resistor_SMD:R_0805_2012Metric,137,1829,158,1871,0.827,19,"(136.0,1828.0); (135.0,1836.0); (134.0,1837.0); (134.0,1848.0); (135.0,1849.0); (135.0,1863.0); (134.0,1864.0); (134.0,1867.0); (136.0,1870.0); (159.0,1870.0); (162.0,1867.0); (160.0,1865.0); (158.0,1860.0); (158.0,1846.0); (159.0,1845.0); (159.0,1841.0); (161.0,1838.0); (161.0,1834.0); (151.0,1829.0)","[[136.0, 1828.0], [135.0, 1836.0], [134.0, 1837.0], [134.0, 1848.0], [135.0, 1849.0], [135.0, 1863.0], [134.0, 1864.0], [134.0, 1867.0], [136.0, 1870.0], [159.0, 1870.0], [162.0, 1867.0], [160.0, 1865.0], [158.0, 1860.0], [158.0, 1846.0], [159.0, 1845.0], [159.0, 1841.0], [161.0, 1838.0], [161.0, 1834.0], [151.0, 1829.0]]"
Arty_Bottom,280,R150,resistor,resistor R284,Resistor_SMD,Resistor_SMD:R_0805_2012Metric,162,1830,181,1871,0.819,16,"(168.0,1831.0); (164.0,1834.0); (164.0,1836.0); (163.0,1837.0); (164.0,1839.0); (164.0,1860.0); (163.0,1861.0); (163.0,1865.0); (162.0,1867.0); (166.0,1870.0); (169.0,1870.0); (170.0,1871.0); (181.0,1871.0); (184.0,1869.0); (184.0,1834.0); (179.0,1830.0)","[[168.0, 1831.0], [164.0, 1834.0], [164.0, 1836.0], [163.0, 1837.0], [164.0, 1839.0], [164.0, 1860.0], [163.0, 1861.0], [163.0, 1865.0], [162.0, 1867.0], [166.0, 1870.0], [169.0, 1870.0], [170.0, 1871.0], [181.0, 1871.0], [184.0, 1869.0], [184.0, 1834.0], [179.0, 1830.0]]"
Arty_Bottom,281,C120,capacitor,capacitor C8,Capacitor_SMD,Capacitor_SMD:C_0805_2012Metric,141,1877,180,1897,0.896,13,"(184.0,1878.0); (179.0,1876.0); (141.0,1877.0); (140.0,1878.0); (137.0,1878.0); (135.0,1880.0); (137.0,1898.0); (141.0,1900.0); (160.0,1900.0); (161.0,1901.0); (179.0,1901.0); (182.0,1900.0); (184.0,1897.0)","[[184.0, 1878.0], [179.0, 1876.0], [141.0, 1877.0], [140.0, 1878.0], [137.0, 1878.0], [135.0, 1880.0], [137.0, 1898.0], [141.0, 1900.0], [160.0, 1900.0], [161.0, 1901.0], [179.0, 1901.0], [182.0, 1900.0], [184.0, 1897.0]]"
Arty_Bottom,282,R151,resistor,resistor R103,Resistor_SMD,Resistor_SMD:R_0805_2012Metric,212,1777,251,1797,0.903,18,"(253.0,1773.0); (250.0,1772.0); (237.0,1772.0); (236.0,1773.0); (214.0,1773.0); (211.0,1774.0); (209.0,1776.0); (207.0,1783.0); (207.0,1797.0); (209.0,1801.0); (212.0,1802.0); (219.0,1800.0); (247.0,1800.0); (248.0,1801.0); (253.0,1801.0); (254.0,1789.0); (255.0,1788.0); (255.0,1781.0)","[[253.0, 1773.0], [250.0, 1772.0], [237.0, 1772.0], [236.0, 1773.0], [214.0, 1773.0], [211.0, 1774.0], [209.0, 1776.0], [207.0, 1783.0], [207.0, 1797.0], [209.0, 1801.0], [212.0, 1802.0], [219.0, 1800.0], [247.0, 1800.0], [248.0, 1801.0], [253.0, 1801.0], [254.0, 1789.0], [255.0, 1788.0], [255.0, 1781.0]]"
Arty_Bottom,283,R152,resistor,resistor R123,Resistor_SMD,Resistor_SMD:R_0805_2012Metric,210,1803,251,1825,0.848,13,"(207.0,1807.0); (206.0,1824.0); (208.0,1826.0); (218.0,1826.0); (219.0,1825.0); (253.0,1825.0); (254.0,1824.0); (253.0,1811.0); (251.0,1808.0); (247.0,1806.0); (224.0,1806.0); (223.0,1805.0); (209.0,1804.0)","[[207.0, 1807.0], [206.0, 1824.0], [208.0, 1826.0], [218.0, 1826.0], [219.0, 1825.0], [253.0, 1825.0], [254.0, 1824.0], [253.0, 1811.0], [251.0, 1808.0], [247.0, 1806.0], [224.0, 1806.0], [223.0, 1805.0], [209.0, 1804.0]]"
Arty_Bottom,284,R153,resistor,resistor R283,Resistor_SMD,Resistor_SMD:R_0805_2012Metric,208,1829,229,1871,0.864,19,"(207.0,1828.0); (204.0,1836.0); (204.0,1864.0); (205.0,1865.0); (205.0,1869.0); (210.0,1873.0); (225.0,1872.0); (232.0,1870.0); (234.0,1867.0); (230.0,1861.0); (230.0,1857.0); (229.0,1856.0); (230.0,1855.0); (230.0,1845.0); (235.0,1837.0); (234.0,1834.0); (229.0,1832.0); (218.0,1830.0); (212.0,1827.0)","[[207.0, 1828.0], [204.0, 1836.0], [204.0, 1864.0], [205.0, 1865.0], [205.0, 1869.0], [210.0, 1873.0], [225.0, 1872.0], [232.0, 1870.0], [234.0, 1867.0], [230.0, 1861.0], [230.0, 1857.0], [229.0, 1856.0], [230.0, 1855.0], [230.0, 1845.0], [235.0, 1837.0], [234.0, 1834.0], [229.0, 1832.0], [218.0, 1830.0], [212.0, 1827.0]]"
Arty_Bottom,285,R154,resistor,resistor R134,Resistor_SMD,Resistor_SMD:R_0805_2012Metric,233,1829,254,1871,0.835,14,"(252.0,1829.0); (251.0,1830.0); (240.0,1831.0); (236.0,1833.0); (234.0,1836.0); (234.0,1868.0); (236.0,1870.0); (241.0,1872.0); (252.0,1872.0); (255.0,1870.0); (255.0,1868.0); (256.0,1867.0); (256.0,1833.0); (255.0,1831.0)","[[252.0, 1829.0], [251.0, 1830.0], [240.0, 1831.0], [236.0, 1833.0], [234.0, 1836.0], [234.0, 1868.0], [236.0, 1870.0], [241.0, 1872.0], [252.0, 1872.0], [255.0, 1870.0], [255.0, 1868.0], [256.0, 1867.0], [256.0, 1833.0], [255.0, 1831.0]]"
Arty_Bottom,286,C121,capacitor,capacitor C7,Capacitor_SMD,Capacitor_SMD:C_0805_2012Metric,210,1876,252,1899,0.922,16,"(204.0,1877.0); (203.0,1880.0); (204.0,1888.0); (205.0,1889.0); (204.0,1900.0); (209.0,1903.0); (247.0,1902.0); (253.0,1899.0); (254.0,1891.0); (255.0,1890.0); (255.0,1879.0); (253.0,1877.0); (249.0,1876.0); (217.0,1876.0); (216.0,1875.0); (207.0,1875.0)","[[204.0, 1877.0], [203.0, 1880.0], [204.0, 1888.0], [205.0, 1889.0], [204.0, 1900.0], [209.0, 1903.0], [247.0, 1902.0], [253.0, 1899.0], [254.0, 1891.0], [255.0, 1890.0], [255.0, 1879.0], [253.0, 1877.0], [249.0, 1876.0], [217.0, 1876.0], [216.0, 1875.0], [207.0, 1875.0]]"
Arty_Bottom,287,R155,resistor,resistor R104,Resistor_SMD,Resistor_SMD:R_0805_2012Metric,282,1777,321,1797,0.91,22,"(279.0,1775.0); (278.0,1777.0); (278.0,1795.0); (281.0,1798.0); (284.0,1799.0); (304.0,1799.0); (305.0,1800.0); (312.0,1800.0); (313.0,1801.0); (320.0,1801.0); (323.0,1799.0); (325.0,1794.0); (325.0,1781.0); (324.0,1778.0); (321.0,1775.0); (318.0,1774.0); (301.0,1774.0); (300.0,1775.0); (296.0,1775.0); (295.0,1774.0); (289.0,1774.0); (288.0,1773.0)","[[279.0, 1775.0], [278.0, 1777.0], [278.0, 1795.0], [281.0, 1798.0], [284.0, 1799.0], [304.0, 1799.0], [305.0, 1800.0], [312.0, 1800.0], [313.0, 1801.0], [320.0, 1801.0], [323.0, 1799.0], [325.0, 1794.0], [325.0, 1781.0], [324.0, 1778.0], [321.0, 1775.0], [318.0, 1774.0], [301.0, 1774.0], [300.0, 1775.0], [296.0, 1775.0], [295.0, 1774.0], [289.0, 1774.0], [288.0, 1773.0]]"
Arty_Bottom,288,R156,resistor,resistor R124,Resistor_SMD,Resistor_SMD:R_0805_2012Metric,282,1804,323,1826,0.886,15,"(325.0,1813.0); (323.0,1808.0); (321.0,1806.0); (309.0,1806.0); (308.0,1807.0); (285.0,1807.0); (282.0,1809.0); (280.0,1813.0); (279.0,1824.0); (284.0,1825.0); (285.0,1826.0); (319.0,1826.0); (320.0,1825.0); (323.0,1825.0); (325.0,1823.0)","[[325.0, 1813.0], [323.0, 1808.0], [321.0, 1806.0], [309.0, 1806.0], [308.0, 1807.0], [285.0, 1807.0], [282.0, 1809.0], [280.0, 1813.0], [279.0, 1824.0], [284.0, 1825.0], [285.0, 1826.0], [319.0, 1826.0], [320.0, 1825.0], [323.0, 1825.0], [325.0, 1823.0]]"
Arty_Bottom,289,R157,resistor,resistor R282,Resistor_SMD,Resistor_SMD:R_0805_2012Metric,278,1831,299,1873,0.875,14,"(281.0,1831.0); (277.0,1834.0); (277.0,1870.0); (278.0,1872.0); (280.0,1873.0); (284.0,1873.0); (285.0,1874.0); (297.0,1872.0); (301.0,1869.0); (301.0,1844.0); (302.0,1843.0); (302.0,1835.0); (299.0,1832.0); (296.0,1831.0)","[[281.0, 1831.0], [277.0, 1834.0], [277.0, 1870.0], [278.0, 1872.0], [280.0, 1873.0], [284.0, 1873.0], [285.0, 1874.0], [297.0, 1872.0], [301.0, 1869.0], [301.0, 1844.0], [302.0, 1843.0], [302.0, 1835.0], [299.0, 1832.0], [296.0, 1831.0]]"
Arty_Bottom,290,R158,resistor,resistor R133,Resistor_SMD,Resistor_SMD:R_0805_2012Metric,303,1831,324,1873,0.85,15,"(314.0,1829.0); (307.0,1832.0); (305.0,1834.0); (306.0,1860.0); (304.0,1865.0); (304.0,1870.0); (308.0,1873.0); (320.0,1874.0); (324.0,1872.0); (326.0,1869.0); (326.0,1848.0); (327.0,1847.0); (328.0,1834.0); (327.0,1832.0); (323.0,1829.0)","[[314.0, 1829.0], [307.0, 1832.0], [305.0, 1834.0], [306.0, 1860.0], [304.0, 1865.0], [304.0, 1870.0], [308.0, 1873.0], [320.0, 1874.0], [324.0, 1872.0], [326.0, 1869.0], [326.0, 1848.0], [327.0, 1847.0], [328.0, 1834.0], [327.0, 1832.0], [323.0, 1829.0]]"
Arty_Bottom,291,C122,capacitor,capacitor C6,Capacitor_SMD,Capacitor_SMD:C_0805_2012Metric,281,1878,323,1901,0.933,14,"(276.0,1880.0); (277.0,1901.0); (279.0,1902.0); (285.0,1902.0); (286.0,1903.0); (320.0,1903.0); (323.0,1902.0); (326.0,1898.0); (326.0,1883.0); (327.0,1880.0); (325.0,1878.0); (294.0,1877.0); (293.0,1878.0); (277.0,1878.0)","[[276.0, 1880.0], [277.0, 1901.0], [279.0, 1902.0], [285.0, 1902.0], [286.0, 1903.0], [320.0, 1903.0], [323.0, 1902.0], [326.0, 1898.0], [326.0, 1883.0], [327.0, 1880.0], [325.0, 1878.0], [294.0, 1877.0], [293.0, 1878.0], [277.0, 1878.0]]"
Arty_Bottom,292,C123,capacitor,capacitor C5,Capacitor_SMD,Capacitor_SMD:C_0805_2012Metric,355,1878,397,1901,0.916,18,"(401.0,1880.0); (399.0,1878.0); (395.0,1878.0); (394.0,1877.0); (389.0,1877.0); (388.0,1878.0); (353.0,1878.0); (350.0,1880.0); (350.0,1900.0); (353.0,1902.0); (357.0,1902.0); (358.0,1903.0); (375.0,1903.0); (376.0,1904.0); (393.0,1904.0); (397.0,1903.0); (400.0,1900.0); (400.0,1884.0)","[[401.0, 1880.0], [399.0, 1878.0], [395.0, 1878.0], [394.0, 1877.0], [389.0, 1877.0], [388.0, 1878.0], [353.0, 1878.0], [350.0, 1880.0], [350.0, 1900.0], [353.0, 1902.0], [357.0, 1902.0], [358.0, 1903.0], [375.0, 1903.0], [376.0, 1904.0], [393.0, 1904.0], [397.0, 1903.0], [400.0, 1900.0], [400.0, 1884.0]]"
Arty_Bottom,293,R159,resistor,resistor R132,Resistor_SMD,Resistor_SMD:R_0805_2012Metric,352,1831,373,1873,0.859,17,"(353.0,1830.0); (350.0,1833.0); (350.0,1866.0); (349.0,1867.0); (350.0,1868.0); (350.0,1871.0); (353.0,1873.0); (372.0,1873.0); (376.0,1870.0); (376.0,1865.0); (375.0,1864.0); (375.0,1859.0); (374.0,1858.0); (374.0,1846.0); (378.0,1836.0); (375.0,1833.0); (371.0,1831.0)","[[353.0, 1830.0], [350.0, 1833.0], [350.0, 1866.0], [349.0, 1867.0], [350.0, 1868.0], [350.0, 1871.0], [353.0, 1873.0], [372.0, 1873.0], [376.0, 1870.0], [376.0, 1865.0], [375.0, 1864.0], [375.0, 1859.0], [374.0, 1858.0], [374.0, 1846.0], [378.0, 1836.0], [375.0, 1833.0], [371.0, 1831.0]]"
Arty_Bottom,294,R160,resistor,resistor R281,Resistor_SMD,Resistor_SMD:R_0805_2012Metric,377,1831,398,1873,0.842,19,"(381.0,1832.0); (376.0,1835.0); (376.0,1839.0); (378.0,1842.0); (378.0,1845.0); (379.0,1846.0); (379.0,1860.0); (378.0,1861.0); (377.0,1869.0); (383.0,1873.0); (397.0,1874.0); (401.0,1871.0); (401.0,1840.0); (402.0,1839.0); (402.0,1836.0); (401.0,1834.0); (397.0,1831.0); (386.0,1831.0); (385.0,1832.0)","[[381.0, 1832.0], [376.0, 1835.0], [376.0, 1839.0], [378.0, 1842.0], [378.0, 1845.0], [379.0, 1846.0], [379.0, 1860.0], [378.0, 1861.0], [377.0, 1869.0], [383.0, 1873.0], [397.0, 1874.0], [401.0, 1871.0], [401.0, 1840.0], [402.0, 1839.0], [402.0, 1836.0], [401.0, 1834.0], [397.0, 1831.0], [386.0, 1831.0], [385.0, 1832.0]]"
Arty_Bottom,295,R161,resistor,resistor R125,Resistor_SMD,Resistor_SMD:R_0805_2012Metric,354,1805,395,1827,0.888,19,"(399.0,1811.0); (396.0,1805.0); (390.0,1807.0); (381.0,1807.0); (380.0,1808.0); (365.0,1808.0); (364.0,1807.0); (363.0,1808.0); (356.0,1808.0); (354.0,1809.0); (352.0,1812.0); (350.0,1824.0); (352.0,1826.0); (361.0,1826.0); (362.0,1827.0); (392.0,1827.0); (393.0,1828.0); (399.0,1827.0); (400.0,1826.0)","[[399.0, 1811.0], [396.0, 1805.0], [390.0, 1807.0], [381.0, 1807.0], [380.0, 1808.0], [365.0, 1808.0], [364.0, 1807.0], [363.0, 1808.0], [356.0, 1808.0], [354.0, 1809.0], [352.0, 1812.0], [350.0, 1824.0], [352.0, 1826.0], [361.0, 1826.0], [362.0, 1827.0], [392.0, 1827.0], [393.0, 1828.0], [399.0, 1827.0], [400.0, 1826.0]]"
Arty_Bottom,296,R162,resistor,resistor R105,Resistor_SMD,Resistor_SMD:R_0805_2012Metric,356,1778,395,1798,0.889,18,"(352.0,1778.0); (351.0,1787.0); (352.0,1788.0); (352.0,1800.0); (353.0,1802.0); (390.0,1802.0); (391.0,1801.0); (395.0,1801.0); (399.0,1796.0); (401.0,1781.0); (399.0,1775.0); (395.0,1773.0); (391.0,1774.0); (378.0,1774.0); (377.0,1773.0); (360.0,1774.0); (359.0,1775.0); (354.0,1775.0)","[[352.0, 1778.0], [351.0, 1787.0], [352.0, 1788.0], [352.0, 1800.0], [353.0, 1802.0], [390.0, 1802.0], [391.0, 1801.0], [395.0, 1801.0], [399.0, 1796.0], [401.0, 1781.0], [399.0, 1775.0], [395.0, 1773.0], [391.0, 1774.0], [378.0, 1774.0], [377.0, 1773.0], [360.0, 1774.0], [359.0, 1775.0], [354.0, 1775.0]]"
Arty_Bottom,297,R163,resistor,resistor R106,Resistor_SMD,Resistor_SMD:R_0805_2012Metric,430,1779,469,1799,0.892,20,"(426.0,1777.0); (424.0,1783.0); (424.0,1793.0); (425.0,1794.0); (425.0,1799.0); (427.0,1802.0); (465.0,1802.0); (466.0,1803.0); (470.0,1803.0); (471.0,1802.0); (472.0,1781.0); (469.0,1777.0); (466.0,1776.0); (453.0,1776.0); (452.0,1777.0); (448.0,1777.0); (447.0,1776.0); (441.0,1776.0); (440.0,1775.0); (431.0,1775.0)","[[426.0, 1777.0], [424.0, 1783.0], [424.0, 1793.0], [425.0, 1794.0], [425.0, 1799.0], [427.0, 1802.0], [465.0, 1802.0], [466.0, 1803.0], [470.0, 1803.0], [471.0, 1802.0], [472.0, 1781.0], [469.0, 1777.0], [466.0, 1776.0], [453.0, 1776.0], [452.0, 1777.0], [448.0, 1777.0], [447.0, 1776.0], [441.0, 1776.0], [440.0, 1775.0], [431.0, 1775.0]]"
Arty_Bottom,298,R164,resistor,resistor R126,Resistor_SMD,Resistor_SMD:R_0805_2012Metric,429,1806,470,1828,0.843,17,"(423.0,1826.0); (426.0,1828.0); (432.0,1828.0); (433.0,1827.0); (469.0,1827.0); (471.0,1826.0); (472.0,1822.0); (471.0,1821.0); (470.0,1813.0); (469.0,1811.0); (466.0,1810.0); (463.0,1810.0); (462.0,1809.0); (433.0,1809.0); (432.0,1808.0); (428.0,1808.0); (426.0,1810.0)","[[423.0, 1826.0], [426.0, 1828.0], [432.0, 1828.0], [433.0, 1827.0], [469.0, 1827.0], [471.0, 1826.0], [472.0, 1822.0], [471.0, 1821.0], [470.0, 1813.0], [469.0, 1811.0], [466.0, 1810.0], [463.0, 1810.0], [462.0, 1809.0], [433.0, 1809.0], [432.0, 1808.0], [428.0, 1808.0], [426.0, 1810.0]]"
Arty_Bottom,299,R165,resistor,resistor R131,Resistor_SMD,Resistor_SMD:R_0805_2012Metric,426,1832,447,1874,0.852,21,"(425.0,1831.0); (422.0,1834.0); (422.0,1838.0); (421.0,1839.0); (422.0,1870.0); (424.0,1874.0); (426.0,1876.0); (429.0,1876.0); (434.0,1874.0); (439.0,1874.0); (447.0,1871.0); (449.0,1867.0); (446.0,1859.0); (446.0,1851.0); (447.0,1850.0); (447.0,1846.0); (453.0,1838.0); (453.0,1836.0); (451.0,1834.0); (435.0,1833.0); (430.0,1831.0)","[[425.0, 1831.0], [422.0, 1834.0], [422.0, 1838.0], [421.0, 1839.0], [422.0, 1870.0], [424.0, 1874.0], [426.0, 1876.0], [429.0, 1876.0], [434.0, 1874.0], [439.0, 1874.0], [447.0, 1871.0], [449.0, 1867.0], [446.0, 1859.0], [446.0, 1851.0], [447.0, 1850.0], [447.0, 1846.0], [453.0, 1838.0], [453.0, 1836.0], [451.0, 1834.0], [435.0, 1833.0], [430.0, 1831.0]]"
Arty_Bottom,300,R166,resistor,resistor R280,Resistor_SMD,Resistor_SMD:R_0805_2012Metric,451,1833,472,1875,0.827,22,"(457.0,1834.0); (452.0,1838.0); (452.0,1852.0); (453.0,1853.0); (453.0,1858.0); (452.0,1859.0); (452.0,1866.0); (451.0,1867.0); (452.0,1868.0); (452.0,1870.0); (455.0,1873.0); (457.0,1873.0); (458.0,1874.0); (469.0,1874.0); (471.0,1873.0); (473.0,1868.0); (473.0,1840.0); (474.0,1839.0); (474.0,1837.0); (472.0,1833.0); (462.0,1833.0); (461.0,1834.0)","[[457.0, 1834.0], [452.0, 1838.0], [452.0, 1852.0], [453.0, 1853.0], [453.0, 1858.0], [452.0, 1859.0], [452.0, 1866.0], [451.0, 1867.0], [452.0, 1868.0], [452.0, 1870.0], [455.0, 1873.0], [457.0, 1873.0], [458.0, 1874.0], [469.0, 1874.0], [471.0, 1873.0], [473.0, 1868.0], [473.0, 1840.0], [474.0, 1839.0], [474.0, 1837.0], [472.0, 1833.0], [462.0, 1833.0], [461.0, 1834.0]]"
Arty_Bottom,301,C124,capacitor,capacitor C4,Capacitor_SMD,Capacitor_SMD:C_0805_2012Metric,428,1880,470,1903,0.913,17,"(421.0,1881.0); (422.0,1882.0); (422.0,1901.0); (425.0,1904.0); (429.0,1905.0); (453.0,1905.0); (454.0,1904.0); (464.0,1904.0); (470.0,1902.0); (472.0,1896.0); (472.0,1882.0); (473.0,1881.0); (469.0,1878.0); (463.0,1878.0); (462.0,1879.0); (460.0,1878.0); (425.0,1878.0)","[[421.0, 1881.0], [422.0, 1882.0], [422.0, 1901.0], [425.0, 1904.0], [429.0, 1905.0], [453.0, 1905.0], [454.0, 1904.0], [464.0, 1904.0], [470.0, 1902.0], [472.0, 1896.0], [472.0, 1882.0], [473.0, 1881.0], [469.0, 1878.0], [463.0, 1878.0], [462.0, 1879.0], [460.0, 1878.0], [425.0, 1878.0]]"
Arty_Bottom,302,R167,resistor,resistor R107,Resistor_SMD,Resistor_SMD:R_0805_2012Metric,492,1780,534,1801,0.907,15,"(490.0,1779.0); (489.0,1782.0); (489.0,1802.0); (491.0,1804.0); (496.0,1804.0); (497.0,1803.0); (534.0,1803.0); (535.0,1802.0); (536.0,1794.0); (537.0,1793.0); (537.0,1785.0); (536.0,1784.0); (536.0,1779.0); (534.0,1777.0); (492.0,1777.0)","[[490.0, 1779.0], [489.0, 1782.0], [489.0, 1802.0], [491.0, 1804.0], [496.0, 1804.0], [497.0, 1803.0], [534.0, 1803.0], [535.0, 1802.0], [536.0, 1794.0], [537.0, 1793.0], [537.0, 1785.0], [536.0, 1784.0], [536.0, 1779.0], [534.0, 1777.0], [492.0, 1777.0]]"
Arty_Bottom,303,R168,resistor,resistor R127,Resistor_SMD,Resistor_SMD:R_0805_2012Metric,492,1806,533,1828,0.893,16,"(490.0,1813.0); (489.0,1825.0); (492.0,1827.0); (501.0,1827.0); (502.0,1828.0); (504.0,1828.0); (505.0,1827.0); (531.0,1828.0); (535.0,1826.0); (535.0,1814.0); (534.0,1813.0); (534.0,1811.0); (529.0,1808.0); (493.0,1809.0); (491.0,1810.0); (491.0,1812.0)","[[490.0, 1813.0], [489.0, 1825.0], [492.0, 1827.0], [501.0, 1827.0], [502.0, 1828.0], [504.0, 1828.0], [505.0, 1827.0], [531.0, 1828.0], [535.0, 1826.0], [535.0, 1814.0], [534.0, 1813.0], [534.0, 1811.0], [529.0, 1808.0], [493.0, 1809.0], [491.0, 1810.0], [491.0, 1812.0]]"
Arty_Bottom,304,R169,resistor,resistor R130,Resistor_SMD,Resistor_SMD:R_0805_2012Metric,515,1832,536,1874,0.87,14,"(534.0,1831.0); (532.0,1832.0); (517.0,1833.0); (513.0,1836.0); (513.0,1838.0); (515.0,1841.0); (515.0,1845.0); (516.0,1846.0); (514.0,1869.0); (516.0,1873.0); (520.0,1875.0); (534.0,1875.0); (537.0,1868.0); (537.0,1834.0)","[[534.0, 1831.0], [532.0, 1832.0], [517.0, 1833.0], [513.0, 1836.0], [513.0, 1838.0], [515.0, 1841.0], [515.0, 1845.0], [516.0, 1846.0], [514.0, 1869.0], [516.0, 1873.0], [520.0, 1875.0], [534.0, 1875.0], [537.0, 1868.0], [537.0, 1834.0]]"
Arty_Bottom,305,R170,resistor,resistor R279,Resistor_SMD,Resistor_SMD:R_0805_2012Metric,490,1833,511,1875,0.862,16,"(491.0,1831.0); (488.0,1835.0); (489.0,1871.0); (491.0,1875.0); (494.0,1876.0); (495.0,1875.0); (507.0,1874.0); (513.0,1870.0); (513.0,1865.0); (510.0,1859.0); (510.0,1853.0); (511.0,1852.0); (512.0,1843.0); (516.0,1837.0); (515.0,1835.0); (512.0,1833.0)","[[491.0, 1831.0], [488.0, 1835.0], [489.0, 1871.0], [491.0, 1875.0], [494.0, 1876.0], [495.0, 1875.0], [507.0, 1874.0], [513.0, 1870.0], [513.0, 1865.0], [510.0, 1859.0], [510.0, 1853.0], [511.0, 1852.0], [512.0, 1843.0], [516.0, 1837.0], [515.0, 1835.0], [512.0, 1833.0]]"
Arty_Bottom,306,C125,capacitor,capacitor C3,Capacitor_SMD,Capacitor_SMD:C_0805_2012Metric,491,1880,533,1903,0.933,16,"(489.0,1881.0); (488.0,1900.0); (493.0,1905.0); (530.0,1905.0); (531.0,1904.0); (534.0,1904.0); (536.0,1901.0); (536.0,1881.0); (534.0,1879.0); (529.0,1879.0); (528.0,1880.0); (525.0,1880.0); (524.0,1879.0); (502.0,1879.0); (501.0,1880.0); (490.0,1880.0)","[[489.0, 1881.0], [488.0, 1900.0], [493.0, 1905.0], [530.0, 1905.0], [531.0, 1904.0], [534.0, 1904.0], [536.0, 1901.0], [536.0, 1881.0], [534.0, 1879.0], [529.0, 1879.0], [528.0, 1880.0], [525.0, 1880.0], [524.0, 1879.0], [502.0, 1879.0], [501.0, 1880.0], [490.0, 1880.0]]"
Arty_Bottom,307,R171,resistor,resistor R43,Resistor_SMD,Resistor_SMD:R_0805_2012Metric,289,1981,309,2022,0.897,18,"(286.0,1976.0); (284.0,1978.0); (284.0,1984.0); (283.0,1985.0); (283.0,1989.0); (284.0,1990.0); (284.0,2022.0); (288.0,2025.0); (295.0,2025.0); (296.0,2026.0); (305.0,2025.0); (309.0,2022.0); (309.0,2013.0); (308.0,2012.0); (308.0,2003.0); (309.0,2002.0); (308.0,1978.0); (302.0,1976.0)","[[286.0, 1976.0], [284.0, 1978.0], [284.0, 1984.0], [283.0, 1985.0], [283.0, 1989.0], [284.0, 1990.0], [284.0, 2022.0], [288.0, 2025.0], [295.0, 2025.0], [296.0, 2026.0], [305.0, 2025.0], [309.0, 2022.0], [309.0, 2013.0], [308.0, 2012.0], [308.0, 2003.0], [309.0, 2002.0], [308.0, 1978.0], [302.0, 1976.0]]"
Arty_Bottom,308,R172,resistor,resistor R33,Resistor_SMD,Resistor_SMD:R_0805_2012Metric,316,1982,336,2023,0.865,14,"(316.0,1978.0); (316.0,2008.0); (315.0,2009.0); (314.0,2021.0); (319.0,2026.0); (324.0,2026.0); (325.0,2027.0); (337.0,2026.0); (339.0,2024.0); (339.0,1995.0); (340.0,1994.0); (339.0,1978.0); (332.0,1976.0); (320.0,1976.0)","[[316.0, 1978.0], [316.0, 2008.0], [315.0, 2009.0], [314.0, 2021.0], [319.0, 2026.0], [324.0, 2026.0], [325.0, 2027.0], [337.0, 2026.0], [339.0, 2024.0], [339.0, 1995.0], [340.0, 1994.0], [339.0, 1978.0], [332.0, 1976.0], [320.0, 1976.0]]"
Arty_Bottom,309,R173,resistor,resistor R42,Resistor_SMD,Resistor_SMD:R_0805_2012Metric,377,1982,398,2023,0.938,16,"(375.0,1976.0); (372.0,1978.0); (372.0,1985.0); (371.0,1986.0); (371.0,1990.0); (372.0,1991.0); (371.0,2023.0); (376.0,2028.0); (395.0,2028.0); (398.0,2027.0); (401.0,2021.0); (401.0,2017.0); (400.0,2016.0); (400.0,1982.0); (399.0,1979.0); (396.0,1977.0)","[[375.0, 1976.0], [372.0, 1978.0], [372.0, 1985.0], [371.0, 1986.0], [371.0, 1990.0], [372.0, 1991.0], [371.0, 2023.0], [376.0, 2028.0], [395.0, 2028.0], [398.0, 2027.0], [401.0, 2021.0], [401.0, 2017.0], [400.0, 2016.0], [400.0, 1982.0], [399.0, 1979.0], [396.0, 1977.0]]"
Arty_Bottom,310,R174,resistor,resistor R35,Resistor_SMD,Resistor_SMD:R_0805_2012Metric,413,1983,434,2024,0.901,15,"(410.0,1978.0); (410.0,2007.0); (409.0,2008.0); (409.0,2022.0); (410.0,2025.0); (412.0,2027.0); (416.0,2027.0); (417.0,2028.0); (429.0,2028.0); (437.0,2026.0); (438.0,2024.0); (438.0,1979.0); (437.0,1978.0); (426.0,1978.0); (425.0,1977.0)","[[410.0, 1978.0], [410.0, 2007.0], [409.0, 2008.0], [409.0, 2022.0], [410.0, 2025.0], [412.0, 2027.0], [416.0, 2027.0], [417.0, 2028.0], [429.0, 2028.0], [437.0, 2026.0], [438.0, 2024.0], [438.0, 1979.0], [437.0, 1978.0], [426.0, 1978.0], [425.0, 1977.0]]"
Arty_Bottom,311,R175,resistor,resistor R44,Resistor_SMD,Resistor_SMD:R_0805_2012Metric,598,1985,618,2026,0.919,16,"(595.0,1980.0); (592.0,1983.0); (592.0,1990.0); (594.0,1994.0); (594.0,2021.0); (596.0,2028.0); (598.0,2030.0); (617.0,2030.0); (621.0,2029.0); (621.0,1993.0); (622.0,1992.0); (622.0,1984.0); (621.0,1982.0); (616.0,1980.0); (604.0,1980.0); (603.0,1979.0)","[[595.0, 1980.0], [592.0, 1983.0], [592.0, 1990.0], [594.0, 1994.0], [594.0, 2021.0], [596.0, 2028.0], [598.0, 2030.0], [617.0, 2030.0], [621.0, 2029.0], [621.0, 1993.0], [622.0, 1992.0], [622.0, 1984.0], [621.0, 1982.0], [616.0, 1980.0], [604.0, 1980.0], [603.0, 1979.0]]"
Arty_Bottom,312,R176,resistor,resistor R37,Resistor_SMD,Resistor_SMD:R_0805_2012Metric,634,1986,654,2027,0.913,11,"(634.0,1980.0); (632.0,1982.0); (631.0,1986.0); (631.0,2026.0); (633.0,2030.0); (654.0,2030.0); (656.0,2029.0); (658.0,2022.0); (656.0,1983.0); (654.0,1980.0); (650.0,1981.0)","[[634.0, 1980.0], [632.0, 1982.0], [631.0, 1986.0], [631.0, 2026.0], [633.0, 2030.0], [654.0, 2030.0], [656.0, 2029.0], [658.0, 2022.0], [656.0, 1983.0], [654.0, 1980.0], [650.0, 1981.0]]"
Arty_Bottom,313,R177,resistor,resistor R41,Resistor_SMD,Resistor_SMD:R_0805_2012Metric,819,1988,839,2029,0.922,12,"(816.0,1982.0); (812.0,1985.0); (812.0,1990.0); (814.0,1996.0); (814.0,2030.0); (818.0,2032.0); (837.0,2032.0); (841.0,2028.0); (841.0,1996.0); (843.0,1987.0); (842.0,1985.0); (837.0,1983.0)","[[816.0, 1982.0], [812.0, 1985.0], [812.0, 1990.0], [814.0, 1996.0], [814.0, 2030.0], [818.0, 2032.0], [837.0, 2032.0], [841.0, 2028.0], [841.0, 1996.0], [843.0, 1987.0], [842.0, 1985.0], [837.0, 1983.0]]"
Arty_Bottom,314,R178,resistor,resistor R40,Resistor_SMD,Resistor_SMD:R_0805_2012Metric,856,1989,876,2030,0.925,13,"(853.0,1984.0); (851.0,1987.0); (853.0,1994.0); (852.0,2030.0); (858.0,2033.0); (873.0,2033.0); (877.0,2032.0); (880.0,2029.0); (880.0,1990.0); (881.0,1989.0); (880.0,1986.0); (872.0,1983.0); (856.0,1983.0)","[[853.0, 1984.0], [851.0, 1987.0], [853.0, 1994.0], [852.0, 2030.0], [858.0, 2033.0], [873.0, 2033.0], [877.0, 2032.0], [880.0, 2029.0], [880.0, 1990.0], [881.0, 1989.0], [880.0, 1986.0], [872.0, 1983.0], [856.0, 1983.0]]"
Arty_Bottom,315,R179,resistor,resistor R34,Resistor_SMD,Resistor_SMD:R_0805_2012Metric,1041,1966,1061,2007,0.934,19,"(1042.0,1961.0); (1039.0,1967.0); (1039.0,1990.0); (1038.0,1991.0); (1038.0,2005.0); (1039.0,2008.0); (1043.0,2010.0); (1049.0,2010.0); (1050.0,2011.0); (1063.0,2010.0); (1065.0,2009.0); (1065.0,2003.0); (1066.0,2002.0); (1066.0,1994.0); (1065.0,1993.0); (1066.0,1965.0); (1065.0,1961.0); (1061.0,1960.0); (1045.0,1960.0)","[[1042.0, 1961.0], [1039.0, 1967.0], [1039.0, 1990.0], [1038.0, 1991.0], [1038.0, 2005.0], [1039.0, 2008.0], [1043.0, 2010.0], [1049.0, 2010.0], [1050.0, 2011.0], [1063.0, 2010.0], [1065.0, 2009.0], [1065.0, 2003.0], [1066.0, 2002.0], [1066.0, 1994.0], [1065.0, 1993.0], [1066.0, 1965.0], [1065.0, 1961.0], [1061.0, 1960.0], [1045.0, 1960.0]]"
Arty_Bottom,316,R180,resistor,resistor R36,Resistor_SMD,Resistor_SMD:R_0805_2012Metric,1238,1969,1258,2010,0.892,14,"(1242.0,1964.0); (1240.0,1965.0); (1238.0,1970.0); (1237.0,2009.0); (1241.0,2012.0); (1258.0,2012.0); (1261.0,2011.0); (1263.0,2008.0); (1263.0,1991.0); (1262.0,1990.0); (1263.0,1966.0); (1261.0,1964.0); (1250.0,1964.0); (1249.0,1965.0)","[[1242.0, 1964.0], [1240.0, 1965.0], [1238.0, 1970.0], [1237.0, 2009.0], [1241.0, 2012.0], [1258.0, 2012.0], [1261.0, 2011.0], [1263.0, 2008.0], [1263.0, 1991.0], [1262.0, 1990.0], [1263.0, 1966.0], [1261.0, 1964.0], [1250.0, 1964.0], [1249.0, 1965.0]]"
Arty_Bottom,317,R181,resistor,resistor R38,Resistor_SMD,Resistor_SMD:R_0805_2012Metric,1436,1971,1456,2012,0.919,11,"(1434.0,1965.0); (1433.0,1967.0); (1432.0,2011.0); (1436.0,2014.0); (1443.0,2014.0); (1444.0,2015.0); (1456.0,2014.0); (1460.0,2009.0); (1460.0,1967.0); (1455.0,1964.0); (1437.0,1964.0)","[[1434.0, 1965.0], [1433.0, 1967.0], [1432.0, 2011.0], [1436.0, 2014.0], [1443.0, 2014.0], [1444.0, 2015.0], [1456.0, 2014.0], [1460.0, 2009.0], [1460.0, 1967.0], [1455.0, 1964.0], [1437.0, 1964.0]]"
Arty_Bottom,318,R182,resistor,resistor R39,Resistor_SMD,Resistor_SMD:R_0805_2012Metric,1634,1972,1654,2013,0.928,16,"(1658.0,1967.0); (1639.0,1968.0); (1634.0,1970.0); (1632.0,1972.0); (1631.0,1975.0); (1631.0,1980.0); (1632.0,1981.0); (1631.0,2013.0); (1633.0,2015.0); (1636.0,2016.0); (1654.0,2016.0); (1658.0,2013.0); (1659.0,2011.0); (1659.0,1999.0); (1658.0,1998.0); (1659.0,1968.0)","[[1658.0, 1967.0], [1639.0, 1968.0], [1634.0, 1970.0], [1632.0, 1972.0], [1631.0, 1975.0], [1631.0, 1980.0], [1632.0, 1981.0], [1631.0, 2013.0], [1633.0, 2015.0], [1636.0, 2016.0], [1654.0, 2016.0], [1658.0, 2013.0], [1659.0, 2011.0], [1659.0, 1999.0], [1658.0, 1998.0], [1659.0, 1968.0]]"
Arty_Bottom,319,U7,ic,ic IC13,Package_SO,Package_SO:SOIC-8_3.9x4.9mm_P1.27mm,632,1794,709,1874,0.917,20,"(652.0,1794.0); (649.0,1799.0); (651.0,1811.0); (650.0,1823.0); (645.0,1829.0); (635.0,1828.0); (632.0,1833.0); (634.0,1839.0); (643.0,1838.0); (651.0,1844.0); (649.0,1869.0); (656.0,1874.0); (696.0,1870.0); (698.0,1867.0); (689.0,1843.0); (688.0,1834.0); (692.0,1819.0); (700.0,1813.0); (697.0,1805.0); (678.0,1794.0)","[[652.0, 1794.0], [649.0, 1799.0], [651.0, 1811.0], [650.0, 1823.0], [645.0, 1829.0], [635.0, 1828.0], [632.0, 1833.0], [634.0, 1839.0], [643.0, 1838.0], [651.0, 1844.0], [649.0, 1869.0], [656.0, 1874.0], [696.0, 1870.0], [698.0, 1867.0], [689.0, 1843.0], [688.0, 1834.0], [692.0, 1819.0], [700.0, 1813.0], [697.0, 1805.0], [678.0, 1794.0]]"
Arty_Bottom,320,C126,capacitor,capacitor C173,Capacitor_SMD,Capacitor_SMD:C_0805_2012Metric,724,1835,738,1863,0.923,21,"(734.0,1836.0); (728.0,1836.0); (725.0,1838.0); (725.0,1840.0); (724.0,1841.0); (724.0,1867.0); (725.0,1867.0); (726.0,1868.0); (728.0,1868.0); (729.0,1869.0); (736.0,1867.0); (737.0,1866.0); (737.0,1864.0); (738.0,1863.0); (738.0,1860.0); (739.0,1859.0); (739.0,1851.0); (738.0,1850.0); (738.0,1840.0); (737.0,1839.0); (737.0,1838.0)","[[734.0, 1836.0], [728.0, 1836.0], [725.0, 1838.0], [725.0, 1840.0], [724.0, 1841.0], [724.0, 1867.0], [725.0, 1867.0], [726.0, 1868.0], [728.0, 1868.0], [729.0, 1869.0], [736.0, 1867.0], [737.0, 1866.0], [737.0, 1864.0], [738.0, 1863.0], [738.0, 1860.0], [739.0, 1859.0], [739.0, 1851.0], [738.0, 1850.0], [738.0, 1840.0], [737.0, 1839.0], [737.0, 1838.0]]"
Arty_Bottom,321,U8,component,"""ferrite bead"" FB6",Generic_Component,Package_SO:SOIC-8_3.9x4.9mm_P1.27mm,721,1792,767,1814,0.936,13,"(715.0,1792.0); (715.0,1813.0); (720.0,1817.0); (725.0,1818.0); (763.0,1817.0); (767.0,1816.0); (770.0,1813.0); (771.0,1795.0); (770.0,1791.0); (765.0,1787.0); (726.0,1786.0); (725.0,1787.0); (719.0,1787.0)","[[715.0, 1792.0], [715.0, 1813.0], [720.0, 1817.0], [725.0, 1818.0], [763.0, 1817.0], [767.0, 1816.0], [770.0, 1813.0], [771.0, 1795.0], [770.0, 1791.0], [765.0, 1787.0], [726.0, 1786.0], [725.0, 1787.0], [719.0, 1787.0]]"
Arty_Bottom,322,C127,capacitor,capacitor C175,Capacitor_SMD,Capacitor_SMD:C_0805_2012Metric,851,1789,892,1864,0.917,13,"(858.0,1791.0); (855.0,1794.0); (853.0,1800.0); (852.0,1839.0); (853.0,1855.0); (859.0,1859.0); (884.0,1858.0); (887.0,1856.0); (889.0,1851.0); (890.0,1820.0); (889.0,1795.0); (882.0,1791.0); (874.0,1790.0)","[[858.0, 1791.0], [855.0, 1794.0], [853.0, 1800.0], [852.0, 1839.0], [853.0, 1855.0], [859.0, 1859.0], [884.0, 1858.0], [887.0, 1856.0], [889.0, 1851.0], [890.0, 1820.0], [889.0, 1795.0], [882.0, 1791.0], [874.0, 1790.0]]"
Arty_Bottom,323,C128,capacitor,capacitor C176,Capacitor_SMD,Capacitor_SMD:C_0805_2012Metric,936,1788,977,1863,0.929,12,"(941.0,1792.0); (937.0,1795.0); (936.0,1801.0); (936.0,1849.0); (941.0,1856.0); (948.0,1858.0); (967.0,1855.0); (973.0,1847.0); (974.0,1833.0); (973.0,1800.0); (967.0,1794.0); (949.0,1791.0)","[[941.0, 1792.0], [937.0, 1795.0], [936.0, 1801.0], [936.0, 1849.0], [941.0, 1856.0], [948.0, 1858.0], [967.0, 1855.0], [973.0, 1847.0], [974.0, 1833.0], [973.0, 1800.0], [967.0, 1794.0], [949.0, 1791.0]]"
Arty_Bottom,324,U9,component,"""ferrite bead"" FB5",Generic_Component,Package_SO:SOIC-8_3.9x4.9mm_P1.27mm,895,1789,935,1864,0.919,15,"(898.0,1793.0); (896.0,1794.0); (896.0,1822.0); (895.0,1823.0); (896.0,1855.0); (901.0,1858.0); (914.0,1858.0); (923.0,1856.0); (928.0,1852.0); (930.0,1846.0); (929.0,1839.0); (931.0,1819.0); (930.0,1798.0); (927.0,1794.0); (916.0,1792.0)","[[898.0, 1793.0], [896.0, 1794.0], [896.0, 1822.0], [895.0, 1823.0], [896.0, 1855.0], [901.0, 1858.0], [914.0, 1858.0], [923.0, 1856.0], [928.0, 1852.0], [930.0, 1846.0], [929.0, 1839.0], [931.0, 1819.0], [930.0, 1798.0], [927.0, 1794.0], [916.0, 1792.0]]"
Arty_Bottom,325,C129,capacitor,capacitor C178,Capacitor_SMD,Capacitor_SMD:C_0805_2012Metric,979,1804,999,1844,0.909,13,"(980.0,1801.0); (979.0,1802.0); (979.0,1847.0); (980.0,1848.0); (994.0,1848.0); (999.0,1845.0); (999.0,1840.0); (1000.0,1839.0); (999.0,1806.0); (998.0,1804.0); (994.0,1801.0); (991.0,1801.0); (990.0,1800.0)","[[980.0, 1801.0], [979.0, 1802.0], [979.0, 1847.0], [980.0, 1848.0], [994.0, 1848.0], [999.0, 1845.0], [999.0, 1840.0], [1000.0, 1839.0], [999.0, 1806.0], [998.0, 1804.0], [994.0, 1801.0], [991.0, 1801.0], [990.0, 1800.0]]"
Arty_Bottom,326,C130,capacitor,capacitor C177,Capacitor_SMD,Capacitor_SMD:C_0805_2012Metric,1005,1806,1025,1846,0.875,18,"(1003.0,1802.0); (1001.0,1805.0); (1003.0,1811.0); (1003.0,1820.0); (1004.0,1821.0); (1004.0,1837.0); (1003.0,1838.0); (1002.0,1846.0); (1004.0,1848.0); (1013.0,1848.0); (1014.0,1849.0); (1021.0,1849.0); (1022.0,1850.0); (1025.0,1849.0); (1028.0,1846.0); (1028.0,1804.0); (1025.0,1801.0); (1007.0,1801.0)","[[1003.0, 1802.0], [1001.0, 1805.0], [1003.0, 1811.0], [1003.0, 1820.0], [1004.0, 1821.0], [1004.0, 1837.0], [1003.0, 1838.0], [1002.0, 1846.0], [1004.0, 1848.0], [1013.0, 1848.0], [1014.0, 1849.0], [1021.0, 1849.0], [1022.0, 1850.0], [1025.0, 1849.0], [1028.0, 1846.0], [1028.0, 1804.0], [1025.0, 1801.0], [1007.0, 1801.0]]"
Arty_Bottom,327,R183,resistor,resistor R259,Resistor_SMD,Resistor_SMD:R_0805_2012Metric,1289,1751,1309,1792,0.908,19,"(1306.0,1748.0); (1296.0,1748.0); (1295.0,1747.0); (1294.0,1748.0); (1289.0,1748.0); (1285.0,1750.0); (1286.0,1791.0); (1287.0,1793.0); (1290.0,1795.0); (1293.0,1795.0); (1294.0,1796.0); (1303.0,1795.0); (1306.0,1794.0); (1309.0,1791.0); (1308.0,1769.0); (1309.0,1768.0); (1309.0,1755.0); (1310.0,1754.0); (1310.0,1751.0)","[[1306.0, 1748.0], [1296.0, 1748.0], [1295.0, 1747.0], [1294.0, 1748.0], [1289.0, 1748.0], [1285.0, 1750.0], [1286.0, 1791.0], [1287.0, 1793.0], [1290.0, 1795.0], [1293.0, 1795.0], [1294.0, 1796.0], [1303.0, 1795.0], [1306.0, 1794.0], [1309.0, 1791.0], [1308.0, 1769.0], [1309.0, 1768.0], [1309.0, 1755.0], [1310.0, 1754.0], [1310.0, 1751.0]]"
Arty_Bottom,328,R184,resistor,resistor R261,Resistor_SMD,Resistor_SMD:R_0805_2012Metric,1313,1752,1333,1793,0.868,16,"(1316.0,1749.0); (1314.0,1754.0); (1314.0,1792.0); (1315.0,1794.0); (1317.0,1794.0); (1318.0,1795.0); (1328.0,1795.0); (1332.0,1792.0); (1333.0,1786.0); (1334.0,1785.0); (1334.0,1778.0); (1333.0,1777.0); (1333.0,1754.0); (1332.0,1753.0); (1332.0,1751.0); (1328.0,1749.0)","[[1316.0, 1749.0], [1314.0, 1754.0], [1314.0, 1792.0], [1315.0, 1794.0], [1317.0, 1794.0], [1318.0, 1795.0], [1328.0, 1795.0], [1332.0, 1792.0], [1333.0, 1786.0], [1334.0, 1785.0], [1334.0, 1778.0], [1333.0, 1777.0], [1333.0, 1754.0], [1332.0, 1753.0], [1332.0, 1751.0], [1328.0, 1749.0]]"
Arty_Bottom,329,C131,capacitor,capacitor C184,Capacitor_SMD,Capacitor_SMD:C_0805_2012Metric,1338,1752,1359,1792,0.896,16,"(1357.0,1747.0); (1356.0,1748.0); (1346.0,1748.0); (1345.0,1749.0); (1341.0,1749.0); (1338.0,1751.0); (1338.0,1781.0); (1337.0,1782.0); (1337.0,1793.0); (1338.0,1794.0); (1355.0,1794.0); (1358.0,1795.0); (1360.0,1793.0); (1360.0,1787.0); (1361.0,1786.0); (1361.0,1749.0)","[[1357.0, 1747.0], [1356.0, 1748.0], [1346.0, 1748.0], [1345.0, 1749.0], [1341.0, 1749.0], [1338.0, 1751.0], [1338.0, 1781.0], [1337.0, 1782.0], [1337.0, 1793.0], [1338.0, 1794.0], [1355.0, 1794.0], [1358.0, 1795.0], [1360.0, 1793.0], [1360.0, 1787.0], [1361.0, 1786.0], [1361.0, 1749.0]]"
Arty_Bottom,330,C132,capacitor,capacitor C184,Capacitor_SMD,Capacitor_SMD:C_0805_2012Metric,1338,1801,1359,1841,0.92,14,"(1336.0,1801.0); (1333.0,1808.0); (1333.0,1824.0); (1332.0,1825.0); (1332.0,1843.0); (1333.0,1845.0); (1336.0,1846.0); (1357.0,1846.0); (1360.0,1845.0); (1362.0,1839.0); (1361.0,1808.0); (1360.0,1807.0); (1360.0,1804.0); (1358.0,1802.0)","[[1336.0, 1801.0], [1333.0, 1808.0], [1333.0, 1824.0], [1332.0, 1825.0], [1332.0, 1843.0], [1333.0, 1845.0], [1336.0, 1846.0], [1357.0, 1846.0], [1360.0, 1845.0], [1362.0, 1839.0], [1361.0, 1808.0], [1360.0, 1807.0], [1360.0, 1804.0], [1358.0, 1802.0]]"
Arty_Bottom,331,C133,capacitor,capacitor C2,Capacitor_SMD,Capacitor_SMD:C_0805_2012Metric,1856,1949,1877,1990,0.924,10,"(1855.0,1944.0); (1852.0,1946.0); (1853.0,1967.0); (1852.0,1968.0); (1851.0,1989.0); (1855.0,1994.0); (1878.0,1994.0); (1880.0,1991.0); (1880.0,1946.0); (1879.0,1945.0)","[[1855.0, 1944.0], [1852.0, 1946.0], [1853.0, 1967.0], [1852.0, 1968.0], [1851.0, 1989.0], [1855.0, 1994.0], [1878.0, 1994.0], [1880.0, 1991.0], [1880.0, 1946.0], [1879.0, 1945.0]]"
Arty_Bottom,332,C134,capacitor,capacitor C1,Capacitor_SMD,Capacitor_SMD:C_0805_2012Metric,2203,1954,2224,1995,0.943,12,"(2202.0,1948.0); (2198.0,1952.0); (2198.0,1959.0); (2197.0,1960.0); (2197.0,1994.0); (2196.0,1997.0); (2200.0,1999.0); (2225.0,1999.0); (2228.0,1997.0); (2228.0,1955.0); (2227.0,1951.0); (2225.0,1948.0)","[[2202.0, 1948.0], [2198.0, 1952.0], [2198.0, 1959.0], [2197.0, 1960.0], [2197.0, 1994.0], [2196.0, 1997.0], [2200.0, 1999.0], [2225.0, 1999.0], [2228.0, 1997.0], [2228.0, 1955.0], [2227.0, 1951.0], [2225.0, 1948.0]]"
Arty_Bottom,333,R185,resistor,resistor R81,Resistor_SMD,Resistor_SMD:R_0805_2012Metric,1945,1907,1987,1929,0.907,20,"(1988.0,1903.0); (1983.0,1902.0); (1977.0,1904.0); (1965.0,1904.0); (1964.0,1905.0); (1963.0,1904.0); (1945.0,1904.0); (1943.0,1905.0); (1941.0,1908.0); (1941.0,1912.0); (1940.0,1913.0); (1940.0,1926.0); (1941.0,1928.0); (1944.0,1930.0); (1950.0,1930.0); (1951.0,1931.0); (1986.0,1931.0); (1988.0,1930.0); (1990.0,1925.0); (1990.0,1908.0)","[[1988.0, 1903.0], [1983.0, 1902.0], [1977.0, 1904.0], [1965.0, 1904.0], [1964.0, 1905.0], [1963.0, 1904.0], [1945.0, 1904.0], [1943.0, 1905.0], [1941.0, 1908.0], [1941.0, 1912.0], [1940.0, 1913.0], [1940.0, 1926.0], [1941.0, 1928.0], [1944.0, 1930.0], [1950.0, 1930.0], [1951.0, 1931.0], [1986.0, 1931.0], [1988.0, 1930.0], [1990.0, 1925.0], [1990.0, 1908.0]]"
Arty_Bottom,334,R186,resistor,resistor R82,Resistor_SMD,Resistor_SMD:R_0805_2012Metric,2119,1908,2161,1930,0.923,13,"(2113.0,1905.0); (2113.0,1929.0); (2115.0,1932.0); (2160.0,1932.0); (2162.0,1930.0); (2164.0,1925.0); (2164.0,1909.0); (2161.0,1903.0); (2146.0,1903.0); (2145.0,1904.0); (2130.0,1904.0); (2121.0,1902.0); (2115.0,1902.0)","[[2113.0, 1905.0], [2113.0, 1929.0], [2115.0, 1932.0], [2160.0, 1932.0], [2162.0, 1930.0], [2164.0, 1925.0], [2164.0, 1909.0], [2161.0, 1903.0], [2146.0, 1903.0], [2145.0, 1904.0], [2130.0, 1904.0], [2121.0, 1902.0], [2115.0, 1902.0]]"
Arty_Bottom,335,R187,resistor,resistor R83,Resistor_SMD,Resistor_SMD:R_0805_2012Metric,2293,1910,2335,1932,0.91,13,"(2335.0,1908.0); (2332.0,1906.0); (2324.0,1906.0); (2323.0,1907.0); (2292.0,1907.0); (2290.0,1912.0); (2290.0,1932.0); (2299.0,1933.0); (2300.0,1934.0); (2333.0,1934.0); (2335.0,1933.0); (2338.0,1924.0); (2337.0,1913.0)","[[2335.0, 1908.0], [2332.0, 1906.0], [2324.0, 1906.0], [2323.0, 1907.0], [2292.0, 1907.0], [2290.0, 1912.0], [2290.0, 1932.0], [2299.0, 1933.0], [2300.0, 1934.0], [2333.0, 1934.0], [2335.0, 1933.0], [2338.0, 1924.0], [2337.0, 1913.0]]"
Arty_Bottom,336,R188,resistor,resistor R84,Resistor_SMD,Resistor_SMD:R_0805_2012Metric,2466,1911,2508,1933,0.919,18,"(2461.0,1910.0); (2460.0,1926.0); (2461.0,1927.0); (2461.0,1932.0); (2463.0,1935.0); (2493.0,1935.0); (2494.0,1936.0); (2499.0,1936.0); (2500.0,1935.0); (2507.0,1935.0); (2510.0,1933.0); (2511.0,1930.0); (2511.0,1913.0); (2509.0,1908.0); (2506.0,1906.0); (2495.0,1906.0); (2494.0,1907.0); (2465.0,1906.0)","[[2461.0, 1910.0], [2460.0, 1926.0], [2461.0, 1927.0], [2461.0, 1932.0], [2463.0, 1935.0], [2493.0, 1935.0], [2494.0, 1936.0], [2499.0, 1936.0], [2500.0, 1935.0], [2507.0, 1935.0], [2510.0, 1933.0], [2511.0, 1930.0], [2511.0, 1913.0], [2509.0, 1908.0], [2506.0, 1906.0], [2495.0, 1906.0], [2494.0, 1907.0], [2465.0, 1906.0]]"
Arty_Bottom,337,R189,resistor,resistor R253,Resistor_SMD,Resistor_SMD:R_0805_2012Metric,2628,1893,2670,1915,0.943,12,"(2622.0,1893.0); (2622.0,1911.0); (2627.0,1916.0); (2639.0,1917.0); (2640.0,1918.0); (2669.0,1918.0); (2674.0,1913.0); (2673.0,1892.0); (2669.0,1888.0); (2654.0,1888.0); (2653.0,1889.0); (2626.0,1888.0)","[[2622.0, 1893.0], [2622.0, 1911.0], [2627.0, 1916.0], [2639.0, 1917.0], [2640.0, 1918.0], [2669.0, 1918.0], [2674.0, 1913.0], [2673.0, 1892.0], [2669.0, 1888.0], [2654.0, 1888.0], [2653.0, 1889.0], [2626.0, 1888.0]]"
Arty_Bottom,338,R190,resistor,resistor R62,Resistor_SMD,Resistor_SMD:R_0805_2012Metric,1906,1950,1926,1993,0.819,17,"(1902.0,1945.0); (1901.0,1946.0); (1901.0,1956.0); (1902.0,1957.0); (1902.0,1984.0); (1901.0,1987.0); (1902.0,1988.0); (1902.0,1991.0); (1908.0,1994.0); (1922.0,1994.0); (1926.0,1990.0); (1926.0,1982.0); (1924.0,1977.0); (1924.0,1947.0); (1923.0,1946.0); (1906.0,1946.0); (1905.0,1945.0)","[[1902.0, 1945.0], [1901.0, 1946.0], [1901.0, 1956.0], [1902.0, 1957.0], [1902.0, 1984.0], [1901.0, 1987.0], [1902.0, 1988.0], [1902.0, 1991.0], [1908.0, 1994.0], [1922.0, 1994.0], [1926.0, 1990.0], [1926.0, 1982.0], [1924.0, 1977.0], [1924.0, 1947.0], [1923.0, 1946.0], [1906.0, 1946.0], [1905.0, 1945.0]]"
Arty_Bottom,339,R191,resistor,resistor R48,Resistor_SMD,Resistor_SMD:R_0805_2012Metric,1931,1950,1951,1993,0.794,18,"(1935.0,1946.0); (1933.0,1947.0); (1932.0,1949.0); (1932.0,1961.0); (1933.0,1962.0); (1933.0,1984.0); (1932.0,1985.0); (1932.0,1989.0); (1934.0,1993.0); (1936.0,1994.0); (1941.0,1994.0); (1942.0,1995.0); (1950.0,1994.0); (1953.0,1992.0); (1954.0,1989.0); (1954.0,1950.0); (1953.0,1948.0); (1951.0,1947.0)","[[1935.0, 1946.0], [1933.0, 1947.0], [1932.0, 1949.0], [1932.0, 1961.0], [1933.0, 1962.0], [1933.0, 1984.0], [1932.0, 1985.0], [1932.0, 1989.0], [1934.0, 1993.0], [1936.0, 1994.0], [1941.0, 1994.0], [1942.0, 1995.0], [1950.0, 1994.0], [1953.0, 1992.0], [1954.0, 1989.0], [1954.0, 1950.0], [1953.0, 1948.0], [1951.0, 1947.0]]"
Arty_Bottom,340,R192,resistor,resistor R52,Resistor_SMD,Resistor_SMD:R_0805_2012Metric,1931,2024,1950,2066,0.853,19,"(1938.0,2022.0); (1937.0,2023.0); (1934.0,2023.0); (1932.0,2025.0); (1932.0,2028.0); (1931.0,2029.0); (1931.0,2035.0); (1932.0,2036.0); (1932.0,2060.0); (1931.0,2062.0); (1932.0,2065.0); (1934.0,2067.0); (1945.0,2068.0); (1946.0,2067.0); (1949.0,2067.0); (1952.0,2065.0); (1953.0,2063.0); (1953.0,2026.0); (1950.0,2023.0)","[[1938.0, 2022.0], [1937.0, 2023.0], [1934.0, 2023.0], [1932.0, 2025.0], [1932.0, 2028.0], [1931.0, 2029.0], [1931.0, 2035.0], [1932.0, 2036.0], [1932.0, 2060.0], [1931.0, 2062.0], [1932.0, 2065.0], [1934.0, 2067.0], [1945.0, 2068.0], [1946.0, 2067.0], [1949.0, 2067.0], [1952.0, 2065.0], [1953.0, 2063.0], [1953.0, 2026.0], [1950.0, 2023.0]]"
Arty_Bottom,341,R193,resistor,resistor R61,Resistor_SMD,Resistor_SMD:R_0805_2012Metric,1905,2024,1925,2065,0.855,16,"(1902.0,2022.0); (1901.0,2023.0); (1901.0,2064.0); (1905.0,2067.0); (1912.0,2067.0); (1913.0,2068.0); (1915.0,2067.0); (1923.0,2067.0); (1926.0,2065.0); (1926.0,2058.0); (1925.0,2057.0); (1925.0,2039.0); (1927.0,2033.0); (1926.0,2027.0); (1925.0,2025.0); (1921.0,2022.0)","[[1902.0, 2022.0], [1901.0, 2023.0], [1901.0, 2064.0], [1905.0, 2067.0], [1912.0, 2067.0], [1913.0, 2068.0], [1915.0, 2067.0], [1923.0, 2067.0], [1926.0, 2065.0], [1926.0, 2058.0], [1925.0, 2057.0], [1925.0, 2039.0], [1927.0, 2033.0], [1926.0, 2027.0], [1925.0, 2025.0], [1921.0, 2022.0]]"
Arty_Bottom,342,R194,resistor,resistor R60,Resistor_SMD,Resistor_SMD:R_0805_2012Metric,1902,2099,1922,2140,0.854,17,"(1901.0,2094.0); (1899.0,2095.0); (1897.0,2101.0); (1897.0,2138.0); (1900.0,2141.0); (1921.0,2141.0); (1924.0,2138.0); (1923.0,2131.0); (1922.0,2130.0); (1922.0,2122.0); (1921.0,2121.0); (1921.0,2108.0); (1922.0,2107.0); (1922.0,2099.0); (1923.0,2098.0); (1920.0,2096.0); (1907.0,2096.0)","[[1901.0, 2094.0], [1899.0, 2095.0], [1897.0, 2101.0], [1897.0, 2138.0], [1900.0, 2141.0], [1921.0, 2141.0], [1924.0, 2138.0], [1923.0, 2131.0], [1922.0, 2130.0], [1922.0, 2122.0], [1921.0, 2121.0], [1921.0, 2108.0], [1922.0, 2107.0], [1922.0, 2099.0], [1923.0, 2098.0], [1920.0, 2096.0], [1907.0, 2096.0]]"
Arty_Bottom,343,R195,resistor,resistor R56,Resistor_SMD,Resistor_SMD:R_0805_2012Metric,1928,2098,1947,2140,0.829,16,"(1938.0,2096.0); (1937.0,2097.0); (1931.0,2098.0); (1927.0,2105.0); (1928.0,2128.0); (1927.0,2129.0); (1927.0,2136.0); (1926.0,2138.0); (1929.0,2141.0); (1932.0,2142.0); (1941.0,2142.0); (1943.0,2143.0); (1950.0,2140.0); (1950.0,2102.0); (1948.0,2097.0); (1946.0,2096.0)","[[1938.0, 2096.0], [1937.0, 2097.0], [1931.0, 2098.0], [1927.0, 2105.0], [1928.0, 2128.0], [1927.0, 2129.0], [1927.0, 2136.0], [1926.0, 2138.0], [1929.0, 2141.0], [1932.0, 2142.0], [1941.0, 2142.0], [1943.0, 2143.0], [1950.0, 2140.0], [1950.0, 2102.0], [1948.0, 2097.0], [1946.0, 2096.0]]"
Arty_Bottom,344,Q3,transistor,transistor Q1,Package_TO_SOT_SMD,Package_TO_SOT_SMD:SOT-23,1982,1942,2051,2001,0.922,15,"(1982.0,1952.0); (1981.0,1989.0); (1985.0,1995.0); (1998.0,1996.0); (2006.0,2000.0); (2040.0,1999.0); (2045.0,1995.0); (2047.0,1989.0); (2048.0,1954.0); (2044.0,1949.0); (2034.0,1947.0); (2024.0,1941.0); (2006.0,1941.0); (1997.0,1947.0); (1986.0,1948.0)","[[1982.0, 1952.0], [1981.0, 1989.0], [1985.0, 1995.0], [1998.0, 1996.0], [2006.0, 2000.0], [2040.0, 1999.0], [2045.0, 1995.0], [2047.0, 1989.0], [2048.0, 1954.0], [2044.0, 1949.0], [2034.0, 1947.0], [2024.0, 1941.0], [2006.0, 1941.0], [1997.0, 1947.0], [1986.0, 1948.0]]"
Arty_Bottom,345,Q4,transistor,transistor Q2,Package_TO_SOT_SMD,Package_TO_SOT_SMD:SOT-23,1980,2015,2049,2074,0.93,17,"(1982.0,2025.0); (1980.0,2034.0); (1980.0,2064.0); (1983.0,2068.0); (1993.0,2069.0); (2006.0,2074.0); (2040.0,2073.0); (2044.0,2071.0); (2047.0,2062.0); (2048.0,2030.0); (2045.0,2026.0); (2032.0,2023.0); (2027.0,2018.0); (2022.0,2016.0); (2011.0,2015.0); (2002.0,2017.0); (1996.0,2022.0)","[[1982.0, 2025.0], [1980.0, 2034.0], [1980.0, 2064.0], [1983.0, 2068.0], [1993.0, 2069.0], [2006.0, 2074.0], [2040.0, 2073.0], [2044.0, 2071.0], [2047.0, 2062.0], [2048.0, 2030.0], [2045.0, 2026.0], [2032.0, 2023.0], [2027.0, 2018.0], [2022.0, 2016.0], [2011.0, 2015.0], [2002.0, 2017.0], [1996.0, 2022.0]]"
Arty_Bottom,346,Q5,transistor,transistor Q3,Package_TO_SOT_SMD,Package_TO_SOT_SMD:SOT-23,1981,2090,2050,2149,0.932,17,"(1981.0,2099.0); (1980.0,2135.0); (1984.0,2142.0); (1992.0,2143.0); (2006.0,2149.0); (2032.0,2149.0); (2038.0,2152.0); (2041.0,2151.0); (2045.0,2139.0); (2047.0,2108.0); (2043.0,2099.0); (2037.0,2098.0); (2027.0,2091.0); (2019.0,2089.0); (2003.0,2090.0); (1995.0,2096.0); (1984.0,2097.0)","[[1981.0, 2099.0], [1980.0, 2135.0], [1984.0, 2142.0], [1992.0, 2143.0], [2006.0, 2149.0], [2032.0, 2149.0], [2038.0, 2152.0], [2041.0, 2151.0], [2045.0, 2139.0], [2047.0, 2108.0], [2043.0, 2099.0], [2037.0, 2098.0], [2027.0, 2091.0], [2019.0, 2089.0], [2003.0, 2090.0], [1995.0, 2096.0], [1984.0, 2097.0]]"
Arty_Bottom,347,Q6,transistor,transistor Q4,Package_TO_SOT_SMD,Package_TO_SOT_SMD:SOT-23,2328,1946,2397,2005,0.933,15,"(2330.0,1954.0); (2329.0,1992.0); (2332.0,1996.0); (2344.0,1997.0); (2349.0,2002.0); (2354.0,2004.0); (2387.0,2003.0); (2390.0,2001.0); (2395.0,1988.0); (2395.0,1961.0); (2392.0,1954.0); (2372.0,1945.0); (2354.0,1945.0); (2343.0,1951.0); (2335.0,1951.0)","[[2330.0, 1954.0], [2329.0, 1992.0], [2332.0, 1996.0], [2344.0, 1997.0], [2349.0, 2002.0], [2354.0, 2004.0], [2387.0, 2003.0], [2390.0, 2001.0], [2395.0, 1988.0], [2395.0, 1961.0], [2392.0, 1954.0], [2372.0, 1945.0], [2354.0, 1945.0], [2343.0, 1951.0], [2335.0, 1951.0]]"
Arty_Bottom,348,Q7,transistor,transistor Q5,Package_TO_SOT_SMD,Package_TO_SOT_SMD:SOT-23,2328,2019,2397,2078,0.933,16,"(2328.0,2029.0); (2328.0,2067.0); (2331.0,2071.0); (2342.0,2072.0); (2354.0,2078.0); (2379.0,2077.0); (2387.0,2075.0); (2391.0,2071.0); (2393.0,2063.0); (2393.0,2030.0); (2391.0,2027.0); (2378.0,2024.0); (2368.0,2019.0); (2353.0,2019.0); (2343.0,2025.0); (2332.0,2026.0)","[[2328.0, 2029.0], [2328.0, 2067.0], [2331.0, 2071.0], [2342.0, 2072.0], [2354.0, 2078.0], [2379.0, 2077.0], [2387.0, 2075.0], [2391.0, 2071.0], [2393.0, 2063.0], [2393.0, 2030.0], [2391.0, 2027.0], [2378.0, 2024.0], [2368.0, 2019.0], [2353.0, 2019.0], [2343.0, 2025.0], [2332.0, 2026.0]]"
Arty_Bottom,349,Q8,transistor,transistor Q6,Package_TO_SOT_SMD,Package_TO_SOT_SMD:SOT-23,2327,2093,2396,2152,0.942,16,"(2329.0,2102.0); (2327.0,2106.0); (2327.0,2141.0); (2329.0,2144.0); (2334.0,2146.0); (2341.0,2146.0); (2352.0,2152.0); (2387.0,2153.0); (2391.0,2132.0); (2391.0,2105.0); (2389.0,2103.0); (2381.0,2101.0); (2372.0,2095.0); (2354.0,2093.0); (2342.0,2100.0); (2333.0,2100.0)","[[2329.0, 2102.0], [2327.0, 2106.0], [2327.0, 2141.0], [2329.0, 2144.0], [2334.0, 2146.0], [2341.0, 2146.0], [2352.0, 2152.0], [2387.0, 2153.0], [2391.0, 2132.0], [2391.0, 2105.0], [2389.0, 2103.0], [2381.0, 2101.0], [2372.0, 2095.0], [2354.0, 2093.0], [2342.0, 2100.0], [2333.0, 2100.0]]"
Arty_Bottom,350,R196,resistor,resistor R47,Resistor_SMD,Resistor_SMD:R_0805_2012Metric,2079,1951,2099,1994,0.839,14,"(2075.0,1946.0); (2075.0,1982.0); (2074.0,1983.0); (2075.0,1996.0); (2097.0,1997.0); (2099.0,1995.0); (2099.0,1991.0); (2100.0,1990.0); (2099.0,1980.0); (2098.0,1979.0); (2098.0,1966.0); (2099.0,1965.0); (2098.0,1949.0); (2096.0,1946.0)","[[2075.0, 1946.0], [2075.0, 1982.0], [2074.0, 1983.0], [2075.0, 1996.0], [2097.0, 1997.0], [2099.0, 1995.0], [2099.0, 1991.0], [2100.0, 1990.0], [2099.0, 1980.0], [2098.0, 1979.0], [2098.0, 1966.0], [2099.0, 1965.0], [2098.0, 1949.0], [2096.0, 1946.0]]"
Arty_Bottom,351,R197,resistor,resistor R59,Resistor_SMD,Resistor_SMD:R_0805_2012Metric,2106,1951,2126,1994,0.831,15,"(2108.0,1948.0); (2106.0,1953.0); (2106.0,1958.0); (2107.0,1959.0); (2106.0,1995.0); (2107.0,1997.0); (2127.0,1997.0); (2127.0,1990.0); (2128.0,1989.0); (2127.0,1974.0); (2128.0,1973.0); (2128.0,1959.0); (2129.0,1958.0); (2128.0,1950.0); (2126.0,1948.0)","[[2108.0, 1948.0], [2106.0, 1953.0], [2106.0, 1958.0], [2107.0, 1959.0], [2106.0, 1995.0], [2107.0, 1997.0], [2127.0, 1997.0], [2127.0, 1990.0], [2128.0, 1989.0], [2127.0, 1974.0], [2128.0, 1973.0], [2128.0, 1959.0], [2129.0, 1958.0], [2128.0, 1950.0], [2126.0, 1948.0]]"
Arty_Bottom,352,R198,resistor,resistor R58,Resistor_SMD,Resistor_SMD:R_0805_2012Metric,2104,2025,2124,2068,0.89,22,"(2126.0,2022.0); (2125.0,2023.0); (2120.0,2023.0); (2119.0,2024.0); (2107.0,2024.0); (2105.0,2026.0); (2105.0,2029.0); (2104.0,2030.0); (2104.0,2034.0); (2105.0,2035.0); (2105.0,2060.0); (2104.0,2063.0); (2105.0,2064.0); (2105.0,2067.0); (2107.0,2069.0); (2113.0,2069.0); (2114.0,2070.0); (2123.0,2069.0); (2126.0,2065.0); (2126.0,2055.0); (2127.0,2054.0); (2127.0,2023.0)","[[2126.0, 2022.0], [2125.0, 2023.0], [2120.0, 2023.0], [2119.0, 2024.0], [2107.0, 2024.0], [2105.0, 2026.0], [2105.0, 2029.0], [2104.0, 2030.0], [2104.0, 2034.0], [2105.0, 2035.0], [2105.0, 2060.0], [2104.0, 2063.0], [2105.0, 2064.0], [2105.0, 2067.0], [2107.0, 2069.0], [2113.0, 2069.0], [2114.0, 2070.0], [2123.0, 2069.0], [2126.0, 2065.0], [2126.0, 2055.0], [2127.0, 2054.0], [2127.0, 2023.0]]"
Arty_Bottom,353,R199,resistor,resistor R51,Resistor_SMD,Resistor_SMD:R_0805_2012Metric,2079,2025,2099,2068,0.905,16,"(2075.0,2022.0); (2074.0,2024.0); (2074.0,2036.0); (2075.0,2037.0); (2075.0,2068.0); (2076.0,2069.0); (2089.0,2069.0); (2090.0,2070.0); (2094.0,2070.0); (2096.0,2069.0); (2098.0,2066.0); (2097.0,2044.0); (2100.0,2034.0); (2100.0,2028.0); (2097.0,2024.0); (2078.0,2024.0)","[[2075.0, 2022.0], [2074.0, 2024.0], [2074.0, 2036.0], [2075.0, 2037.0], [2075.0, 2068.0], [2076.0, 2069.0], [2089.0, 2069.0], [2090.0, 2070.0], [2094.0, 2070.0], [2096.0, 2069.0], [2098.0, 2066.0], [2097.0, 2044.0], [2100.0, 2034.0], [2100.0, 2028.0], [2097.0, 2024.0], [2078.0, 2024.0]]"
Arty_Bottom,354,R200,resistor,resistor R55,Resistor_SMD,Resistor_SMD:R_0805_2012Metric,2078,2100,2098,2143,0.902,14,"(2075.0,2096.0); (2074.0,2097.0); (2074.0,2128.0); (2073.0,2129.0); (2073.0,2139.0); (2076.0,2143.0); (2079.0,2144.0); (2095.0,2144.0); (2099.0,2141.0); (2099.0,2114.0); (2098.0,2113.0); (2098.0,2100.0); (2097.0,2097.0); (2077.0,2097.0)","[[2075.0, 2096.0], [2074.0, 2097.0], [2074.0, 2128.0], [2073.0, 2129.0], [2073.0, 2139.0], [2076.0, 2143.0], [2079.0, 2144.0], [2095.0, 2144.0], [2099.0, 2141.0], [2099.0, 2114.0], [2098.0, 2113.0], [2098.0, 2100.0], [2097.0, 2097.0], [2077.0, 2097.0]]"
Arty_Bottom,355,R201,resistor,resistor R57,Resistor_SMD,Resistor_SMD:R_0805_2012Metric,2103,2100,2123,2143,0.891,17,"(2120.0,2097.0); (2107.0,2098.0); (2105.0,2100.0); (2104.0,2103.0); (2104.0,2135.0); (2103.0,2138.0); (2105.0,2143.0); (2107.0,2144.0); (2114.0,2144.0); (2115.0,2145.0); (2117.0,2144.0); (2123.0,2144.0); (2127.0,2141.0); (2127.0,2102.0); (2126.0,2101.0); (2126.0,2098.0); (2121.0,2098.0)","[[2120.0, 2097.0], [2107.0, 2098.0], [2105.0, 2100.0], [2104.0, 2103.0], [2104.0, 2135.0], [2103.0, 2138.0], [2105.0, 2143.0], [2107.0, 2144.0], [2114.0, 2144.0], [2115.0, 2145.0], [2117.0, 2144.0], [2123.0, 2144.0], [2127.0, 2141.0], [2127.0, 2102.0], [2126.0, 2101.0], [2126.0, 2098.0], [2121.0, 2098.0]]"
Arty_Bottom,356,R202,resistor,resistor R80,Resistor_SMD,Resistor_SMD:R_0805_2012Metric,2254,1954,2272,1995,0.809,20,"(2253.0,1950.0); (2249.0,1953.0); (2249.0,1962.0); (2250.0,1963.0); (2249.0,1997.0); (2262.0,1997.0); (2263.0,1998.0); (2272.0,1997.0); (2273.0,1996.0); (2273.0,1986.0); (2272.0,1985.0); (2272.0,1979.0); (2271.0,1978.0); (2271.0,1967.0); (2272.0,1966.0); (2272.0,1957.0); (2271.0,1954.0); (2268.0,1951.0); (2265.0,1951.0); (2264.0,1950.0)","[[2253.0, 1950.0], [2249.0, 1953.0], [2249.0, 1962.0], [2250.0, 1963.0], [2249.0, 1997.0], [2262.0, 1997.0], [2263.0, 1998.0], [2272.0, 1997.0], [2273.0, 1996.0], [2273.0, 1986.0], [2272.0, 1985.0], [2272.0, 1979.0], [2271.0, 1978.0], [2271.0, 1967.0], [2272.0, 1966.0], [2272.0, 1957.0], [2271.0, 1954.0], [2268.0, 1951.0], [2265.0, 1951.0], [2264.0, 1950.0]]"
Arty_Bottom,357,R203,resistor,resistor R66,Resistor_SMD,Resistor_SMD:R_0805_2012Metric,2278,1955,2299,1995,0.806,13,"(2282.0,1951.0); (2279.0,1954.0); (2279.0,1961.0); (2280.0,1962.0); (2279.0,1997.0); (2300.0,1997.0); (2301.0,1996.0); (2301.0,1965.0); (2302.0,1964.0); (2302.0,1954.0); (2299.0,1951.0); (2294.0,1951.0); (2293.0,1950.0)","[[2282.0, 1951.0], [2279.0, 1954.0], [2279.0, 1961.0], [2280.0, 1962.0], [2279.0, 1997.0], [2300.0, 1997.0], [2301.0, 1996.0], [2301.0, 1965.0], [2302.0, 1964.0], [2302.0, 1954.0], [2299.0, 1951.0], [2294.0, 1951.0], [2293.0, 1950.0]]"
Arty_Bottom,358,R204,resistor,resistor R79,Resistor_SMD,Resistor_SMD:R_0805_2012Metric,2252,2027,2274,2069,0.883,15,"(2249.0,2024.0); (2247.0,2027.0); (2247.0,2068.0); (2248.0,2069.0); (2248.0,2072.0); (2251.0,2072.0); (2252.0,2071.0); (2270.0,2071.0); (2273.0,2067.0); (2273.0,2039.0); (2275.0,2034.0); (2275.0,2029.0); (2272.0,2026.0); (2269.0,2025.0); (2252.0,2025.0)","[[2249.0, 2024.0], [2247.0, 2027.0], [2247.0, 2068.0], [2248.0, 2069.0], [2248.0, 2072.0], [2251.0, 2072.0], [2252.0, 2071.0], [2270.0, 2071.0], [2273.0, 2067.0], [2273.0, 2039.0], [2275.0, 2034.0], [2275.0, 2029.0], [2272.0, 2026.0], [2269.0, 2025.0], [2252.0, 2025.0]]"
Arty_Bottom,359,R205,resistor,resistor R70,Resistor_SMD,Resistor_SMD:R_0805_2012Metric,2277,2028,2298,2069,0.84,15,"(2296.0,2026.0); (2293.0,2025.0); (2281.0,2026.0); (2279.0,2027.0); (2277.0,2030.0); (2277.0,2036.0); (2278.0,2037.0); (2278.0,2056.0); (2277.0,2057.0); (2276.0,2064.0); (2279.0,2070.0); (2294.0,2070.0); (2297.0,2069.0); (2300.0,2066.0); (2300.0,2029.0)","[[2296.0, 2026.0], [2293.0, 2025.0], [2281.0, 2026.0], [2279.0, 2027.0], [2277.0, 2030.0], [2277.0, 2036.0], [2278.0, 2037.0], [2278.0, 2056.0], [2277.0, 2057.0], [2276.0, 2064.0], [2279.0, 2070.0], [2294.0, 2070.0], [2297.0, 2069.0], [2300.0, 2066.0], [2300.0, 2029.0]]"
Arty_Bottom,360,R206,resistor,resistor R78,Resistor_SMD,Resistor_SMD:R_0805_2012Metric,2251,2101,2272,2144,0.898,15,"(2248.0,2098.0); (2246.0,2100.0); (2246.0,2141.0); (2248.0,2146.0); (2264.0,2146.0); (2265.0,2147.0); (2268.0,2147.0); (2271.0,2145.0); (2272.0,2142.0); (2272.0,2111.0); (2273.0,2110.0); (2272.0,2104.0); (2268.0,2100.0); (2256.0,2100.0); (2255.0,2099.0)","[[2248.0, 2098.0], [2246.0, 2100.0], [2246.0, 2141.0], [2248.0, 2146.0], [2264.0, 2146.0], [2265.0, 2147.0], [2268.0, 2147.0], [2271.0, 2145.0], [2272.0, 2142.0], [2272.0, 2111.0], [2273.0, 2110.0], [2272.0, 2104.0], [2268.0, 2100.0], [2256.0, 2100.0], [2255.0, 2099.0]]"
Arty_Bottom,361,R207,resistor,resistor R74,Resistor_SMD,Resistor_SMD:R_0805_2012Metric,2277,2102,2298,2145,0.886,21,"(2281.0,2101.0); (2277.0,2104.0); (2276.0,2107.0); (2276.0,2113.0); (2277.0,2114.0); (2277.0,2130.0); (2276.0,2131.0); (2276.0,2137.0); (2275.0,2138.0); (2276.0,2139.0); (2276.0,2143.0); (2279.0,2147.0); (2297.0,2147.0); (2300.0,2145.0); (2300.0,2141.0); (2301.0,2140.0); (2301.0,2126.0); (2300.0,2125.0); (2301.0,2104.0); (2300.0,2101.0); (2297.0,2100.0)","[[2281.0, 2101.0], [2277.0, 2104.0], [2276.0, 2107.0], [2276.0, 2113.0], [2277.0, 2114.0], [2277.0, 2130.0], [2276.0, 2131.0], [2276.0, 2137.0], [2275.0, 2138.0], [2276.0, 2139.0], [2276.0, 2143.0], [2279.0, 2147.0], [2297.0, 2147.0], [2300.0, 2145.0], [2300.0, 2141.0], [2301.0, 2140.0], [2301.0, 2126.0], [2300.0, 2125.0], [2301.0, 2104.0], [2300.0, 2101.0], [2297.0, 2100.0]]"
Arty_Bottom,362,R208,resistor,resistor R65,Resistor_SMD,Resistor_SMD:R_0805_2012Metric,2427,1955,2448,1996,0.834,16,"(2422.0,1954.0); (2421.0,1997.0); (2423.0,1999.0); (2430.0,1999.0); (2431.0,2000.0); (2446.0,1999.0); (2452.0,1997.0); (2449.0,1994.0); (2448.0,1991.0); (2448.0,1985.0); (2446.0,1978.0); (2448.0,1956.0); (2446.0,1954.0); (2436.0,1953.0); (2435.0,1952.0); (2429.0,1952.0)","[[2422.0, 1954.0], [2421.0, 1997.0], [2423.0, 1999.0], [2430.0, 1999.0], [2431.0, 2000.0], [2446.0, 1999.0], [2452.0, 1997.0], [2449.0, 1994.0], [2448.0, 1991.0], [2448.0, 1985.0], [2446.0, 1978.0], [2448.0, 1956.0], [2446.0, 1954.0], [2436.0, 1953.0], [2435.0, 1952.0], [2429.0, 1952.0]]"
Arty_Bottom,363,R209,resistor,resistor R77,Resistor_SMD,Resistor_SMD:R_0805_2012Metric,2451,1955,2472,1998,0.8,13,"(2474.0,1953.0); (2455.0,1954.0); (2453.0,1956.0); (2453.0,1959.0); (2454.0,1960.0); (2453.0,1989.0); (2450.0,1998.0); (2457.0,2000.0); (2470.0,2000.0); (2475.0,1997.0); (2475.0,1965.0); (2476.0,1964.0); (2476.0,1955.0)","[[2474.0, 1953.0], [2455.0, 1954.0], [2453.0, 1956.0], [2453.0, 1959.0], [2454.0, 1960.0], [2453.0, 1989.0], [2450.0, 1998.0], [2457.0, 2000.0], [2470.0, 2000.0], [2475.0, 1997.0], [2475.0, 1965.0], [2476.0, 1964.0], [2476.0, 1955.0]]"
Arty_Bottom,364,R210,resistor,resistor R69,Resistor_SMD,Resistor_SMD:R_0805_2012Metric,2416,2029,2436,2071,0.879,13,"(2411.0,2022.0); (2410.0,2026.0); (2410.0,2067.0); (2411.0,2071.0); (2415.0,2073.0); (2431.0,2073.0); (2437.0,2067.0); (2437.0,2058.0); (2436.0,2057.0); (2437.0,2030.0); (2435.0,2028.0); (2428.0,2025.0); (2413.0,2024.0)","[[2411.0, 2022.0], [2410.0, 2026.0], [2410.0, 2067.0], [2411.0, 2071.0], [2415.0, 2073.0], [2431.0, 2073.0], [2437.0, 2067.0], [2437.0, 2058.0], [2436.0, 2057.0], [2437.0, 2030.0], [2435.0, 2028.0], [2428.0, 2025.0], [2413.0, 2024.0]]"
Arty_Bottom,365,R211,resistor,resistor R76,Resistor_SMD,Resistor_SMD:R_0805_2012Metric,2441,2030,2461,2072,0.827,20,"(2462.0,2026.0); (2460.0,2027.0); (2442.0,2027.0); (2440.0,2028.0); (2439.0,2030.0); (2440.0,2040.0); (2441.0,2041.0); (2441.0,2060.0); (2440.0,2061.0); (2440.0,2065.0); (2441.0,2066.0); (2441.0,2072.0); (2442.0,2073.0); (2462.0,2073.0); (2463.0,2071.0); (2463.0,2067.0); (2464.0,2066.0); (2464.0,2039.0); (2465.0,2038.0); (2465.0,2029.0)","[[2462.0, 2026.0], [2460.0, 2027.0], [2442.0, 2027.0], [2440.0, 2028.0], [2439.0, 2030.0], [2440.0, 2040.0], [2441.0, 2041.0], [2441.0, 2060.0], [2440.0, 2061.0], [2440.0, 2065.0], [2441.0, 2066.0], [2441.0, 2072.0], [2442.0, 2073.0], [2462.0, 2073.0], [2463.0, 2071.0], [2463.0, 2067.0], [2464.0, 2066.0], [2464.0, 2039.0], [2465.0, 2038.0], [2465.0, 2029.0]]"
Arty_Bottom,366,R212,resistor,resistor R73,Resistor_SMD,Resistor_SMD:R_0805_2012Metric,2416,2103,2435,2147,0.891,14,"(2411.0,2099.0); (2409.0,2106.0); (2409.0,2145.0); (2411.0,2149.0); (2433.0,2149.0); (2436.0,2146.0); (2437.0,2142.0); (2437.0,2123.0); (2436.0,2122.0); (2437.0,2104.0); (2435.0,2101.0); (2431.0,2099.0); (2424.0,2099.0); (2423.0,2098.0)","[[2411.0, 2099.0], [2409.0, 2106.0], [2409.0, 2145.0], [2411.0, 2149.0], [2433.0, 2149.0], [2436.0, 2146.0], [2437.0, 2142.0], [2437.0, 2123.0], [2436.0, 2122.0], [2437.0, 2104.0], [2435.0, 2101.0], [2431.0, 2099.0], [2424.0, 2099.0], [2423.0, 2098.0]]"
Arty_Bottom,367,R213,resistor,resistor R75,Resistor_SMD,Resistor_SMD:R_0805_2012Metric,2443,2103,2462,2147,0.863,19,"(2444.0,2099.0); (2441.0,2101.0); (2440.0,2105.0); (2440.0,2113.0); (2441.0,2114.0); (2440.0,2148.0); (2441.0,2149.0); (2464.0,2149.0); (2466.0,2146.0); (2466.0,2142.0); (2467.0,2141.0); (2467.0,2116.0); (2466.0,2115.0); (2466.0,2104.0); (2465.0,2101.0); (2463.0,2099.0); (2459.0,2099.0); (2458.0,2100.0); (2445.0,2100.0)","[[2444.0, 2099.0], [2441.0, 2101.0], [2440.0, 2105.0], [2440.0, 2113.0], [2441.0, 2114.0], [2440.0, 2148.0], [2441.0, 2149.0], [2464.0, 2149.0], [2466.0, 2146.0], [2466.0, 2142.0], [2467.0, 2141.0], [2467.0, 2116.0], [2466.0, 2115.0], [2466.0, 2104.0], [2465.0, 2101.0], [2463.0, 2099.0], [2459.0, 2099.0], [2458.0, 2100.0], [2445.0, 2100.0]]"
Arty_Bottom,368,Q9,transistor,transistor Q9,Package_TO_SOT_SMD,Package_TO_SOT_SMD:SOT-23,2596,1802,2677,1882,0.919,26,"(2604.0,1809.0); (2600.0,1813.0); (2599.0,1825.0); (2603.0,1829.0); (2616.0,1830.0); (2620.0,1847.0); (2614.0,1855.0); (2603.0,1854.0); (2599.0,1857.0); (2598.0,1870.0); (2604.0,1873.0); (2615.0,1873.0); (2627.0,1882.0); (2651.0,1881.0); (2654.0,1877.0); (2657.0,1849.0); (2660.0,1846.0); (2671.0,1849.0); (2674.0,1840.0); (2673.0,1835.0); (2660.0,1835.0); (2656.0,1831.0); (2654.0,1805.0); (2648.0,1802.0); (2634.0,1802.0); (2617.0,1808.0)","[[2604.0, 1809.0], [2600.0, 1813.0], [2599.0, 1825.0], [2603.0, 1829.0], [2616.0, 1830.0], [2620.0, 1847.0], [2614.0, 1855.0], [2603.0, 1854.0], [2599.0, 1857.0], [2598.0, 1870.0], [2604.0, 1873.0], [2615.0, 1873.0], [2627.0, 1882.0], [2651.0, 1881.0], [2654.0, 1877.0], [2657.0, 1849.0], [2660.0, 1846.0], [2671.0, 1849.0], [2674.0, 1840.0], [2673.0, 1835.0], [2660.0, 1835.0], [2656.0, 1831.0], [2654.0, 1805.0], [2648.0, 1802.0], [2634.0, 1802.0], [2617.0, 1808.0]]"
Arty_Bottom,369,R214,resistor,resistor R252,Resistor_SMD,Resistor_SMD:R_0805_2012Metric,2565,1809,2587,1851,0.923,14,"(2563.0,1804.0); (2561.0,1808.0); (2561.0,1820.0); (2560.0,1821.0); (2560.0,1849.0); (2562.0,1852.0); (2569.0,1854.0); (2586.0,1854.0); (2588.0,1853.0); (2590.0,1848.0); (2590.0,1812.0); (2589.0,1811.0); (2589.0,1805.0); (2584.0,1803.0)","[[2563.0, 1804.0], [2561.0, 1808.0], [2561.0, 1820.0], [2560.0, 1821.0], [2560.0, 1849.0], [2562.0, 1852.0], [2569.0, 1854.0], [2586.0, 1854.0], [2588.0, 1853.0], [2590.0, 1848.0], [2590.0, 1812.0], [2589.0, 1811.0], [2589.0, 1805.0], [2584.0, 1803.0]]"
Arty_Bottom,370,U10,ic,ic IC15,Package_SO,Package_SO:SOIC-8_3.9x4.9mm_P1.27mm,1375,1749,1446,1812,0.911,18,"(1380.0,1751.0); (1376.0,1765.0); (1376.0,1795.0); (1379.0,1801.0); (1389.0,1803.0); (1397.0,1808.0); (1409.0,1810.0); (1422.0,1809.0); (1440.0,1801.0); (1443.0,1785.0); (1443.0,1762.0); (1439.0,1758.0); (1430.0,1756.0); (1422.0,1750.0); (1414.0,1747.0); (1401.0,1746.0); (1392.0,1750.0); (1382.0,1749.0)","[[1380.0, 1751.0], [1376.0, 1765.0], [1376.0, 1795.0], [1379.0, 1801.0], [1389.0, 1803.0], [1397.0, 1808.0], [1409.0, 1810.0], [1422.0, 1809.0], [1440.0, 1801.0], [1443.0, 1785.0], [1443.0, 1762.0], [1439.0, 1758.0], [1430.0, 1756.0], [1422.0, 1750.0], [1414.0, 1747.0], [1401.0, 1746.0], [1392.0, 1750.0], [1382.0, 1749.0]]"
Arty_Bottom,371,R215,resistor,resistor R278,Resistor_SMD,Resistor_SMD:R_0805_2012Metric,2304,1735,2325,1777,0.93,13,"(2302.0,1731.0); (2299.0,1736.0); (2299.0,1755.0); (2300.0,1756.0); (2300.0,1773.0); (2301.0,1777.0); (2305.0,1781.0); (2314.0,1781.0); (2315.0,1782.0); (2327.0,1781.0); (2329.0,1776.0); (2329.0,1736.0); (2325.0,1731.0)","[[2302.0, 1731.0], [2299.0, 1736.0], [2299.0, 1755.0], [2300.0, 1756.0], [2300.0, 1773.0], [2301.0, 1777.0], [2305.0, 1781.0], [2314.0, 1781.0], [2315.0, 1782.0], [2327.0, 1781.0], [2329.0, 1776.0], [2329.0, 1736.0], [2325.0, 1731.0]]"
Arty_Bottom,372,R216,resistor,resistor R257,Resistor_SMD,Resistor_SMD:R_0805_2012Metric,2330,1794,2349,1835,0.881,16,"(2345.0,1792.0); (2334.0,1793.0); (2332.0,1795.0); (2332.0,1797.0); (2331.0,1798.0); (2331.0,1834.0); (2335.0,1837.0); (2346.0,1836.0); (2349.0,1834.0); (2349.0,1831.0); (2350.0,1830.0); (2350.0,1822.0); (2349.0,1821.0); (2349.0,1817.0); (2348.0,1816.0); (2348.0,1796.0)","[[2345.0, 1792.0], [2334.0, 1793.0], [2332.0, 1795.0], [2332.0, 1797.0], [2331.0, 1798.0], [2331.0, 1834.0], [2335.0, 1837.0], [2346.0, 1836.0], [2349.0, 1834.0], [2349.0, 1831.0], [2350.0, 1830.0], [2350.0, 1822.0], [2349.0, 1821.0], [2349.0, 1817.0], [2348.0, 1816.0], [2348.0, 1796.0]]"
Arty_Bottom,373,R217,resistor,resistor R255,Resistor_SMD,Resistor_SMD:R_0805_2012Metric,2355,1793,2374,1834,0.891,12,"(2356.0,1791.0); (2355.0,1792.0); (2355.0,1835.0); (2359.0,1837.0); (2371.0,1837.0); (2372.0,1836.0); (2375.0,1836.0); (2377.0,1830.0); (2377.0,1792.0); (2376.0,1790.0); (2362.0,1790.0); (2361.0,1791.0)","[[2356.0, 1791.0], [2355.0, 1792.0], [2355.0, 1835.0], [2359.0, 1837.0], [2371.0, 1837.0], [2372.0, 1836.0], [2375.0, 1836.0], [2377.0, 1830.0], [2377.0, 1792.0], [2376.0, 1790.0], [2362.0, 1790.0], [2361.0, 1791.0]]"
Arty_Bottom,374,U11,component,"""component text"" R005",Generic_Component,Package_SO:SOIC-8_3.9x4.9mm_P1.27mm,2381,1453,2425,1480,0.908,23,"(2428.0,1453.0); (2421.0,1449.0); (2412.0,1449.0); (2411.0,1448.0); (2401.0,1449.0); (2400.0,1450.0); (2393.0,1450.0); (2392.0,1449.0); (2387.0,1450.0); (2383.0,1454.0); (2382.0,1457.0); (2383.0,1460.0); (2383.0,1471.0); (2385.0,1480.0); (2389.0,1483.0); (2395.0,1483.0); (2400.0,1485.0); (2408.0,1485.0); (2409.0,1484.0); (2421.0,1483.0); (2427.0,1481.0); (2429.0,1478.0); (2429.0,1455.0)","[[2428.0, 1453.0], [2421.0, 1449.0], [2412.0, 1449.0], [2411.0, 1448.0], [2401.0, 1449.0], [2400.0, 1450.0], [2393.0, 1450.0], [2392.0, 1449.0], [2387.0, 1450.0], [2383.0, 1454.0], [2382.0, 1457.0], [2383.0, 1460.0], [2383.0, 1471.0], [2385.0, 1480.0], [2389.0, 1483.0], [2395.0, 1483.0], [2400.0, 1485.0], [2408.0, 1485.0], [2409.0, 1484.0], [2421.0, 1483.0], [2427.0, 1481.0], [2429.0, 1478.0], [2429.0, 1455.0]]"
Arty_Bottom,375,U12,component,"""component text"" ""PE9AH FDS 9926A""",Generic_Component,Package_SO:SOIC-8_3.9x4.9mm_P1.27mm,1582,1609,1645,1702,0.878,18,"(1585.0,1602.0); (1579.0,1609.0); (1575.0,1642.0); (1576.0,1675.0); (1579.0,1681.0); (1576.0,1697.0); (1579.0,1704.0); (1587.0,1709.0); (1605.0,1711.0); (1649.0,1708.0); (1651.0,1703.0); (1647.0,1692.0); (1652.0,1671.0); (1649.0,1623.0); (1645.0,1604.0); (1640.0,1599.0); (1628.0,1601.0); (1620.0,1596.0)","[[1585.0, 1602.0], [1579.0, 1609.0], [1575.0, 1642.0], [1576.0, 1675.0], [1579.0, 1681.0], [1576.0, 1697.0], [1579.0, 1704.0], [1587.0, 1709.0], [1605.0, 1711.0], [1649.0, 1708.0], [1651.0, 1703.0], [1647.0, 1692.0], [1652.0, 1671.0], [1649.0, 1623.0], [1645.0, 1604.0], [1640.0, 1599.0], [1628.0, 1601.0], [1620.0, 1596.0]]"
